{"type": "FeatureCollection", "features": [{"type": "Feature", "geometry": {"type": "MultiPolygon", "coordinates": [[[[113.92402648925793, 22.15708351135254], [113.9231948852539, 22.15708351135254], [113.9231948852539, 22.15680694580078], [113.92292022705124, 22.15680694580078], [113.92292022705124, 22.156248092651595], [113.92263793945312, 22.156248092651595], [113.92263793945312, 22.15597152709961], [113.92208099365234, 22.15597152709961], [113.92208099365234, 22.155696868896598], [113.92180633544922, 22.155696868896598], [113.92180633544922, 22.155136108398438], [113.92152404785179, 22.155136108398438], [113.92152404785179, 22.153749465942496], [113.92208099365234, 22.153749465942496], [113.92208099365234, 22.15319442749029], [113.9231948852539, 22.15319442749029], [113.9231948852539, 22.153472900390682], [113.92346954345726, 22.153472900390682], [113.92346954345726, 22.153749465942496], [113.92375183105503, 22.153749465942496], [113.92375183105503, 22.154582977295036], [113.92430877685558, 22.154582977295036], [113.92430877685558, 22.15597152709961], [113.92402648925793, 22.15597152709961], [113.92402648925793, 22.15708351135254]]], [[[114.25180816650425, 22.1612491607666], [114.25152587890648, 22.1612491607666], [114.25152587890648, 22.161527633666992], [114.25041961669933, 22.161527633666992], [114.25041961669933, 22.160972595214957], [114.25013732910156, 22.160972595214957], [114.25013732910156, 22.160694122314567], [114.24958038330078, 22.160694122314567], [114.24958038330078, 22.16041755676281], [114.2494888305664, 22.16041755676281], [114.24903106689464, 22.16041755676281], [114.24903106689464, 22.159584045410213], [114.2509689331057, 22.159584045410213], [114.2509689331057, 22.159860610962028], [114.25152587890648, 22.159860610962028], [114.25152587890648, 22.16013908386242], [114.25180816650425, 22.16013908386242], [114.25180816650425, 22.1612491607666]]], [[[113.91208648681652, 22.170972824096737], [113.91069793701195, 22.170972824096737], [113.91069793701195, 22.170694351196346], [113.91014099121139, 22.170694351196346], [113.91014099121139, 22.17013740539562], [113.90958404541027, 22.17013740539562], [113.90958404541027, 22.169860839843977], [113.90902709960938, 22.169860839843977], [113.90902709960938, 22.169307708740234], [113.90875244140648, 22.169307708740234], [113.90875244140648, 22.16708374023449], [113.90847015380871, 22.16708374023449], [113.90849304199253, 22.166805267333928], [113.90875244140648, 22.166805267333928], [113.90875244140648, 22.16652870178234], [113.9093017578125, 22.16652870178234], [113.9093017578125, 22.16625022888195], [113.90958404541027, 22.16625022888195], [113.90958404541027, 22.164861679077376], [113.9093017578125, 22.164861679077376], [113.9093017578125, 22.164583206176815], [113.90875244140648, 22.164583206176815], [113.90875244140648, 22.164028167724837], [113.90819549560558, 22.164028167724837], [113.90819549560558, 22.163749694824446], [113.90791320800815, 22.163749694824446], [113.90791320800815, 22.16347312927246], [113.90763854980491, 22.16347312927246], [113.90763854980491, 22.164028167724837], [113.90708160400436, 22.164028167724837], [113.90708160400436, 22.163749694824446], [113.90680694580078, 22.163749694824446], [113.90680694580078, 22.16319465637207], [113.90652465820324, 22.16319465637207], [113.90652465820324, 22.16236114501953], [113.90541839599621, 22.16236114501953], [113.90541839599621, 22.16291618347168], [113.90513610839855, 22.16291618347168], [113.90513610839855, 22.16308212280296], [113.90513610839855, 22.16347312927246], [113.90486145019565, 22.16347312927246], [113.90486145019565, 22.163749694824446], [113.90325927734398, 22.163749694824446], [113.90291595458984, 22.163749694824446], [113.90291595458984, 22.16347312927246], [113.9018020629884, 22.16347312927246], [113.9018020629884, 22.16319465637207], [113.9009704589846, 22.16319465637207], [113.9009704589846, 22.162639617919922], [113.90069580078125, 22.162639617919922], [113.90069580078125, 22.16236114501953], [113.89986419677734, 22.16236114501953], [113.89986419677734, 22.16208267211931], [113.89958190917969, 22.16208267211931], [113.89958190917969, 22.1612491607666], [113.89930725097668, 22.1612491607666], [113.89930725097668, 22.160694122314567], [113.89902496337913, 22.160694122314567], [113.89902496337913, 22.16041755676281], [113.8987503051759, 22.16041755676281], [113.89876556396518, 22.15902709960949], [113.89902496337913, 22.15902709960949], [113.89902496337913, 22.158897399902287], [113.89902496337913, 22.158750534057845], [113.89930725097668, 22.158750534057845], [113.89930725097668, 22.158472061157454], [113.89957427978516, 22.158472061157454], [113.90013885498047, 22.158472061157454], [113.90013885498047, 22.157909393310547], [113.90013885498047, 22.15764045715332], [113.90040588378952, 22.15764045715332], [113.90125274658203, 22.15764045715332], [113.90125274658203, 22.15708351135254], [113.90208435058605, 22.15708351135254], [113.90208435058605, 22.15680694580078], [113.90235900878918, 22.15680694580078], [113.90235900878918, 22.156248092651595], [113.90264129638695, 22.156248092651595], [113.90264129638695, 22.15597152709961], [113.90374755859375, 22.15597152709961], [113.90374755859375, 22.156248092651595], [113.90430450439453, 22.156248092651595], [113.90430450439453, 22.15680694580078], [113.90569305419945, 22.15680694580078], [113.90569305419945, 22.15708351135254], [113.90597534179688, 22.15708351135254], [113.90597534179688, 22.15791893005371], [113.90625, 22.15791893005371], [113.90625, 22.158193588256893], [113.90736389160156, 22.158193588256893], [113.90736389160156, 22.15791893005371], [113.90791320800815, 22.15791893005371], [113.90791320800815, 22.158193588256893], [113.90847015380871, 22.158193588256893], [113.90847015380871, 22.158472061157454], [113.90902709960938, 22.158472061157454], [113.90902709960938, 22.158750534057845], [113.90985870361328, 22.158750534057845], [113.90985870361328, 22.158472061157454], [113.91041564941406, 22.158472061157454], [113.91041564941406, 22.15791893005371], [113.91180419921898, 22.15791893005371], [113.91180419921898, 22.158472061157454], [113.91208648681652, 22.158472061157454], [113.91208648681652, 22.15902709960949], [113.91236114501953, 22.15902709960949], [113.91236114501953, 22.159584045410213], [113.91374969482445, 22.159584045410213], [113.91374969482445, 22.159860610962028], [113.91430664062523, 22.159860610962028], [113.91430664062523, 22.159584045410213], [113.9148635864259, 22.159584045410213], [113.9148635864259, 22.159305572509822], [113.91513824462902, 22.159305572509822], [113.91513824462902, 22.15902709960949], [113.91569519042969, 22.15902709960949], [113.91569519042969, 22.159305572509822], [113.91596984863281, 22.159305572509822], [113.91596984863281, 22.159584045410213], [113.91625213623058, 22.159584045410213], [113.91625213623058, 22.16013908386242], [113.91596984863281, 22.16013908386242], [113.91596984863281, 22.16041755676281], [113.91569519042969, 22.16041755676281], [113.91569519042969, 22.160694122314567], [113.91513824462902, 22.160694122314567], [113.91513824462902, 22.161527633666992], [113.9148635864259, 22.161527633666992], [113.9148635864259, 22.16291618347168], [113.91458129882824, 22.16291618347168], [113.91458129882824, 22.16319465637207], [113.91319274902389, 22.16319465637207], [113.91319274902389, 22.16541671752941], [113.91291809082031, 22.16541671752941], [113.91291809082031, 22.16597175598173], [113.9134750366211, 22.16597175598173], [113.9134750366211, 22.16625022888195], [113.91569519042969, 22.16625022888195], [113.91569519042969, 22.16652870178234], [113.91625213623058, 22.16652870178234], [113.91625213623058, 22.16708374023449], [113.9165267944336, 22.16708374023449], [113.9165267944336, 22.168472290039233], [113.91625213623058, 22.168472290039233], [113.91625213623058, 22.168750762939453], [113.91541290283203, 22.168750762939453], [113.91541290283203, 22.169025421142635], [113.91513824462902, 22.169025421142635], [113.91513824462902, 22.169307708740234], [113.9134750366211, 22.169307708740234], [113.9134750366211, 22.169025421142635], [113.91263580322277, 22.169025421142635], [113.91263580322277, 22.169584274291992], [113.91236114501953, 22.169584274291992], [113.91236114501953, 22.17013740539562], [113.91208648681652, 22.17013740539562], [113.91208648681652, 22.170972824096737]]], [[[113.9018020629884, 22.173471450805664], [113.90125274658203, 22.173471450805664], [113.90121459960949, 22.17291641235346], [113.9009704589846, 22.17291641235346], [113.9009704589846, 22.172641754150447], [113.89986419677734, 22.17263984680187], [113.89985656738293, 22.17236137390165], [113.8987503051759, 22.17236137390165], [113.8987503051759, 22.17208290100109], [113.89763641357422, 22.17208290100109], [113.89763641357422, 22.171806335449332], [113.89736175537155, 22.171806335449332], [113.89736175537155, 22.17152976989769], [113.89763641357422, 22.17152976989769], [113.89763641357422, 22.171247482299748], [113.89819335937534, 22.171247482299748], [113.89819335937534, 22.170694351196346], [113.89958190917969, 22.170694351196346], [113.89958190917969, 22.171247482299748], [113.89986419677734, 22.171247482299748], [113.89986419677734, 22.171806335449332], [113.90069580078125, 22.171806335449332], [113.90069580078125, 22.171247482299748], [113.9018020629884, 22.171247482299748], [113.9018020629884, 22.17152976989769], [113.90208435058605, 22.17152976989769], [113.90208435058605, 22.171806335449332], [113.90235900878918, 22.171806335449332], [113.90235900878918, 22.17319488525385], [113.9018020629884, 22.17319488525385], [113.9018020629884, 22.173471450805664]]], [[[113.90541839599621, 22.175693511962947], [113.90486145019565, 22.175693511962947], [113.90486145019565, 22.17541694641136], [113.90458679199241, 22.17541694641136], [113.90458679199241, 22.17513847351097], [113.90430450439453, 22.17513847351097], [113.90430450439453, 22.174583435058594], [113.90374755859375, 22.174583435058594], [113.90374755859375, 22.1737518310548], [113.90402984619186, 22.1737518310548], [113.90402984619186, 22.17319488525385], [113.90458679199241, 22.17319488525385], [113.90458679199241, 22.17291641235346], [113.90513610839855, 22.17291641235346], [113.90513610839855, 22.17263984680187], [113.90569305419945, 22.172641754150447], [113.90569305419945, 22.17291641235346], [113.90597534179688, 22.17294692993164], [113.90597534179688, 22.1737518310548], [113.90541839599621, 22.1737518310548], [113.90541839599621, 22.174861907959155], [113.90569305419945, 22.174861907959155], [113.90569305419945, 22.17541694641136], [113.90541839599621, 22.17541694641136], [113.90541839599621, 22.175693511962947]]], [[[113.92375183105503, 22.18041419982916], [113.9231948852539, 22.18041419982916], [113.92318725585938, 22.180139541625977], [113.92292022705124, 22.180139541625977], [113.92292022705124, 22.179582595825366], [113.9231948852539, 22.179582595825366], [113.92324066162132, 22.179027557373047], [113.92346954345726, 22.179027557373047], [113.92346954345726, 22.178192138671875], [113.92375183105503, 22.178192138671875], [113.92375183105503, 22.177917480468864], [113.92402648925793, 22.177917480468864], [113.92402648925793, 22.177639007568473], [113.92458343505882, 22.177639007568473], [113.92458343505882, 22.177360534668082], [113.92485809326172, 22.177360534668082], [113.92485809326172, 22.177082061767862], [113.92597198486374, 22.177082061767862], [113.92597198486374, 22.177639007568473], [113.9262466430664, 22.177639007568473], [113.9262466430664, 22.178192138671875], [113.92569732666016, 22.178192138671875], [113.92569732666016, 22.178472518921012], [113.92541503906261, 22.178472518921012], [113.92540740966808, 22.178749084472656], [113.92514038085938, 22.178750991821573], [113.92514038085938, 22.179027557373047], [113.92458343505882, 22.179027557373047], [113.92458343505882, 22.179582595825366], [113.92402648925793, 22.179582595825366], [113.92402648925793, 22.180139541625977], [113.92375183105503, 22.180139541625977], [113.92375183105503, 22.18041419982916]]], [[[114.25180816650425, 22.1612491607666], [114.25402832031295, 22.1612491607666], [114.25402832031295, 22.160972595214957], [114.25569152832054, 22.160972595214957], [114.25569152832054, 22.160694122314567], [114.25653076171886, 22.160694122314567], [114.25653076171886, 22.16041755676281], [114.25708007812545, 22.16041755676281], [114.25708007812545, 22.16013908386242], [114.25763702392601, 22.16013908386242], [114.25763702392601, 22.159860610962028], [114.25791931152378, 22.159860610962028], [114.25791931152378, 22.15902709960949], [114.25763702392601, 22.15902709960949], [114.25763702392601, 22.158750534057845], [114.25736236572266, 22.158750534057845], [114.25736236572266, 22.158472061157454], [114.25708007812545, 22.158472061157454], [114.25708007812545, 22.158193588256893], [114.25680541992188, 22.158193588256893], [114.25680541992188, 22.15791893005371], [114.25653076171886, 22.15791893005371], [114.25653076171886, 22.15772819519043], [114.25653076171886, 22.1573619842531], [114.2562484741211, 22.1573619842531], [114.2562484741211, 22.15708351135254], [114.25597381591797, 22.15708351135254], [114.25597381591797, 22.156526565551758], [114.25569152832054, 22.156526565551758], [114.25569152832054, 22.15597152709961], [114.2554168701173, 22.15597152709961], [114.2554168701173, 22.155418395996207], [114.25569152832054, 22.155418395996207], [114.25569152832054, 22.155136108398438], [114.25653076171886, 22.155136108398438], [114.25653076171886, 22.155418395996207], [114.25708007812545, 22.155418395996207], [114.25708007812545, 22.155696868896598], [114.25791931152378, 22.155696868896598], [114.25791931152378, 22.15597152709961], [114.25875091552757, 22.15597152709961], [114.25875091552757, 22.156248092651595], [114.25902557373047, 22.156248092651595], [114.25902557373047, 22.156526565551758], [114.25930786132812, 22.156526565551758], [114.25930786132812, 22.15680694580078], [114.2598648071289, 22.15680694580078], [114.2598648071289, 22.1573619842531], [114.26013946533249, 22.1573619842531], [114.26013946533249, 22.15764045715332], [114.26041412353516, 22.15764045715332], [114.26041412353516, 22.15791893005371], [114.26097106933628, 22.15791893005371], [114.26097106933628, 22.158193588256893], [114.26125335693382, 22.158193588256893], [114.26125335693382, 22.158472061157454], [114.26152801513683, 22.158472061157454], [114.26152801513683, 22.15902709960949], [114.26180267334007, 22.15902709960949], [114.26180267334007, 22.159584045410213], [114.26152801513683, 22.159584045410213], [114.26152801513683, 22.160694122314567], [114.26180267334007, 22.160694122314567], [114.26180267334007, 22.160972595214957], [114.26208496093761, 22.160972595214957], [114.26208496093761, 22.1612491607666], [114.26235961914062, 22.1612491607666], [114.26235961914062, 22.161527633666992], [114.26264190673828, 22.161527633666992], [114.26264190673828, 22.161806106567326], [114.2629165649414, 22.161806106567326], [114.2629165649414, 22.16208267211931], [114.26319122314499, 22.16208267211931], [114.26319122314499, 22.16236114501953], [114.26374816894554, 22.16236114501953], [114.26374816894554, 22.162639617919922], [114.26403045654297, 22.162639617919922], [114.26403045654297, 22.16347312927246], [114.26430511474632, 22.16347312927246], [114.26430511474632, 22.163749694824446], [114.26457977294933, 22.163749694824446], [114.26457977294933, 22.164028167724837], [114.26486206054699, 22.164028167724837], [114.26486206054699, 22.164304733276424], [114.26569366455078, 22.164304733276424], [114.26569366455078, 22.164028167724837], [114.26597595214844, 22.164028167724837], [114.26597595214844, 22.16291618347168], [114.26625061035168, 22.16291618347168], [114.26625061035168, 22.16236114501953], [114.26763916015659, 22.16236114501953], [114.26763916015659, 22.162639617919922], [114.26875305175781, 22.162639617919922], [114.26875305175781, 22.16236114501953], [114.26930236816418, 22.16236114501953], [114.26930236816418, 22.16208267211931], [114.27041625976585, 22.16208267211931], [114.27041625976585, 22.161806106567326], [114.27097320556652, 22.161806106567326], [114.27097320556652, 22.16208267211931], [114.27347564697288, 22.16208267211931], [114.27347564697288, 22.16236114501953], [114.27458190917991, 22.16236114501953], [114.27458190917991, 22.162639617919922], [114.27486419677746, 22.162639617919922], [114.27486419677746, 22.164028167724837], [114.27458190917991, 22.164028167724837], [114.27458190917991, 22.16541671752941], [114.27430725097668, 22.16541671752941], [114.27430725097668, 22.16597175598173], [114.27402496337902, 22.16597175598173], [114.27402496337902, 22.16625022888195], [114.27375030517612, 22.16625022888195], [114.27375030517612, 22.16652870178234], [114.27347564697288, 22.16652870178234], [114.27347564697288, 22.167638778686523], [114.273193359375, 22.167638778686523], [114.273193359375, 22.168033599853743], [114.273193359375, 22.168193817138672], [114.27263641357422, 22.168193817138672], [114.27263641357422, 22.168472290039233], [114.27236175537121, 22.168472290039233], [114.27236175537121, 22.169025421142635], [114.27208709716797, 22.169025421142635], [114.27208709716797, 22.169359207153377], [114.27208709716797, 22.170694351196346], [114.27236175537121, 22.170694351196346], [114.27236175537121, 22.170972824096737], [114.27263641357422, 22.170972824096737], [114.27263641357422, 22.171247482299748], [114.27291870117233, 22.171247482299748], [114.27291870117233, 22.17152976989769], [114.273193359375, 22.17152976989769], [114.273193359375, 22.17319488525385], [114.27263641357422, 22.17319488525385], [114.27263641357422, 22.174028396606445], [114.27236175537121, 22.174028396606445], [114.27236175537121, 22.17527770996105], [114.27236175537121, 22.175693511962947], [114.27208709716797, 22.175695419311523], [114.27208709716797, 22.175973892211914], [114.27180480957031, 22.175973892211914], [114.27180480957031, 22.17611122131342], [114.27180480957031, 22.176527023315543], [114.27153015136741, 22.176527023315543], [114.27153015136741, 22.176805496215877], [114.27097320556652, 22.176805496215877], [114.27097320556652, 22.177082061767862], [114.27041625976585, 22.177082061767862], [114.27041625976585, 22.177360534668082], [114.2701416015625, 22.177360534668082], [114.2701416015625, 22.177639007568473], [114.26958465576172, 22.177639007568473], [114.26958465576172, 22.177917480468864], [114.26875305175781, 22.177917480468864], [114.26875305175781, 22.178192138671875], [114.26847076416038, 22.178192138671875], [114.26847076416038, 22.178472518921012], [114.26791381835949, 22.178472518921012], [114.26791381835949, 22.178749084472656], [114.26763916015659, 22.178749084472656], [114.26763916015659, 22.179027557373047], [114.26736450195335, 22.179027557373047], [114.26736450195335, 22.179861068725586], [114.26708221435547, 22.179861068725586], [114.26708221435547, 22.18041419982916], [114.2668075561528, 22.18041419982916], [114.2668075561528, 22.180694580078125], [114.26625061035168, 22.180694580078125], [114.26625061035168, 22.18041419982916], [114.26597595214844, 22.18041419982916], [114.26597595214844, 22.180139541625977], [114.26457977294933, 22.180139541625977], [114.26457977294933, 22.179861068725586], [114.26403045654297, 22.179861068725586], [114.26403045654297, 22.179304122924805], [114.26374816894554, 22.179304122924805], [114.26374816894554, 22.177360534668082], [114.26264190673828, 22.177360534668082], [114.26264190673828, 22.177082061767862], [114.26125335693382, 22.177082061767862], [114.26125335693382, 22.176805496215877], [114.25958251953136, 22.176805496215877], [114.25958251953136, 22.176527023315543], [114.25875091552757, 22.176527023315543], [114.25875091552757, 22.1762504577639], [114.25791931152378, 22.1762504577639], [114.25791931152378, 22.175973892211914], [114.25708007812545, 22.175973892211914], [114.25708007812545, 22.175695419311523], [114.25680541992188, 22.175693511962947], [114.25680541992188, 22.17541694641136], [114.25653076171886, 22.17541694641136], [114.25653076171886, 22.17513847351097], [114.2562484741211, 22.17513847351097], [114.2562484741211, 22.174861907959155], [114.25597381591797, 22.174861907959155], [114.25597381591797, 22.174583435058594], [114.25569152832054, 22.174583435058594], [114.25569152832054, 22.174304962158203], [114.2554168701173, 22.174304962158203], [114.2554168701173, 22.174028396606445], [114.25514221191418, 22.174028396606445], [114.25514221191418, 22.1737518310548], [114.25485992431675, 22.1737518310548], [114.25485992431675, 22.173471450805664], [114.25458526611351, 22.173471450805664], [114.25458526611351, 22.17319488525385], [114.25430297851562, 22.17319488525385], [114.25430297851562, 22.17291641235346], [114.254150390625, 22.17291641235346], [114.25402832031295, 22.17291641235346], [114.25402832031295, 22.172641754150447], [114.25391387939487, 22.172641754150447], [114.25375366210938, 22.17263984680187], [114.25375366210938, 22.17236137390165], [114.25347137451183, 22.17236137390165], [114.25347137451183, 22.17208290100109], [114.2531967163086, 22.17208290100109], [114.2531967163086, 22.171806335449332], [114.25291442871094, 22.171806335449332], [114.25291442871094, 22.17152976989769], [114.25263977050804, 22.17152976989769], [114.25263977050804, 22.170972824096737], [114.25235748291027, 22.170972824096737], [114.25235748291027, 22.170694351196346], [114.25208282470714, 22.170694351196346], [114.25208282470714, 22.17013740539562], [114.25180816650425, 22.17013740539562], [114.25180816650425, 22.16945648193382], [114.25180816650425, 22.169025421142635], [114.25152587890648, 22.169025421142635], [114.25152587890648, 22.168750762939453], [114.25180816650425, 22.168750762939453], [114.25180816650425, 22.168472290039233], [114.25125122070312, 22.168472290039233], [114.25125122070312, 22.168193817138672], [114.2509689331057, 22.168193817138672], [114.2509689331057, 22.16791534423828], [114.25069427490234, 22.16791534423828], [114.25069427490234, 22.167360305786133], [114.25041961669933, 22.167360305786133], [114.25041961669933, 22.166805267333928], [114.25013732910156, 22.166805267333928], [114.25013732910156, 22.16625022888195], [114.24986267089844, 22.16625022888195], [114.24986267089844, 22.16513824462902], [114.25013732910156, 22.16513824462902], [114.25013732910156, 22.164861679077376], [114.25041961669933, 22.164861679077376], [114.25041961669933, 22.164304733276424], [114.2509689331057, 22.164304733276424], [114.2509689331057, 22.164028167724837], [114.25152587890648, 22.164028167724837], [114.25152587890648, 22.164304733276424], [114.25235748291027, 22.164304733276424], [114.25235748291027, 22.164583206176815], [114.25263977050804, 22.164583206176815], [114.25263977050804, 22.164861679077376], [114.25430297851562, 22.164861679077376], [114.25430297851562, 22.164583206176815], [114.25402832031295, 22.164583206176815], [114.25402832031295, 22.164304733276424], [114.25375366210938, 22.164304733276424], [114.25375366210938, 22.164028167724837], [114.25347137451183, 22.164028167724837], [114.25347137451183, 22.163749694824446], [114.2531967163086, 22.163749694824446], [114.2531967163086, 22.16347312927246], [114.25291442871094, 22.16347312927246], [114.25291442871094, 22.16291618347168], [114.25263977050804, 22.16291618347168], [114.25263977050804, 22.162639617919922], [114.25208282470714, 22.162639617919922], [114.25208282470714, 22.16236114501953], [114.25180816650425, 22.16236114501953], [114.25180816650425, 22.1612491607666]]], [[[113.90708160400436, 22.18791580200201], [113.90625, 22.18791580200201], [113.90625, 22.187639236450423], [113.90597534179688, 22.187639236450423], [113.90597534179688, 22.185972213745288], [113.90569305419945, 22.185972213745288], [113.90567016601562, 22.185140609741495], [113.90541839599621, 22.185140609741495], [113.90541839599621, 22.184583663940543], [113.90569305419945, 22.184583663940543], [113.90569305419945, 22.184305191039982], [113.90541839599621, 22.184305191039982], [113.90541839599621, 22.183471679687784], [113.90569305419945, 22.183471679687784], [113.90569305419945, 22.1831951141358], [113.90597534179688, 22.1831951141358], [113.90597534179688, 22.18263626098627], [113.90625, 22.18263626098627], [113.90625, 22.18236160278343], [113.90569305419945, 22.18236160278343], [113.90569305419945, 22.18180465698248], [113.90597534179688, 22.18180465698248], [113.90597534179688, 22.181526184082088], [113.90569305419945, 22.181526184082088], [113.90569305419945, 22.1812496185305], [113.90541839599621, 22.1812496185305], [113.90541839599621, 22.180973052978516], [113.90513610839855, 22.180973052978516], [113.90513610839855, 22.180139541625977], [113.90486145019565, 22.180139541625977], [113.90486145019565, 22.179582595825366], [113.90513610839855, 22.179582595825366], [113.90513610839855, 22.179027557373047], [113.90535736084007, 22.179027557373047], [113.90652465820324, 22.179027557373047], [113.90652465820324, 22.178472518921012], [113.90763854980491, 22.178472518921012], [113.90763854980491, 22.179582595825366], [113.90875244140648, 22.179582595825366], [113.90875244140648, 22.179861068725586], [113.90902709960938, 22.179861068725586], [113.90902709960938, 22.180139541625977], [113.90875244140648, 22.180139541625977], [113.90875244140648, 22.1812496185305], [113.90902709960938, 22.1812496185305], [113.90902709960938, 22.181526184082088], [113.90985870361328, 22.181526184082088], [113.90985870361328, 22.18180465698248], [113.91014099121139, 22.18180465698248], [113.91014099121139, 22.18208312988287], [113.91236114501953, 22.18208312988287], [113.91236114501953, 22.18180465698248], [113.91263580322277, 22.18180465698248], [113.91263580322277, 22.1812496185305], [113.91291809082031, 22.1812496185305], [113.91291809082031, 22.180694580078125], [113.91319274902389, 22.180694580078125], [113.91319274902389, 22.180139541625977], [113.91291809082031, 22.180139541625977], [113.91291809082031, 22.179861068725586], [113.91263580322277, 22.179861068725586], [113.91263580322277, 22.178749084472656], [113.91291809082031, 22.178749084472656], [113.91291809082031, 22.178472518921012], [113.91430664062523, 22.178472518921012], [113.91430664062523, 22.179027557373047], [113.91458129882824, 22.179027557373047], [113.91458129882824, 22.179582595825366], [113.9148635864259, 22.179582595825366], [113.9148635864259, 22.179304122924805], [113.91513824462902, 22.179304122924805], [113.91513824462902, 22.177917480468864], [113.91541290283203, 22.177917480468864], [113.91541290283203, 22.177360534668082], [113.91569519042969, 22.177360534668082], [113.91570281982422, 22.177082061767862], [113.9168090820317, 22.177082061767862], [113.9168090820317, 22.177639007568473], [113.91708374023438, 22.177639007568473], [113.91708374023438, 22.177917480468864], [113.91735839843773, 22.177917480468864], [113.91735839843773, 22.178472518921012], [113.91708374023438, 22.178472518921012], [113.91707611084018, 22.179027557373047], [113.9168090820317, 22.179027557373047], [113.9168090820317, 22.179304122924805], [113.9165267944336, 22.179304122924805], [113.9165267944336, 22.180139541625977], [113.91708374023438, 22.180139541625977], [113.91708374023438, 22.18041419982916], [113.91735839843773, 22.18041419982916], [113.91735839843773, 22.180139541625977], [113.9176406860355, 22.180139541625977], [113.9176406860355, 22.179861068725586], [113.9179153442384, 22.179861068725586], [113.9179153442384, 22.179582595825366], [113.91847229003929, 22.179582595825366], [113.91847229003929, 22.179304122924805], [113.91902923583984, 22.179304122924805], [113.91902923583984, 22.179027557373047], [113.91930389404308, 22.179027557373047], [113.91931152343761, 22.178472518921012], [113.91958618164062, 22.178472518921012], [113.91958618164062, 22.177917480468864], [113.920692443848, 22.177917480468864], [113.920692443848, 22.178472518921012], [113.92097473144543, 22.178472518921012], [113.92097473144543, 22.179304122924805], [113.92124938964855, 22.179304122924805], [113.92124938964855, 22.180139541625977], [113.92097473144543, 22.180139541625977], [113.9209671020509, 22.18041419982916], [113.920692443848, 22.18041419982916], [113.920692443848, 22.180694580078125], [113.92041778564476, 22.180694580078125], [113.92041778564476, 22.1812496185305], [113.92013549804688, 22.1812496185305], [113.92013549804688, 22.181526184082088], [113.9198608398442, 22.181526184082088], [113.9198608398442, 22.18208312988287], [113.91958618164062, 22.18208312988287], [113.91958618164062, 22.18236160278343], [113.91902923583984, 22.18236160278343], [113.91902923583984, 22.18263626098627], [113.91874694824219, 22.18263626098627], [113.91874694824219, 22.18236160278343], [113.91819763183605, 22.18236160278343], [113.91819763183605, 22.18208312988287], [113.9179153442384, 22.18208312988287], [113.9179153442384, 22.18180465698248], [113.9168090820317, 22.18180465698248], [113.9168090820317, 22.18236160278343], [113.9165267944336, 22.18236160278343], [113.9165267944336, 22.18263626098627], [113.91625213623058, 22.18263626098627], [113.91625213623058, 22.18291854858421], [113.91596984863281, 22.18291854858421], [113.91596984863281, 22.1831951141358], [113.91569519042969, 22.1831951141358], [113.91569519042969, 22.183471679687784], [113.91541290283203, 22.183471679687784], [113.91541290283203, 22.183748245239258], [113.91513824462902, 22.183748245239258], [113.91513824462902, 22.184028625488395], [113.91374969482445, 22.184028625488395], [113.91374969482445, 22.183748245239258], [113.9134750366211, 22.183748245239258], [113.9134750366211, 22.1831951141358], [113.91263580322277, 22.1831951141358], [113.91263580322277, 22.183748245239258], [113.91124725341808, 22.183748245239258], [113.91124725341808, 22.184028625488395], [113.91097259521518, 22.184028625488395], [113.91097259521518, 22.184583663940543], [113.91069793701195, 22.184583663940543], [113.91069793701195, 22.18541717529297], [113.91041564941406, 22.18541717529297], [113.91041564941406, 22.185972213745288], [113.91014099121139, 22.185972213745288], [113.91014099121139, 22.186250686645508], [113.90958404541027, 22.186250686645508], [113.90957641601574, 22.186527252197493], [113.90930938720703, 22.186527252197493], [113.9093017578125, 22.186670303344954], [113.9093017578125, 22.186805725097656], [113.90902709960938, 22.186805725097656], [113.90902709960938, 22.187084197998047], [113.90892791748047, 22.187084197998047], [113.90791320800815, 22.187084197998047], [113.90791320800815, 22.187362670898438], [113.90708160400436, 22.187362670898438], [113.90708160400436, 22.18791580200201]]], [[[114.30403137207031, 22.181526184082088], [114.30430603027344, 22.181529998779297], [114.30430603027344, 22.18180465698248], [114.30458068847702, 22.18180465698248], [114.30458068847702, 22.18236160278343], [114.30486297607422, 22.18236160278343], [114.30486297607422, 22.18291854858421], [114.30513763427757, 22.18291854858421], [114.30513763427757, 22.183471679687784], [114.305419921875, 22.183471679687784], [114.305419921875, 22.184028625488395], [114.30569458007835, 22.184028625488395], [114.30569458007835, 22.184583663940543], [114.30596923828136, 22.184583663940543], [114.30596923828136, 22.184858322143782], [114.30625152587902, 22.184858322143782], [114.30625152587902, 22.18541717529297], [114.30652618408214, 22.18541717529297], [114.30652618408214, 22.186250686645508], [114.30680847167991, 22.186250686645508], [114.30680847167991, 22.187362670898438], [114.30708312988281, 22.187362670898438], [114.30708312988281, 22.188749313354606], [114.30680847167991, 22.188751220703352], [114.30680847167991, 22.189027786254996], [114.30569458007835, 22.189027786254996], [114.30569458007835, 22.188749313354606], [114.305419921875, 22.188749313354606], [114.305419921875, 22.18847274780279], [114.30513763427757, 22.18847274780279], [114.30513763427757, 22.186250686645508], [114.30486297607422, 22.186250686645508], [114.30486297607422, 22.18541717529297], [114.30458068847702, 22.18541717529297], [114.30458068847702, 22.184858322143782], [114.30430603027344, 22.184858322143782], [114.30430603027344, 22.184583663940543], [114.30403137207031, 22.184583663940543], [114.30403137207031, 22.184305191039982], [114.30374908447266, 22.184305191039982], [114.30374908447266, 22.184028625488395], [114.30347442626964, 22.184028625488395], [114.30347442626964, 22.1831951141358], [114.30291748046886, 22.1831951141358], [114.30291748046886, 22.18291854858421], [114.30236053466831, 22.18291854858421], [114.30236053466831, 22.18263626098627], [114.30208587646507, 22.18263626098627], [114.30208587646507, 22.18236160278343], [114.30180358886719, 22.18236160278343], [114.30180358886719, 22.181526184082088], [114.30208587646507, 22.181526184082088], [114.30208587646507, 22.1812496185305], [114.30236053466831, 22.1812496185305], [114.30236053466831, 22.180973052978516], [114.30263519287121, 22.18097114563011], [114.30263519287121, 22.180694580078125], [114.30347442626964, 22.180694580078125], [114.30347442626964, 22.180973052978516], [114.30374908447266, 22.180973052978516], [114.30374908447266, 22.1812496185305], [114.30403137207031, 22.1812496185305], [114.30403137207031, 22.181526184082088]]], [[[114.2554168701173, 22.189861297607706], [114.25291442871094, 22.189861297607706], [114.25291442871094, 22.189582824707145], [114.25180816650425, 22.189582824707145], [114.25180816650425, 22.189306259155387], [114.24986267089844, 22.189306259155387], [114.24986267089844, 22.189027786254996], [114.24819183349643, 22.189027786254996], [114.24819183349643, 22.188749313354606], [114.24624633789062, 22.188749313354606], [114.24624633789062, 22.18847274780279], [114.24485778808616, 22.18847274780279], [114.24485778808616, 22.1881942749024], [114.24346923828125, 22.1881942749024], [114.24346923828125, 22.186805725097656], [114.24375152587902, 22.186805725097656], [114.24375152587902, 22.184583663940543], [114.24402618408203, 22.184583663940543], [114.24400329589844, 22.184028625488395], [114.24375152587902, 22.184028625488395], [114.24375152587902, 22.18291854858421], [114.24346923828125, 22.18291854858421], [114.24346923828125, 22.181526184082088], [114.24375152587902, 22.181526184082088], [114.24375152587902, 22.1812496185305], [114.24402618408203, 22.1812496185305], [114.24402618408203, 22.180973052978516], [114.24430847168014, 22.180973052978516], [114.24430847168014, 22.18041419982916], [114.24458312988281, 22.18041419982916], [114.24458312988281, 22.180139541625977], [114.24485778808616, 22.180139541625977], [114.24485778808616, 22.179582595825366], [114.24458312988281, 22.179582595825366], [114.24458312988281, 22.179304122924805], [114.24485778808616, 22.179304122924805], [114.24485778808616, 22.178749084472656], [114.24514007568393, 22.178750991821573], [114.24514007568393, 22.179027557373047], [114.24597167968773, 22.179027557373047], [114.24597167968773, 22.180139541625977], [114.24569702148449, 22.180139541625977], [114.24569702148449, 22.1812496185305], [114.24597167968773, 22.1812496185305], [114.24597167968773, 22.181526184082088], [114.24708557128906, 22.181526184082088], [114.2470932006836, 22.1812496185305], [114.24736022949264, 22.1812496185305], [114.24736022949264, 22.180694580078125], [114.2479171752932, 22.180694580078125], [114.2479171752932, 22.18041419982916], [114.24930572509777, 22.18041419982916], [114.24930572509777, 22.180694580078125], [114.24986267089844, 22.180694580078125], [114.24986267089844, 22.18041419982916], [114.25041961669933, 22.18041419982916], [114.25041961669933, 22.179861068725586], [114.25069427490234, 22.179861068725586], [114.25069427490234, 22.179582595825366], [114.2509689331057, 22.179582595825366], [114.2509689331057, 22.179304122924805], [114.25152587890648, 22.179304122924805], [114.25152587890648, 22.179582595825366], [114.25208282470714, 22.179582595825366], [114.25208282470714, 22.179861068725586], [114.25263977050804, 22.179861068725586], [114.25263977050804, 22.180139541625977], [114.2531967163086, 22.180139541625977], [114.2531967163086, 22.18041419982916], [114.25375366210938, 22.18041419982916], [114.25375366210938, 22.180694580078125], [114.25402832031295, 22.180694580078125], [114.25402832031295, 22.180973052978516], [114.25414276123047, 22.180973052978516], [114.25485992431675, 22.180973052978516], [114.25485992431675, 22.1812496185305], [114.25514221191418, 22.1812496185305], [114.25514221191418, 22.181526184082088], [114.2554168701173, 22.181526184082088], [114.2554168701173, 22.18180465698248], [114.25569152832054, 22.18180465698248], [114.25569152832054, 22.18208312988287], [114.25597381591797, 22.18208312988287], [114.25597381591797, 22.18236160278343], [114.2562484741211, 22.18236160278343], [114.2562484741211, 22.18263626098627], [114.25653076171886, 22.18263626098627], [114.25653076171886, 22.1831951141358], [114.25680541992188, 22.1831951141358], [114.25680541992188, 22.184028625488395], [114.25708007812545, 22.184028625488395], [114.25708007812545, 22.1881942749024], [114.25680541992188, 22.1881942749024], [114.25680541992188, 22.18847274780279], [114.25653076171886, 22.18847274780279], [114.25653076171886, 22.188749313354606], [114.2562484741211, 22.188751220703352], [114.2562484741211, 22.189027786254996], [114.25597381591797, 22.189029693603743], [114.25596618652344, 22.189306259155387], [114.25569152832054, 22.189306259155387], [114.25569152832054, 22.189582824707145], [114.2554168701173, 22.189582824707145], [114.2554168701173, 22.189861297607706]]], [[[114.29041290283226, 22.190139770507926], [114.28986358642601, 22.190139770507926], [114.28985595703136, 22.189861297607706], [114.28958129882847, 22.189861297607706], [114.28958129882847, 22.189306259155387], [114.28930664062523, 22.189306259155387], [114.28930664062523, 22.189027786254996], [114.28874969482467, 22.189029693603743], [114.28874969482467, 22.189306259155387], [114.2884750366211, 22.189306259155387], [114.2884750366211, 22.189582824707145], [114.28819274902355, 22.189582824707145], [114.28819274902355, 22.189861297607706], [114.28736114501976, 22.189861297607706], [114.28736114501976, 22.189582824707145], [114.28652954101597, 22.189582824707145], [114.28652954101597, 22.189306259155387], [114.2862472534182, 22.189306259155387], [114.2862472534182, 22.188749313354606], [114.28597259521484, 22.188749313354606], [114.28597259521484, 22.187639236450423], [114.28569793701217, 22.187639236450423], [114.28569793701217, 22.186527252197493], [114.28514099121105, 22.186527252197493], [114.28514099121105, 22.186805725097656], [114.28485870361328, 22.186805725097656], [114.28485870361328, 22.187084197998047], [114.28430175781273, 22.187084197998047], [114.2842788696289, 22.186805725097656], [114.28375244140636, 22.186805725097656], [114.28375244140636, 22.186527252197493], [114.2831954956057, 22.186527252197493], [114.2831954956057, 22.186250686645508], [114.28291320800781, 22.186250686645508], [114.28291320800781, 22.185693740844727], [114.28263854980514, 22.185693740844727], [114.2826614379884, 22.185140609741495], [114.28291320800781, 22.185140609741495], [114.28291320800781, 22.184858322143782], [114.2831954956057, 22.184858322143782], [114.2831954956057, 22.184583663940543], [114.28347015380893, 22.184583663940543], [114.28347015380893, 22.18263626098627], [114.28375244140636, 22.18263626098627], [114.28375244140636, 22.18236160278343], [114.28347015380893, 22.18236160278343], [114.28347015380893, 22.18208312988287], [114.28375244140636, 22.18208312988287], [114.28375244140636, 22.18180465698248], [114.28402709960949, 22.18180465698248], [114.28402709960949, 22.181526184082088], [114.28430175781273, 22.181526184082088], [114.28430175781273, 22.1812496185305], [114.28458404541016, 22.1812496185305], [114.28458404541016, 22.180973052978516], [114.28514099121105, 22.180973052978516], [114.28514099121105, 22.180694580078125], [114.28652954101597, 22.180694580078125], [114.28652954101597, 22.18041419982916], [114.28819274902355, 22.18041419982916], [114.28819274902355, 22.180694580078125], [114.28874969482467, 22.180694580078125], [114.28874969482467, 22.180973052978516], [114.28902435302734, 22.180973052978516], [114.28902435302734, 22.1812496185305], [114.28930664062523, 22.1812496185305], [114.28930664062523, 22.18180465698248], [114.28958129882847, 22.18180465698248], [114.28958129882847, 22.18236160278343], [114.28986358642601, 22.18236160278343], [114.28986358642601, 22.183748245239258], [114.28958129882847, 22.183801651000977], [114.28958129882847, 22.184858322143782], [114.28930664062523, 22.184858322143782], [114.28930664062523, 22.185140609741495], [114.28958129882847, 22.185140609741495], [114.28958129882847, 22.185972213745288], [114.28986358642601, 22.185972213745288], [114.28986358642601, 22.187084197998047], [114.29013824462902, 22.187084197998047], [114.29013824462902, 22.187362670898438], [114.29041290283226, 22.187362670898438], [114.29041290283226, 22.18791580200201], [114.2906951904298, 22.18791580200201], [114.2906951904298, 22.1881942749024], [114.29096984863281, 22.1881942749024], [114.29096984863281, 22.188749313354606], [114.29125213623047, 22.188751220703352], [114.29125213623047, 22.189306259155387], [114.29096984863281, 22.189306259155387], [114.29096984863281, 22.189582824707145], [114.2906951904298, 22.189582824707145], [114.2906417846682, 22.189861297607706], [114.29041290283226, 22.189861297607706], [114.29041290283226, 22.190139770507926]]], [[[113.98819732666027, 22.20236206054699], [113.98745727539097, 22.20236206054699], [113.9870834350586, 22.20236206054699], [113.9870834350586, 22.202083587646598], [113.98680877685592, 22.202083587646598], [113.98680877685592, 22.20152854919445], [113.9862518310548, 22.20152854919445], [113.9862518310548, 22.20125007629406], [113.98596954345703, 22.20125007629406], [113.98596954345703, 22.20097160339384], [113.9856948852539, 22.20097160339384], [113.9856948852539, 22.200695037841854], [113.98486328125011, 22.200695037841854], [113.98486328125011, 22.20013809204113], [113.98458099365246, 22.20013809204113], [113.98458099365246, 22.199583053588924], [113.9840240478519, 22.199583053588924], [113.9840240478519, 22.19902992248535], [113.98347473144531, 22.19902992248535], [113.98347473144531, 22.19847297668457], [113.98291778564453, 22.19847297668457], [113.98291778564453, 22.197917938232422], [113.98263549804699, 22.197917938232422], [113.98263549804699, 22.196529388427848], [113.98236083984375, 22.196529388427848], [113.98236083984375, 22.194305419921932], [113.98220825195335, 22.194305419921932], [113.98208618164074, 22.194305419921932], [113.98208618164074, 22.193750381469954], [113.98236083984375, 22.193750381469954], [113.98236083984375, 22.193195343017578], [113.98263549804699, 22.193195343017578], [113.98263549804699, 22.192916870117415], [113.98291778564453, 22.192916870117415], [113.98291778564453, 22.19236183166521], [113.98430633544945, 22.19236183166521], [113.98430633544945, 22.19208335876465], [113.98486328125011, 22.19208335876465], [113.98486328125011, 22.1915283203125], [113.98513793945324, 22.1915283203125], [113.98513793945324, 22.19124984741211], [113.98542022705101, 22.19124984741211], [113.98542022705101, 22.19097137451172], [113.98735809326195, 22.19097137451172], [113.98735809326195, 22.190252304077205], [113.98735809326195, 22.190139770507926], [113.98747253417969, 22.190139770507926], [113.98791503906261, 22.190139770507926], [113.98791503906261, 22.18969535827648], [113.98791503906261, 22.189582824707145], [113.98819732666027, 22.189582824707145], [113.98819732666027, 22.189506530761946], [113.98819732666027, 22.189027786254996], [113.9887466430664, 22.189027786254996], [113.9887466430664, 22.188749313354606], [113.98958587646484, 22.188749313354606], [113.98958587646484, 22.1881942749024], [113.98986053466842, 22.1881942749024], [113.98986053466842, 22.18791580200201], [113.9901351928711, 22.18791580200201], [113.9901351928711, 22.187639236450423], [113.99041748046898, 22.187639236450423], [113.99041748046898, 22.18847274780279], [113.99069213867222, 22.18847274780279], [113.99069213867222, 22.188749313354606], [113.99097442626964, 22.188749313354606], [113.99097442626964, 22.189027786254996], [113.99153137207054, 22.189027786254996], [113.99153137207054, 22.189306259155387], [113.99208068847656, 22.189306259155387], [113.99208068847656, 22.189582824707145], [113.99346923828148, 22.189582824707145], [113.99346923828148, 22.189861297607706], [113.99375152587925, 22.189861297607706], [113.99375152587925, 22.190139770507926], [113.9943084716798, 22.190139770507926], [113.9943084716798, 22.190416336059513], [113.99458312988304, 22.190416336059513], [113.99458312988304, 22.191804885864258], [113.9943084716798, 22.191804885864258], [113.9943084716798, 22.192638397217024], [113.99458312988304, 22.192638397217024], [113.99458312988304, 22.193750381469954], [113.9943084716798, 22.193750381469954], [113.9943084716798, 22.194026947021598], [113.99458312988304, 22.194026947021598], [113.99458312988304, 22.195415496826115], [113.99402618408214, 22.195415496826115], [113.99402618408214, 22.195693969726676], [113.99291992187545, 22.195693969726676], [113.99291992187545, 22.195415496826115], [113.99263763427734, 22.195415496826115], [113.99263763427734, 22.194860458374137], [113.99153137207054, 22.194860458374137], [113.99153137207054, 22.196529388427848], [113.99180603027344, 22.196529388427848], [113.99180603027344, 22.19680786132824], [113.99236297607433, 22.19680786132824], [113.99236297607433, 22.19708251953142], [113.99263763427734, 22.19708251953142], [113.99263763427734, 22.19763946533203], [113.99236297607433, 22.19763946533203], [113.99236297607433, 22.197917938232422], [113.99208068847656, 22.197917938232422], [113.99208068847656, 22.19847297668457], [113.99180603027344, 22.19847297668457], [113.99180603027344, 22.19874763488781], [113.99208068847656, 22.19874763488781], [113.99208068847656, 22.199583053588924], [113.99180603027344, 22.199583053588924], [113.99180603027344, 22.199861526489485], [113.99124908447277, 22.199861526489485], [113.99124908447277, 22.20013809204113], [113.99097442626964, 22.20013809204113], [113.99097442626964, 22.20097160339384], [113.99069213867222, 22.20097160339384], [113.99069213867222, 22.20125007629406], [113.99041748046898, 22.20125007629406], [113.99041748046898, 22.20152854919445], [113.98958587646484, 22.20152854919445], [113.98958587646484, 22.202083587646598], [113.98819732666027, 22.202083587646598], [113.98819732666027, 22.20236206054699]]], [[[114.18486022949253, 22.217638015747184], [114.18347167968761, 22.217638015747184], [114.18347167968761, 22.21736145019554], [114.18319702148438, 22.21736145019554], [114.18319702148438, 22.215972900390625], [114.18347167968761, 22.215972900390625], [114.18347167968761, 22.215139389038086], [114.18374633789062, 22.215139389038086], [114.18374633789062, 22.214582443237475], [114.18402862548874, 22.214582443237475], [114.18402862548874, 22.21430587768549], [114.1843032836914, 22.21430587768549], [114.1843032836914, 22.213750839233683], [114.18458557128929, 22.213750839233683], [114.18458557128929, 22.21347236633312], [114.18486022949253, 22.21347236633312], [114.18486022949253, 22.21319389343273], [114.18597412109375, 22.21319389343273], [114.18597412109375, 22.21347236633312], [114.18624877929688, 22.21347236633312], [114.18624877929688, 22.213750839233683], [114.18680572509766, 22.213750839233683], [114.18680572509766, 22.214027404785156], [114.18736267089844, 22.214027404785156], [114.18736267089844, 22.213750839233683], [114.18791961669956, 22.213750839233683], [114.18791961669956, 22.214027404785156], [114.18819427490246, 22.214027404785156], [114.18819427490246, 22.214862823486442], [114.18791961669956, 22.214862823486442], [114.18791961669956, 22.215415954589844], [114.18763732910179, 22.215415954589844], [114.18763732910179, 22.215789794921875], [114.18763732910179, 22.21624946594261], [114.18736267089844, 22.21624946594261], [114.18736267089844, 22.216527938843], [114.18708038330124, 22.216527938843], [114.18708038330124, 22.21680641174339], [114.18680572509766, 22.21680641174339], [114.18680572509766, 22.216527938843], [114.18624877929688, 22.216527938843], [114.18624877929688, 22.21680641174339], [114.18569183349632, 22.21680641174339], [114.18569183349632, 22.217084884643555], [114.18514251708996, 22.217084884643555], [114.18514251708996, 22.21736145019554], [114.18486022949253, 22.21736145019554], [114.18486022949253, 22.217638015747184]]], [[[113.83652496337902, 22.217916488647575], [113.83625030517578, 22.217920303344897], [113.83625030517578, 22.218193054199332], [113.83541870117199, 22.218193054199332], [113.83541870117199, 22.217916488647575], [113.83486175537143, 22.217916488647575], [113.83486175537143, 22.217638015747184], [113.8345870971682, 22.217638015747184], [113.8345870971682, 22.216527938843], [113.83513641357433, 22.216527938843], [113.83513641357433, 22.21624946594261], [113.83541870117199, 22.21624946594261], [113.83541870117199, 22.215972900390625], [113.83597564697266, 22.215972900390625], [113.83597564697266, 22.214582443237475], [113.83625030517578, 22.214582443237475], [113.83625030517578, 22.21430587768549], [113.83680725097656, 22.21430587768549], [113.83680725097656, 22.214582443237475], [113.8376388549807, 22.214582443237475], [113.8376388549807, 22.214862823486442], [113.83791351318393, 22.214862823486442], [113.83791351318393, 22.215139389038086], [113.83819580078136, 22.215139389038086], [113.83819580078136, 22.215694427490234], [113.83847045898449, 22.215694427490234], [113.83847045898449, 22.216527938843], [113.83875274658226, 22.216539382934513], [113.83875274658226, 22.217084884643555], [113.83847045898449, 22.217084884643555], [113.83847045898449, 22.217638015747184], [113.83791351318393, 22.21763992309593], [113.83789825439464, 22.217916488647575], [113.8376388549807, 22.217916488647575], [113.8376388549807, 22.217638015747184], [113.83736419677734, 22.217638015747184], [113.83735656738281, 22.21736145019554], [113.83680725097656, 22.21736145019554], [113.83680725097656, 22.217638015747184], [113.83652496337902, 22.217638015747184], [113.83652496337902, 22.217916488647575]]], [[[114.03485870361351, 22.224029541015852], [114.03402709960938, 22.224029541015852], [114.03402709960938, 22.223747253417912], [114.03375244140636, 22.223747253417912], [114.03375244140636, 22.2234725952149], [114.0334701538086, 22.2234725952149], [114.0334701538086, 22.22319412231451], [114.03291320800804, 22.22319412231451], [114.03291320800804, 22.222970962524528], [114.03291320800804, 22.222637176513786], [114.0326385498048, 22.222637176513786], [114.0326385498048, 22.22236061096214], [114.03236389160168, 22.22236061096214], [114.03236389160168, 22.22208595275879], [114.03208160400425, 22.22208595275879], [114.03208160400425, 22.221805572509766], [114.03180694580101, 22.221805572509766], [114.03180694580101, 22.22208595275879], [114.03152465820312, 22.22208595275879], [114.03152465820312, 22.22236061096214], [114.03027343750023, 22.22236061096214], [114.02764129638683, 22.22236061096214], [114.02764129638683, 22.221805572509766], [114.02735900878906, 22.221805572509766], [114.02735900878906, 22.2215251922608], [114.02652740478527, 22.2215251922608], [114.02652740478527, 22.220972061157397], [114.02597045898449, 22.220972061157397], [114.02597045898449, 22.220693588256836], [114.02569580078148, 22.220693588256836], [114.02569580078148, 22.220415115356445], [114.02541351318393, 22.220415115356445], [114.02541351318393, 22.219861984253043], [114.0252456665039, 22.219861984253043], [114.0251388549807, 22.219861984253043], [114.0251388549807, 22.219583511352653], [114.02486419677734, 22.219583511352653], [114.02486419677734, 22.219028472900504], [114.02458190918014, 22.219028472900504], [114.02458190918014, 22.218471527099894], [114.02541351318393, 22.218471527099894], [114.02541351318393, 22.218193054199332], [114.02569580078148, 22.218193054199332], [114.02569580078148, 22.217916488647575], [114.02597045898449, 22.217916488647575], [114.02597045898449, 22.217084884643555], [114.02625274658214, 22.217084884643555], [114.02625274658214, 22.216527938843], [114.02541351318393, 22.216527938843], [114.02541351318393, 22.21624946594261], [114.0251388549807, 22.21624946594261], [114.0251388549807, 22.215415954589844], [114.02486419677734, 22.215415954589844], [114.02486419677734, 22.21430587768549], [114.02430725097656, 22.21430587768549], [114.02430725097656, 22.214027404785156], [114.02402496337902, 22.214027404785156], [114.02402496337902, 22.213750839233683], [114.02319335937523, 22.213750839233683], [114.02319335937523, 22.214027404785156], [114.0220870971682, 22.214027404785156], [114.0220870971682, 22.213603973388672], [114.0220870971682, 22.21319389343273], [114.02236175537143, 22.21319389343273], [114.02236175537143, 22.212917327880973], [114.02263641357433, 22.212917327880973], [114.02263641357433, 22.2115287780764], [114.02291870117199, 22.2115287780764], [114.02291870117199, 22.21125030517601], [114.02375030517578, 22.21125030517601], [114.02375030517578, 22.210971832275618], [114.02569580078148, 22.210971832275618], [114.02569580078148, 22.210695266723633], [114.02625274658214, 22.210695266723633], [114.02625274658214, 22.210136413574276], [114.02652740478527, 22.210136413574276], [114.02652740478527, 22.209861755371264], [114.02680206298828, 22.209861755371264], [114.02680206298828, 22.209026336669922], [114.02708435058594, 22.209026336669922], [114.02708435058594, 22.208471298217773], [114.02735900878906, 22.208471298217773], [114.02735900878906, 22.207914352416992], [114.02791595458984, 22.207914352416992], [114.02791595458984, 22.20736122131376], [114.02764129638683, 22.20736122131376], [114.02764129638683, 22.2070827484132], [114.02735900878906, 22.2070827484132], [114.02735900878906, 22.20680427551281], [114.02708435058594, 22.20680427551281], [114.02708435058594, 22.20652770996105], [114.02680206298828, 22.20652770996105], [114.02680206298828, 22.20624923706066], [114.02652740478527, 22.20624923706066], [114.02652740478527, 22.206016540527344], [114.02569580078148, 22.205972671508846], [114.02569580078148, 22.20582389831543], [114.02569580078148, 22.205694198608455], [114.02479553222656, 22.205694198608455], [114.02319335937523, 22.205694198608455], [114.02319335937523, 22.205417633056868], [114.02291870117199, 22.205415725708065], [114.02291870117199, 22.205139160156477], [114.02263641357433, 22.205139160156477], [114.02263641357433, 22.204582214355696], [114.02236175537143, 22.204582214355696], [114.02236175537143, 22.20319366455078], [114.0220870971682, 22.20319366455078], [114.0220870971682, 22.202638626098633], [114.02180480957031, 22.202638626098633], [114.02180480957031, 22.202083587646598], [114.02124786376953, 22.202083587646598], [114.02124786376953, 22.201805114746037], [114.02097320556652, 22.201805114746037], [114.02097320556652, 22.20152854919445], [114.02053833007824, 22.20152854919445], [114.02041625976562, 22.20152854919445], [114.02041625976562, 22.20125007629406], [114.01972198486328, 22.20125007629406], [114.01958465576183, 22.20125007629406], [114.01958465576183, 22.201387405395735], [114.01958465576183, 22.20152854919445], [114.01945495605469, 22.20152854919445], [114.01902770996116, 22.20152854919445], [114.01902770996116, 22.201625823974837], [114.01902770996116, 22.201805114746037], [114.01847076416061, 22.201805114746037], [114.01847076416061, 22.20152854919445], [114.01819610595703, 22.20152854919445], [114.01819610595703, 22.20125007629406], [114.01809692382858, 22.20125007629406], [114.01736450195312, 22.20125007629406], [114.01736450195312, 22.20013809204113], [114.01763916015625, 22.20013809204113], [114.01763916015625, 22.199861526489485], [114.01791381835949, 22.199861526489485], [114.01791381835949, 22.199583053588924], [114.01819610595703, 22.199583053588924], [114.01819610595703, 22.19763946533203], [114.01847076416061, 22.19763946533203], [114.01847076416061, 22.197359085083235], [114.01902770996116, 22.197359085083235], [114.01902770996116, 22.19708251953142], [114.01958465576183, 22.19708251953142], [114.01958465576183, 22.197359085083235], [114.02069091796875, 22.197359085083235], [114.02069091796875, 22.19763946533203], [114.02113342285179, 22.19763946533203], [114.02124786376953, 22.19763946533203], [114.02124786376953, 22.19746589660639], [114.02124786376953, 22.197359085083235], [114.02153015136764, 22.197359085083235], [114.02153015136764, 22.196250915527628], [114.02347564697277, 22.196250915527628], [114.02347564697277, 22.196529388427848], [114.02375030517578, 22.196529388427848], [114.02375030517578, 22.19680786132824], [114.02430725097656, 22.19680786132824], [114.02430725097656, 22.196529388427848], [114.02486419677734, 22.196529388427848], [114.02486419677734, 22.19819450378418], [114.02541351318393, 22.19819450378418], [114.02541351318393, 22.19847297668457], [114.02597045898449, 22.19847297668457], [114.02597045898449, 22.19819450378418], [114.02652740478527, 22.19819450378418], [114.02652740478527, 22.19847297668457], [114.02680206298828, 22.19847297668457], [114.02680206298828, 22.19874763488781], [114.02735900878906, 22.19874763488781], [114.02735900878906, 22.19902992248535], [114.02791595458984, 22.19902992248535], [114.02791595458984, 22.20013809204113], [114.02819824218795, 22.20013809204113], [114.02819824218795, 22.20041656494152], [114.02847290039062, 22.20041656494152], [114.02847290039062, 22.200695037841854], [114.02874755859398, 22.200695037841854], [114.02874755859398, 22.20097160339384], [114.02930450439464, 22.20097160339384], [114.02930450439464, 22.20125007629406], [114.0295867919923, 22.20125007629406], [114.0295867919923, 22.20152854919445], [114.02986145019554, 22.20152854919445], [114.02986145019554, 22.201805114746037], [114.0304183959961, 22.201805114746037], [114.0304183959961, 22.202083587646598], [114.03208160400425, 22.202083587646598], [114.03208160400425, 22.202360153198242], [114.03236389160168, 22.20236206054699], [114.03236389160168, 22.202638626098633], [114.0326385498048, 22.202638626098633], [114.0326385498048, 22.202917098999023], [114.0334701538086, 22.202917098999023], [114.0334701538086, 22.202638626098633], [114.03375244140636, 22.202638626098633], [114.03375244140636, 22.20236206054699], [114.03402709960938, 22.202360153198242], [114.03402709960938, 22.202083587646598], [114.03430175781295, 22.202083587646598], [114.03430175781295, 22.20152854919445], [114.03458404541016, 22.20152854919445], [114.03458404541016, 22.20097160339384], [114.03485870361351, 22.20097160339384], [114.03485870361351, 22.20041656494152], [114.03514099121128, 22.20041656494152], [114.03514099121128, 22.20013809204113], [114.03541564941418, 22.20013809204113], [114.03541564941418, 22.199861526489485], [114.03597259521507, 22.199861526489485], [114.03597259521507, 22.20013809204113], [114.03624725341797, 22.20013809204113], [114.03624725341797, 22.20097160339384], [114.03652954101562, 22.20097160339384], [114.03652954101562, 22.20125007629406], [114.03624725341797, 22.20125007629406], [114.03624725341797, 22.201805114746037], [114.03652954101562, 22.201805114746037], [114.03652954101562, 22.202083587646598], [114.03680419921886, 22.202083587646598], [114.03680419921886, 22.202360153198242], [114.03819274902378, 22.20236206054699], [114.03819274902378, 22.202638626098633], [114.03874969482433, 22.202638626098633], [114.03874969482433, 22.202917098999023], [114.03902435302757, 22.202917098999023], [114.03902435302757, 22.203472137451342], [114.03930664062511, 22.203472137451342], [114.03930664062511, 22.204027175903548], [114.03902435302757, 22.204027175903548], [114.03902435302757, 22.204402923583984], [114.03902435302757, 22.204582214355696], [114.03958129882812, 22.204582214355696], [114.03958129882812, 22.204860687256087], [114.03986358642578, 22.204860687256087], [114.03986358642578, 22.205139160156477], [114.0401382446289, 22.205139160156477], [114.0401382446289, 22.205415725708065], [114.04041290283249, 22.205415725708065], [114.04041290283249, 22.205694198608455], [114.0401382446289, 22.205694198608455], [114.0401382446289, 22.205972671508846], [114.03958129882812, 22.205972671508846], [114.03958129882812, 22.20624923706066], [114.03930664062511, 22.20624923706066], [114.03930664062511, 22.20652770996105], [114.03902435302757, 22.20652770996105], [114.03902435302757, 22.20680427551281], [114.03874969482433, 22.20680427551281], [114.03874969482433, 22.20736122131376], [114.03847503662132, 22.20736122131376], [114.03847503662132, 22.207914352416992], [114.03819274902378, 22.207914352416992], [114.03819274902378, 22.20819473266596], [114.03652954101562, 22.20819473266596], [114.03652954101562, 22.207914352416992], [114.03624725341797, 22.207914352416992], [114.03624725341797, 22.20763969421398], [114.03597259521507, 22.20763969421398], [114.03597259521507, 22.20736122131376], [114.03569793701183, 22.20736122131376], [114.03569793701183, 22.2070827484132], [114.03541564941418, 22.2070827484132], [114.03541564941418, 22.20680427551281], [114.03485870361351, 22.20680427551281], [114.03485870361351, 22.2070827484132], [114.03375244140636, 22.2070827484132], [114.03375244140636, 22.20736122131376], [114.0334701538086, 22.20736122131376], [114.0334701538086, 22.20763969421398], [114.03291320800804, 22.20763969421398], [114.03291320800804, 22.207914352416992], [114.03236389160168, 22.207914352416992], [114.03236389160168, 22.20819473266596], [114.03208160400425, 22.20819473266596], [114.03208160400425, 22.208471298217773], [114.03152465820312, 22.208471298217773], [114.03152465820312, 22.208749771118164], [114.03125000000045, 22.208749771118164], [114.03125000000045, 22.209304809570312], [114.03097534179688, 22.209304809570312], [114.03097534179688, 22.209583282470703], [114.03069305419933, 22.209583282470703], [114.03069305419933, 22.209861755371264], [114.0304183959961, 22.209861755371264], [114.0304183959961, 22.210418701171875], [114.03013610839844, 22.210418701171875], [114.03013610839844, 22.21125030517601], [114.02986145019554, 22.21125030517601], [114.02986145019554, 22.2115287780764], [114.0295867919923, 22.2115287780764], [114.0295867919923, 22.21319389343273], [114.02930450439464, 22.21319389343273], [114.02930450439464, 22.213697433471737], [114.02930450439464, 22.214027404785156], [114.0295867919923, 22.214027404785156], [114.0295867919923, 22.21430587768549], [114.03013610839844, 22.21430587768549], [114.03013610839844, 22.214582443237475], [114.0304183959961, 22.214582443237475], [114.0304183959961, 22.214862823486442], [114.03069305419933, 22.214862823486442], [114.03069305419933, 22.215139389038086], [114.03097534179688, 22.215139389038086], [114.03097534179688, 22.215415954589844], [114.03291320800804, 22.215415954589844], [114.03291320800804, 22.215694427490234], [114.03375244140636, 22.215694427490234], [114.03375244140636, 22.215972900390625], [114.03402709960938, 22.215972900390625], [114.03402709960938, 22.21624946594261], [114.03485870361351, 22.21624946594261], [114.03485870361351, 22.216527938843], [114.03569793701183, 22.216527938843], [114.03569793701183, 22.21680641174339], [114.03624725341797, 22.21680641174339], [114.03624725341797, 22.217916488647575], [114.03597259521507, 22.217916488647575], [114.03597259521507, 22.218193054199332], [114.03389739990257, 22.218193054199332], [114.0326385498048, 22.218193054199332], [114.0326385498048, 22.218471527099894], [114.03291320800804, 22.218471527099894], [114.03291320800804, 22.218750000000114], [114.0334701538086, 22.218750000000114], [114.0334701538086, 22.219028472900504], [114.03402709960938, 22.219028472900504], [114.03402709960938, 22.219303131103686], [114.03430175781295, 22.219303131103686], [114.03430938720749, 22.219583511352653], [114.03485870361351, 22.219583511352653], [114.03485870361351, 22.219861984253043], [114.03541564941418, 22.219861984253043], [114.03541564941418, 22.220138549804688], [114.03569793701183, 22.220138549804688], [114.03569793701183, 22.220693588256836], [114.03597259521507, 22.220693588256836], [114.03597259521507, 22.221250534057617], [114.03624725341797, 22.221250534057617], [114.03624725341797, 22.22208595275879], [114.03541564941418, 22.22208595275879], [114.03541564941418, 22.22236061096214], [114.03514099121128, 22.22236061096214], [114.03514099121128, 22.222637176513786], [114.03485870361351, 22.222637176513786], [114.03485870361351, 22.224029541015852]]], [[[114.13597106933639, 22.225973129272575], [114.1362533569336, 22.225973129272575], [114.1362533569336, 22.22652816772461], [114.13486480712902, 22.22652816772461], [114.13485717773438, 22.226251602172965], [114.13430786132824, 22.226251602172965], [114.13430786132824, 22.225973129272575], [114.13402557373058, 22.225973129272575], [114.13402557373058, 22.225694656372013], [114.13346862792991, 22.225694656372013], [114.13346862792991, 22.225416183471623], [114.13319396972656, 22.225416183471623], [114.13318634033203, 22.225139617920036], [114.13291931152389, 22.225139617920036], [114.13291931152389, 22.224582672119254], [114.13263702392578, 22.224582672119254], [114.132606506348, 22.224029541015852], [114.13236236572277, 22.224029541015852], [114.13236236572277, 22.2234725952149], [114.13263702392578, 22.2234725952149], [114.13263702392578, 22.22319412231451], [114.13346862792991, 22.22319412231451], [114.13346862792991, 22.222919464111328], [114.13430786132824, 22.222919464111328], [114.13430786132824, 22.22319412231451], [114.13513946533203, 22.22319412231451], [114.13513946533203, 22.2234725952149], [114.13541412353527, 22.2234725952149], [114.13541412353527, 22.223747253417912], [114.13597106933639, 22.223747253417912], [114.13597106933639, 22.224029541015852], [114.1362533569336, 22.224029541015852], [114.1362533569336, 22.224582672119254], [114.13597106933639, 22.224582672119254], [114.13597106933639, 22.225973129272575]]], [[[114.25902557373047, 22.22652816772461], [114.25819396972668, 22.22652816772461], [114.25819396972668, 22.226251602172965], [114.25736236572266, 22.226251602172965], [114.25736236572266, 22.22652816772461], [114.2562484741211, 22.22652816772461], [114.2562484741211, 22.226251602172965], [114.25597381591797, 22.226251602172965], [114.25597381591797, 22.225973129272575], [114.25569152832054, 22.225973129272575], [114.25569152832054, 22.225694656372013], [114.25597381591797, 22.225694656372013], [114.25597381591797, 22.225416183471623], [114.2562484741211, 22.225416183471623], [114.2562484741211, 22.225139617920036], [114.25680541992188, 22.225139617920036], [114.25680541992188, 22.2248592376709], [114.25819396972668, 22.2248592376709], [114.25819396972668, 22.224582672119254], [114.25875091552757, 22.224582672119254], [114.25875091552757, 22.2248592376709], [114.25902557373047, 22.2248592376709], [114.25902557373047, 22.225139617920036], [114.25930786132812, 22.225139617920036], [114.25930786132812, 22.226251602172965], [114.25902557373047, 22.226251602172965], [114.25902557373047, 22.22652816772461]]], [[[114.18736267089844, 22.236804962158146], [114.18624877929688, 22.236804962158146], [114.18624877929688, 22.23624992370617], [114.18569183349632, 22.23624992370617], [114.18569183349632, 22.236526489257756], [114.18458557128929, 22.236526489257756], [114.18458557128929, 22.23624992370617], [114.1843032836914, 22.23624992370617], [114.1843032836914, 22.23597145080595], [114.18374633789062, 22.23597145080595], [114.18374633789062, 22.235696792602766], [114.18347167968761, 22.235696792602766], [114.18347167968761, 22.23597145080595], [114.18208312988293, 22.23597145080595], [114.18208312988293, 22.235696792602766], [114.18180847168003, 22.235696792602766], [114.18180847168003, 22.234861373901595], [114.18152618408226, 22.234861373901595], [114.18152618408226, 22.234304428100643], [114.18180847168003, 22.234304428100643], [114.18180847168003, 22.233749389648665], [114.18208312988293, 22.233749389648665], [114.18208312988293, 22.23347282409668], [114.18264007568382, 22.23347282409668], [114.18264007568382, 22.23319435119629], [114.18291473388672, 22.233173370361442], [114.18291473388672, 22.2329158782959], [114.18319702148438, 22.2329158782959], [114.18319702148438, 22.23282241821289], [114.18319702148438, 22.23263931274414], [114.18347167968761, 22.23263931274414], [114.18347167968761, 22.232505798339957], [114.18347167968761, 22.232084274291935], [114.18374633789062, 22.23208236694353], [114.18374633789062, 22.231805801391545], [114.18514251708996, 22.231805801391545], [114.18514251708996, 22.23236083984375], [114.18569183349632, 22.23236083984375], [114.18569183349632, 22.23263931274414], [114.18624877929688, 22.23263931274414], [114.18624877929688, 22.2329158782959], [114.18763732910179, 22.2329158782959], [114.18763732910179, 22.23263931274414], [114.18791961669956, 22.23263931274414], [114.18791961669956, 22.2329158782959], [114.18819427490246, 22.2329158782959], [114.18819427490246, 22.23319435119629], [114.18846893310558, 22.23319435119629], [114.18846893310558, 22.23347282409668], [114.18875122070335, 22.23354339599632], [114.18875122070335, 22.233749389648665], [114.18902587890625, 22.233749389648665], [114.18902587890625, 22.234027862549055], [114.1893081665039, 22.23409843444847], [114.1893081665039, 22.234304428100643], [114.18958282470714, 22.234304428100643], [114.18958282470714, 22.23482322692871], [114.18958282470714, 22.23513793945324], [114.1893081665039, 22.235139846801985], [114.1893081665039, 22.235235214233626], [114.1893081665039, 22.23541641235363], [114.18918609619186, 22.23541641235363], [114.18902587890625, 22.23541641235363], [114.18900299072277, 22.235696792602766], [114.18875122070335, 22.235696792602766], [114.18875122070335, 22.235832214355696], [114.18875122070335, 22.23597145080595], [114.18819427490246, 22.23597145080595], [114.18819427490246, 22.23624992370617], [114.18763732910179, 22.23624992370617], [114.18763732910179, 22.236526489257756], [114.18736267089844, 22.236526489257756], [114.18736267089844, 22.236804962158146]]], [[[114.11818695068371, 22.24124908447277], [114.11763763427757, 22.24124908447277], [114.11763763427757, 22.240972518920955], [114.11736297607422, 22.240972518920955], [114.11732482910168, 22.240417480468977], [114.11708068847702, 22.240417480468977], [114.11708068847702, 22.23930549621582], [114.11680603027344, 22.23930549621582], [114.11680603027344, 22.238750457763672], [114.11653137207043, 22.238750457763672], [114.11653137207043, 22.238470077514876], [114.11502075195312, 22.238470077514876], [114.11486053466831, 22.238470077514876], [114.11486053466831, 22.238195419311467], [114.11430358886719, 22.23818969726574], [114.11430358886719, 22.23791885375988], [114.11319732666016, 22.23791885375988], [114.11319732666016, 22.23764038085966], [114.1126403808596, 22.23764038085966], [114.1126403808596, 22.237361907959098], [114.11235809326183, 22.237361907959098], [114.11235809326183, 22.237083435058707], [114.11152648925804, 22.237083435058707], [114.11152648925804, 22.236804962158146], [114.11013793945312, 22.236804962158146], [114.11013793945312, 22.236526489257756], [114.11000061035179, 22.236526489257756], [114.10958099365234, 22.236526489257756], [114.10958099365234, 22.235696792602766], [114.10930633544933, 22.235696792602766], [114.10926055908249, 22.23541641235363], [114.10874938964855, 22.23541641235363], [114.10874938964855, 22.235139846801985], [114.10763549804688, 22.23513793945324], [114.10763549804688, 22.234861373901595], [114.1073608398442, 22.234861373901595], [114.1073608398442, 22.234582901001033], [114.10652923583984, 22.234582901001033], [114.10652923583984, 22.234304428100643], [114.10597229003929, 22.234304428100643], [114.10597229003929, 22.234027862549055], [114.10569763183605, 22.234027862549055], [114.10569763183605, 22.23319435119629], [114.10597229003929, 22.23319435119629], [114.10597229003929, 22.2329158782959], [114.10624694824219, 22.2329158782959], [114.10624694824219, 22.23263931274414], [114.10652923583984, 22.23263931274414], [114.10652923583984, 22.23236083984375], [114.10708618164062, 22.23236083984375], [114.10708618164062, 22.232084274291935], [114.10791778564476, 22.23208236694353], [114.10792541503952, 22.231805801391545], [114.10874938964855, 22.231805801391545], [114.10874938964855, 22.23152732849121], [114.10958099365234, 22.23152732849121], [114.10958099365234, 22.231250762939737], [114.10986328125, 22.231250762939737], [114.10986328125, 22.230972290039176], [114.11007690429699, 22.230972290039176], [114.11013793945312, 22.229583740234432], [114.10986328125, 22.229583740234432], [114.10986328125, 22.22930526733404], [114.10930633544933, 22.22930526733404], [114.10930633544933, 22.229028701782454], [114.10902404785179, 22.229028701782454], [114.10902404785179, 22.228750228882063], [114.10874938964855, 22.228750228882063], [114.10874938964855, 22.228471755981673], [114.10847473144554, 22.228471755981673], [114.10847473144554, 22.227638244629134], [114.10874938964855, 22.227638244629134], [114.10874938964855, 22.22652816772461], [114.1104202270509, 22.22652816772461], [114.1104202270509, 22.226251602172965], [114.1106948852539, 22.226251602172965], [114.11068725585938, 22.225694656372013], [114.10986328125, 22.225694656372013], [114.10986328125, 22.225416183471623], [114.10930633544933, 22.225416183471623], [114.10930633544933, 22.225139617920036], [114.10874938964855, 22.225139617920036], [114.10874938964855, 22.2248592376709], [114.108192443848, 22.2248592376709], [114.108192443848, 22.224582672119254], [114.10791778564476, 22.224582672119254], [114.10791778564476, 22.224306106567496], [114.1073608398442, 22.224306106567496], [114.1073608398442, 22.224029541015852], [114.10708618164062, 22.224029541015852], [114.10708618164062, 22.223747253417912], [114.10680389404308, 22.223747253417912], [114.10679626464855, 22.22319412231451], [114.10624694824219, 22.22319412231451], [114.10622406005871, 22.222919464111328], [114.10597229003929, 22.222919464111328], [114.10597229003929, 22.222637176513786], [114.10569763183605, 22.222637176513786], [114.10569763183605, 22.22236061096214], [114.1054153442384, 22.22236061096214], [114.1054153442384, 22.22208595275879], [114.1051406860355, 22.22208595275879], [114.10511779785168, 22.221805572509766], [114.10485839843773, 22.221805572509766], [114.10485839843773, 22.2215251922608], [114.10458374023438, 22.2215251922608], [114.10457611083984, 22.221250534057617], [114.1043090820317, 22.221250534057617], [114.1043090820317, 22.220138549804688], [114.10375213623058, 22.220138549804688], [114.10375213623058, 22.219861984253043], [114.10346984863281, 22.219861984253043], [114.10346984863281, 22.219583511352653], [114.10319519042969, 22.219583511352653], [114.1031417846682, 22.219028472900504], [114.10291290283226, 22.219028472900504], [114.10291290283226, 22.218471527099894], [114.10263824462902, 22.218471527099894], [114.10263824462902, 22.21624946594261], [114.10291290283226, 22.21624946594261], [114.10295104980491, 22.215972900390625], [114.10346984863281, 22.215972900390625], [114.10346984863281, 22.21624946594261], [114.1129150390625, 22.21624946594261], [114.1129150390625, 22.216527938843], [114.11319732666016, 22.216527938843], [114.11319732666016, 22.21736145019554], [114.1134719848634, 22.21736145019554], [114.1134719848634, 22.218193054199332], [114.1137466430664, 22.218193054199332], [114.1137466430664, 22.220138549804688], [114.11624908447266, 22.220138549804688], [114.11624908447266, 22.219861984253043], [114.11680603027344, 22.219861984253043], [114.11680603027344, 22.219583511352653], [114.11708068847702, 22.219583511352653], [114.11708068847702, 22.219303131103686], [114.11736297607422, 22.219303131103686], [114.11736297607422, 22.219028472900504], [114.11846923828136, 22.219028472900504], [114.11846923828136, 22.218750000000114], [114.11930847167969, 22.218750000000114], [114.11930847167969, 22.218471527099894], [114.11985778808594, 22.218471527099894], [114.11985778808594, 22.21736145019554], [114.11958312988293, 22.21736145019554], [114.11958312988293, 22.217084884643555], [114.12014007568405, 22.217084884643555], [114.12014007568405, 22.215139389038086], [114.12041473388672, 22.215139389038086], [114.12041473388672, 22.214862823486442], [114.1206970214846, 22.214862823486442], [114.1206970214846, 22.21430587768549], [114.12097167968784, 22.21430587768549], [114.12097167968784, 22.21347236633312], [114.1206970214846, 22.21347236633312], [114.1206970214846, 22.21319389343273], [114.12041473388672, 22.21319389343273], [114.12041473388672, 22.212917327880973], [114.1206970214846, 22.212917327880973], [114.1206970214846, 22.212358474731445], [114.12124633789074, 22.212358474731445], [114.12124633789074, 22.211805343627987], [114.1215286254884, 22.211805343627987], [114.1215286254884, 22.2115287780764], [114.12180328369163, 22.2115287780764], [114.12180328369163, 22.210695266723633], [114.1215286254884, 22.210695266723633], [114.1215286254884, 22.210418701171875], [114.12124633789074, 22.210418701171875], [114.12124633789074, 22.210136413574276], [114.12097167968784, 22.210136413574276], [114.12097167968784, 22.209304809570312], [114.12124633789074, 22.209304809570312], [114.12124633789074, 22.207914352416992], [114.12041473388672, 22.207914352416992], [114.12040710449219, 22.20763969421398], [114.11985778808594, 22.20763969421398], [114.11985778808594, 22.20736122131376], [114.11958312988293, 22.20736122131376], [114.11961364746105, 22.20652770996105], [114.11985778808594, 22.20652770996105], [114.11985778808594, 22.205972671508846], [114.12014007568405, 22.205972671508846], [114.12014007568405, 22.205694198608455], [114.12041473388672, 22.205694198608455], [114.12042236328125, 22.205415725708065], [114.12097167968784, 22.205415725708065], [114.12097167968784, 22.205139160156477], [114.12180328369163, 22.205139160156477], [114.12180328369163, 22.204860687256087], [114.12236022949219, 22.204860687256087], [114.12236022949219, 22.204582214355696], [114.12264251708984, 22.204582214355696], [114.12264251708984, 22.203750610351562], [114.12236022949219, 22.203750610351562], [114.12236022949219, 22.203472137451342], [114.12142181396507, 22.203472137451342], [114.12124633789074, 22.203472137451342], [114.12124633789074, 22.20319366455078], [114.1215286254884, 22.20319366455078], [114.1215286254884, 22.202917098999023], [114.12180328369163, 22.202917098999023], [114.12180328369163, 22.201805114746037], [114.1215286254884, 22.201805114746037], [114.1215286254884, 22.197359085083235], [114.12097167968784, 22.197359085083235], [114.12095642089855, 22.19708251953142], [114.1206970214846, 22.19708251953142], [114.1206970214846, 22.196250915527628], [114.12041473388672, 22.196250915527628], [114.12041473388672, 22.195138931274528], [114.12014007568405, 22.195138931274528], [114.12014007568405, 22.194860458374137], [114.12041473388672, 22.194860458374137], [114.12041473388672, 22.192638397217024], [114.12014007568405, 22.192638397217024], [114.12014007568405, 22.19236183166521], [114.11985778808594, 22.19236183166521], [114.11985778808594, 22.19124984741211], [114.12014007568405, 22.19124984741211], [114.12014007568405, 22.190416336059513], [114.11902618408203, 22.190416336059513], [114.11902618408203, 22.190139770507926], [114.11846923828136, 22.190139770507926], [114.11846923828136, 22.189861297607706], [114.11819458007824, 22.189861297607706], [114.11819458007824, 22.189582824707145], [114.11791992187534, 22.189582824707145], [114.11791992187534, 22.189306259155387], [114.11763763427757, 22.189306259155387], [114.11763763427757, 22.188749313354606], [114.11736297607422, 22.188749313354606], [114.11736297607422, 22.18847274780279], [114.11708068847702, 22.18847274780279], [114.11708068847702, 22.18791580200201], [114.11680603027344, 22.18791580200201], [114.11680603027344, 22.1881942749024], [114.11653137207043, 22.1881942749024], [114.11653137207043, 22.18847274780279], [114.1156921386721, 22.18847274780279], [114.1156921386721, 22.1881942749024], [114.11513519287121, 22.1881942749024], [114.11513519287121, 22.187639236450423], [114.11486053466831, 22.187639236450423], [114.11486053466831, 22.187362670898438], [114.11458587646507, 22.187362670898438], [114.11458587646507, 22.187084197998047], [114.11430358886719, 22.187084197998047], [114.11430358886719, 22.186250686645508], [114.11402893066452, 22.186250686645508], [114.1140060424807, 22.185140609741495], [114.1137466430664, 22.185140609741495], [114.1137466430664, 22.184028625488395], [114.11402893066452, 22.184028625488395], [114.11402893066452, 22.18291854858421], [114.11430358886719, 22.18291854858421], [114.11430358886719, 22.18236160278343], [114.11458587646507, 22.18236160278343], [114.11458587646507, 22.18180465698248], [114.11513519287121, 22.18180465698248], [114.11513519287121, 22.181526184082088], [114.11541748046886, 22.181526184082088], [114.11541748046886, 22.1812496185305], [114.11597442626953, 22.1812496185305], [114.11597442626953, 22.180973052978516], [114.11692810058594, 22.180973052978516], [114.11708068847702, 22.180973052978516], [114.11708068847702, 22.180694580078125], [114.11763763427757, 22.180694580078125], [114.11763763427757, 22.18041419982916], [114.11791992187534, 22.18041419982916], [114.11791992187534, 22.180139541625977], [114.11819458007824, 22.180139541625977], [114.11819458007824, 22.179861068725586], [114.11846923828136, 22.179861068725586], [114.11846923828136, 22.179582595825366], [114.11958312988293, 22.179582595825366], [114.11958312988293, 22.179304122924805], [114.12124633789074, 22.179304122924805], [114.12124633789074, 22.179582595825366], [114.12180328369163, 22.179582595825366], [114.12180328369163, 22.180139541625977], [114.12208557128918, 22.180139541625977], [114.12208557128918, 22.180973052978516], [114.12236022949219, 22.180973052978516], [114.12236022949219, 22.1812496185305], [114.12291717529297, 22.1812496185305], [114.12291717529297, 22.180973052978516], [114.12319183349655, 22.180973052978516], [114.12319183349655, 22.180694580078125], [114.12347412109375, 22.180694580078125], [114.12347412109375, 22.18041419982916], [114.1237487792971, 22.18041419982916], [114.1237487792971, 22.180139541625977], [114.12403106689453, 22.180139541625977], [114.12403106689453, 22.179861068725586], [114.1245803833009, 22.179861068725586], [114.1245803833009, 22.179304122924805], [114.12486267089855, 22.179304122924805], [114.12486267089855, 22.177917480468864], [114.12513732910168, 22.177917480468864], [114.12513732910168, 22.177639007568473], [114.12541961669945, 22.177639007568473], [114.12541961669945, 22.177360534668082], [114.12596893310547, 22.17737007141119], [114.12596893310547, 22.177639007568473], [114.12680816650436, 22.17764091491722], [114.12680816650436, 22.177917480468864], [114.1274566650394, 22.177917480468864], [114.12763977050815, 22.177917480468864], [114.12763977050815, 22.178192138671875], [114.12819671630871, 22.178192138671875], [114.12819671630871, 22.178472518921012], [114.12847137451195, 22.178472518921012], [114.12847137451195, 22.178749084472656], [114.12819671630871, 22.178749084472656], [114.12819671630871, 22.179582595825366], [114.12847137451195, 22.179582595825366], [114.12847137451195, 22.179861068725586], [114.1290283203125, 22.179861068725586], [114.1290283203125, 22.180139541625977], [114.12930297851574, 22.180139541625977], [114.12930297851574, 22.18041419982916], [114.12958526611328, 22.18041419982916], [114.12958526611328, 22.180694580078125], [114.12985992431686, 22.180694580078125], [114.12985992431686, 22.180973052978516], [114.13014221191406, 22.180973052978516], [114.13014221191406, 22.1812496185305], [114.13041687011741, 22.1812496185305], [114.13041687011741, 22.18180465698248], [114.13069152832065, 22.18180465698248], [114.13069152832065, 22.18208312988287], [114.13097381591808, 22.18208312988287], [114.13097381591808, 22.18236160278343], [114.13124847412121, 22.18236160278343], [114.13124847412121, 22.18263626098627], [114.13153076171898, 22.18264007568382], [114.13153076171898, 22.18291854858421], [114.13180541992188, 22.18291854858421], [114.13180541992188, 22.1831951141358], [114.132080078125, 22.1831951141358], [114.132080078125, 22.18291854858421], [114.13236236572277, 22.18291854858421], [114.13236236572277, 22.18236160278343], [114.13263702392578, 22.18236160278343], [114.13263702392578, 22.18180465698248], [114.13291931152389, 22.18180465698248], [114.13291931152389, 22.1812496185305], [114.13319396972656, 22.1812496185305], [114.13319396972656, 22.180694580078125], [114.13346862792991, 22.180694580078125], [114.13346862792991, 22.180139541625977], [114.13375091552768, 22.180139541625977], [114.13375091552768, 22.179861068725586], [114.13402557373058, 22.179861068725586], [114.13402557373058, 22.179582595825366], [114.13430786132824, 22.179582595825366], [114.13435363769531, 22.179027557373047], [114.13458251953148, 22.179027557373047], [114.13458251953148, 22.178749084472656], [114.13486480712902, 22.178749084472656], [114.13486480712902, 22.178472518921012], [114.13541412353527, 22.178472518921012], [114.13541412353527, 22.178192138671875], [114.13569641113281, 22.178192138671875], [114.13569641113281, 22.177917480468864], [114.13581848144543, 22.177917480468864], [114.1362533569336, 22.177917480468864], [114.1362533569336, 22.177639007568473], [114.13735961914074, 22.177639007568473], [114.13735961914074, 22.178472518921012], [114.1376419067384, 22.178472518921012], [114.1376419067384, 22.18263626098627], [114.13735961914074, 22.18264007568382], [114.13735961914074, 22.1831951141358], [114.13708496093773, 22.183200836181754], [114.13707733154308, 22.183748245239258], [114.13680267334018, 22.183748245239258], [114.13680267334018, 22.184305191039982], [114.13652801513695, 22.184305191039982], [114.13652801513695, 22.184858322143782], [114.1362533569336, 22.184858322143782], [114.1362533569336, 22.185140609741495], [114.13597106933639, 22.185140609741495], [114.13597106933639, 22.185693740844727], [114.13569641113281, 22.185693740844727], [114.13569641113281, 22.186250686645508], [114.13541412353527, 22.186250686645508], [114.13540649414074, 22.186805725097656], [114.13513946533203, 22.186809539795206], [114.13513946533203, 22.187362670898438], [114.13486480712902, 22.187362670898438], [114.13486480712902, 22.18847274780279], [114.13458251953148, 22.18847274780279], [114.13458251953148, 22.189582824707145], [114.13486480712902, 22.189582824707145], [114.13486480712902, 22.189861297607706], [114.13541412353527, 22.189861297607706], [114.13541412353527, 22.190139770507926], [114.13569641113281, 22.190139770507926], [114.13569641113281, 22.190416336059513], [114.13597106933639, 22.190416336059513], [114.13597106933639, 22.190694808959904], [114.13652801513695, 22.190694808959904], [114.13652801513695, 22.19097137451172], [114.13680267334018, 22.19097137451172], [114.13680267334018, 22.19124984741211], [114.13708496093773, 22.19124984741211], [114.13708496093773, 22.189582824707145], [114.13735961914074, 22.189582824707145], [114.13735961914074, 22.189306259155387], [114.1376419067384, 22.189306259155387], [114.1376419067384, 22.189027786254996], [114.13791656494152, 22.189027786254996], [114.13791656494152, 22.188749313354606], [114.13819122314453, 22.188749313354606], [114.13819122314453, 22.18847274780279], [114.13874816894531, 22.18847274780279], [114.13874816894531, 22.1881942749024], [114.1393051147461, 22.1881942749024], [114.1393051147461, 22.18791580200201], [114.13986206054688, 22.18791580200201], [114.13986206054688, 22.187639236450423], [114.14013671875023, 22.187639236450423], [114.14013671875023, 22.187362670898438], [114.140419006348, 22.187362670898438], [114.140419006348, 22.187084197998047], [114.1406936645509, 22.187084197998047], [114.1406936645509, 22.186527252197493], [114.14125061035179, 22.186527252197493], [114.14125061035179, 22.186250686645508], [114.14208221435558, 22.186250686645508], [114.14208221435558, 22.185972213745288], [114.14236450195312, 22.185972213745288], [114.14236450195312, 22.185693740844727], [114.1426391601567, 22.185693740844727], [114.1426391601567, 22.18541717529297], [114.14291381835938, 22.18541717529297], [114.14291381835938, 22.184858322143782], [114.14319610595726, 22.184858322143782], [114.14319610595726, 22.184583663940543], [114.1434707641605, 22.184583663940543], [114.1434707641605, 22.184305191039982], [114.14375305175793, 22.184305191039982], [114.14375305175793, 22.184028625488395], [114.14402770996105, 22.184028625488395], [114.14402770996105, 22.183748245239258], [114.14430236816429, 22.183748245239258], [114.14430236816429, 22.183471679687784], [114.14514160156261, 22.183471679687784], [114.14514160156261, 22.183748245239258], [114.1459732055664, 22.183748245239258], [114.1459732055664, 22.1831951141358], [114.14653015136753, 22.1831951141358], [114.14653015136753, 22.18291854858421], [114.14736175537132, 22.18291854858421], [114.14736175537132, 22.18263626098627], [114.14763641357422, 22.18263626098627], [114.14763641357422, 22.181526184082088], [114.14791870117188, 22.181526184082088], [114.14791870117188, 22.1812496185305], [114.14819335937511, 22.1812496185305], [114.14819335937511, 22.180973052978516], [114.14875030517624, 22.180973052978516], [114.14875030517624, 22.1812496185305], [114.1490249633789, 22.1812496185305], [114.1490249633789, 22.18263626098627], [114.14875030517624, 22.18263626098627], [114.14871978759788, 22.18304634094261], [114.14871215820324, 22.1831951141358], [114.14847564697266, 22.1831951141358], [114.14847564697266, 22.184028625488395], [114.14819335937511, 22.184028625488395], [114.14819335937511, 22.184406280517578], [114.14819335937511, 22.184583663940543], [114.14804840087925, 22.184583663940543], [114.14791870117188, 22.184583663940543], [114.14791870117188, 22.18541717529297], [114.14763641357422, 22.18541717529297], [114.1475753784182, 22.185972213745288], [114.14736175537132, 22.185972213745288], [114.14736175537132, 22.186527252197493], [114.14708709716808, 22.186527252197493], [114.14706420898438, 22.187084197998047], [114.14680480957043, 22.187084197998047], [114.14680480957043, 22.187362670898438], [114.14653015136753, 22.187362670898438], [114.14653015136753, 22.187639236450423], [114.14624786376976, 22.187639236450423], [114.14624786376976, 22.1881942749024], [114.1459732055664, 22.1881942749024], [114.1459732055664, 22.18847274780279], [114.1456909179692, 22.18847274780279], [114.1456909179692, 22.188749313354606], [114.14541625976562, 22.188751220703352], [114.14541625976562, 22.189306259155387], [114.14514160156261, 22.189306259155387], [114.14514160156261, 22.189582824707145], [114.14485931396484, 22.189582824707145], [114.14485931396484, 22.190139770507926], [114.14458465576172, 22.190139770507926], [114.14458465576172, 22.190694808959904], [114.14430236816429, 22.190694808959904], [114.14430236816429, 22.19097137451172], [114.14402770996105, 22.19097137451172], [114.14402770996105, 22.1915283203125], [114.14375305175793, 22.1915283203125], [114.14375305175793, 22.19208335876465], [114.1434707641605, 22.19208335876465], [114.14345550537121, 22.193471908569563], [114.14319610595726, 22.193471908569563], [114.14319610595726, 22.194522857666016], [114.14319610595726, 22.194860458374137], [114.14291381835938, 22.194860458374137], [114.14291381835938, 22.194955825805778], [114.14291381835938, 22.195138931274528], [114.14278411865257, 22.195138931274528], [114.1426391601567, 22.195138931274528], [114.1426391601567, 22.195358276367188], [114.1426391601567, 22.195693969726676], [114.14250946044933, 22.195693969726676], [114.14236450195312, 22.195693969726676], [114.14236450195312, 22.195972442627067], [114.14125061035179, 22.195972442627067], [114.14125061035179, 22.195693969726676], [114.1406936645509, 22.195693969726676], [114.1406936645509, 22.195415496826115], [114.14013671875023, 22.195415496826115], [114.14012908935558, 22.195693969726676], [114.13986206054688, 22.195693969726676], [114.13986206054688, 22.197359085083235], [114.14013671875023, 22.197359085083235], [114.14013671875023, 22.19847297668457], [114.1426391601567, 22.19847297668457], [114.1426391601567, 22.19819450378418], [114.14291381835938, 22.19819450378418], [114.14291381835938, 22.197917938232422], [114.1434707641605, 22.197917938232422], [114.1434707641605, 22.19819450378418], [114.14375305175793, 22.19819450378418], [114.14375305175793, 22.19874763488781], [114.14402770996105, 22.19874763488781], [114.14402770996105, 22.19902992248535], [114.14485931396484, 22.19902992248535], [114.14485931396484, 22.199304580688533], [114.1456909179692, 22.199306488037337], [114.1456909179692, 22.199861526489485], [114.1459732055664, 22.199861526489485], [114.1459732055664, 22.20041656494152], [114.1456909179692, 22.20041656494152], [114.1456909179692, 22.20152854919445], [114.1459732055664, 22.20152854919445], [114.1459732055664, 22.202360153198242], [114.14653015136753, 22.202360153198242], [114.14653015136753, 22.202083587646598], [114.14708709716808, 22.202083587646598], [114.1471176147461, 22.202360153198242], [114.14736175537132, 22.20236206054699], [114.14736175537132, 22.202638626098633], [114.14763641357422, 22.202638626098633], [114.14763641357422, 22.20319366455078], [114.1490249633789, 22.20319366455078], [114.1490249633789, 22.203472137451342], [114.14930725097679, 22.203472137451342], [114.14930725097679, 22.204582214355696], [114.1490249633789, 22.204582214355696], [114.1490249633789, 22.204860687256087], [114.14875030517624, 22.204860687256087], [114.14875030517624, 22.205139160156477], [114.15013885498058, 22.205141067505053], [114.15013885498058, 22.205415725708065], [114.15041351318382, 22.205415725708065], [114.15041351318382, 22.205694198608455], [114.15069580078136, 22.205694198608455], [114.15069580078136, 22.205972671508846], [114.15097045898438, 22.205972671508846], [114.15097045898438, 22.20624923706066], [114.15180206298874, 22.20624923706066], [114.15180206298874, 22.205972671508846], [114.15235900878929, 22.205972671508846], [114.15235900878929, 22.205694198608455], [114.15264129638672, 22.205694198608455], [114.15264129638672, 22.205415725708065], [114.15291595459007, 22.205415725708065], [114.15291595459007, 22.204860687256087], [114.15319061279308, 22.204860687256087], [114.15319824218784, 22.204582214355696], [114.15347290039074, 22.204582214355696], [114.15348815917991, 22.20430564880371], [114.15374755859386, 22.20430564880371], [114.15374755859386, 22.204027175903548], [114.15402984619163, 22.204027175903548], [114.15402984619163, 22.203750610351562], [114.15430450439453, 22.203750610351562], [114.15430450439453, 22.203472137451342], [114.15625000000034, 22.203472137451342], [114.15625000000034, 22.203750610351562], [114.15736389160156, 22.203750610351562], [114.15736389160156, 22.204027175903548], [114.15791320800793, 22.204027175903548], [114.15791320800793, 22.204582214355696], [114.15819549560547, 22.204582214355696], [114.15819549560547, 22.205139160156477], [114.15847015380905, 22.205139160156477], [114.15847015380905, 22.205694198608455], [114.1590270996096, 22.205694198608455], [114.1590270996096, 22.205972671508846], [114.15930175781284, 22.205972671508846], [114.15930938720737, 22.20624923706066], [114.1598587036134, 22.206251144409407], [114.1598587036134, 22.20680427551281], [114.16014099121116, 22.20680427551281], [114.16014099121116, 22.20763969421398], [114.16041564941406, 22.20763969421398], [114.16041564941406, 22.20819473266596], [114.16014099121116, 22.20819473266596], [114.16014099121116, 22.208471298217773], [114.16006469726597, 22.208471298217773], [114.1598587036134, 22.208471298217773], [114.1598587036134, 22.209026336669922], [114.15958404541027, 22.209026336669922], [114.15958404541027, 22.209304809570312], [114.15930938720737, 22.209304809570312], [114.15927124023438, 22.209583282470703], [114.1590270996096, 22.209583282470703], [114.1590270996096, 22.209928512573356], [114.1590270996096, 22.210136413574276], [114.15874481201172, 22.210136413574276], [114.15513610839844, 22.210136413574276], [114.15513610839844, 22.209861755371264], [114.15291595459007, 22.209861755371264], [114.15291595459007, 22.210136413574276], [114.15264129638672, 22.210140228271484], [114.15264129638672, 22.210695266723633], [114.15235900878929, 22.210695266723633], [114.15235900878929, 22.21125030517601], [114.15208435058594, 22.21125030517601], [114.1520767211914, 22.211805343627987], [114.15180206298874, 22.211805343627987], [114.15180206298874, 22.212358474731445], [114.15041351318382, 22.212358474731445], [114.15040588378929, 22.212083816528377], [114.14958190918003, 22.212083816528377], [114.14958190918003, 22.211805343627987], [114.14875030517624, 22.211805343627987], [114.14875030517624, 22.210971832275618], [114.14819335937511, 22.210971832275618], [114.14819335937511, 22.21125030517601], [114.14680480957043, 22.21125030517601], [114.14680480957043, 22.210695266723633], [114.14653015136753, 22.210695266723633], [114.14653015136753, 22.209304809570312], [114.1459732055664, 22.209304809570312], [114.1459732055664, 22.209026336669922], [114.14541625976562, 22.209026336669922], [114.14541625976562, 22.20763969421398], [114.14458465576172, 22.20763969421398], [114.14457702636719, 22.207914352416992], [114.14402770996105, 22.207914352416992], [114.14402770996105, 22.20819473266596], [114.14319610595726, 22.20819473266596], [114.14319610595726, 22.208471298217773], [114.14295959472656, 22.208471298217773], [114.14236450195312, 22.208471298217773], [114.14236450195312, 22.208749771118164], [114.14152526855469, 22.208749771118164], [114.14152526855469, 22.209026336669922], [114.1406936645509, 22.209026336669922], [114.1406936645509, 22.209304809570312], [114.1376419067384, 22.209304809570312], [114.1376419067384, 22.209026336669922], [114.13541412353527, 22.209026336669922], [114.13540649414074, 22.208749771118164], [114.13513946533203, 22.208749771118164], [114.13513946533203, 22.208471298217773], [114.13486480712902, 22.208471298217773], [114.13486480712902, 22.20819473266596], [114.13375091552768, 22.20819473266596], [114.13375091552768, 22.207914352416992], [114.13346862792991, 22.207914352416992], [114.13346862792991, 22.20763969421398], [114.13319396972656, 22.20763969421398], [114.13318634033203, 22.20736122131376], [114.13291931152389, 22.20736122131376], [114.13291931152389, 22.2070827484132], [114.13263702392578, 22.2070827484132], [114.13263702392578, 22.20680427551281], [114.132080078125, 22.20680427551281], [114.132080078125, 22.20652770996105], [114.13153076171898, 22.20652770996105], [114.13153076171898, 22.20624923706066], [114.13097381591808, 22.20624923706066], [114.13096618652355, 22.205972671508846], [114.13041687011741, 22.205972671508846], [114.13041687011741, 22.203472137451342], [114.13014221191406, 22.203472137451342], [114.13014221191406, 22.202917098999023], [114.12930297851574, 22.202917098999023], [114.12930297851574, 22.20319366455078], [114.1290283203125, 22.20319366455078], [114.12898254394565, 22.203472137451342], [114.12875366210938, 22.203472137451342], [114.12875366210938, 22.203750610351562], [114.12847137451195, 22.203750610351562], [114.12847137451195, 22.204027175903548], [114.12819671630871, 22.204027175903548], [114.12819671630871, 22.20430564880371], [114.12791442871105, 22.20430564880371], [114.1278991699221, 22.204582214355696], [114.12763977050815, 22.204582214355696], [114.12763977050815, 22.204860687256087], [114.12735748291038, 22.204860687256087], [114.12735748291038, 22.205139160156477], [114.12708282470703, 22.205139160156477], [114.12708282470703, 22.205694198608455], [114.12680816650436, 22.205694198608455], [114.12680816650436, 22.205972671508846], [114.12652587890625, 22.205972671508846], [114.12652587890625, 22.20680427551281], [114.12680816650436, 22.206809997558764], [114.12680816650436, 22.207914352416992], [114.12708282470703, 22.207914352416992], [114.12708282470703, 22.208749771118164], [114.12735748291038, 22.208749771118164], [114.12735748291038, 22.209304809570312], [114.12763977050815, 22.209304809570312], [114.12763977050815, 22.209583282470703], [114.12791442871105, 22.209583282470703], [114.12791442871105, 22.210136413574276], [114.12819671630871, 22.210136413574276], [114.12819671630871, 22.210418701171875], [114.12847137451195, 22.210418701171875], [114.12847137451195, 22.210695266723633], [114.12875366210938, 22.210695266723633], [114.12875366210938, 22.210971832275618], [114.12930297851574, 22.210971832275618], [114.12930297851574, 22.21125030517601], [114.12958526611328, 22.21125030517601], [114.12959289550781, 22.2115287780764], [114.12985992431686, 22.211530685424975], [114.12985992431686, 22.211805343627987], [114.13014221191406, 22.211805343627987], [114.13014221191406, 22.212083816528377], [114.13041687011741, 22.212083816528377], [114.13041687011741, 22.212358474731445], [114.13069152832065, 22.212358474731445], [114.13069152832065, 22.21264076232933], [114.13124847412121, 22.21264076232933], [114.13124847412121, 22.212917327880973], [114.13153076171898, 22.212917327880973], [114.13153076171898, 22.21319389343273], [114.13180541992188, 22.21319389343273], [114.13180541992188, 22.21347236633312], [114.13458251953148, 22.21347236633312], [114.13458251953148, 22.214027404785156], [114.13569641113281, 22.214027404785156], [114.13569641113281, 22.215415954589844], [114.13541412353527, 22.215415954589844], [114.13541412353527, 22.215694427490234], [114.13513946533203, 22.215694427490234], [114.13511657714844, 22.215972900390625], [114.13486480712902, 22.215972900390625], [114.13486480712902, 22.216527938843], [114.13541412353527, 22.216527938843], [114.13541412353527, 22.215972900390625], [114.13652801513695, 22.215972900390625], [114.13652801513695, 22.21624946594261], [114.13680267334018, 22.21624946594261], [114.13680267334018, 22.217916488647575], [114.13708496093773, 22.217916488647575], [114.13707733154308, 22.219028472900504], [114.13680267334018, 22.21903038024925], [114.13680267334018, 22.219303131103686], [114.13652801513695, 22.219303131103686], [114.13652801513695, 22.219583511352653], [114.1362533569336, 22.219583511352653], [114.13623809814453, 22.219861984253043], [114.13597106933639, 22.219861984253043], [114.1359558105471, 22.220138549804688], [114.13569641113281, 22.220140457153605], [114.13569641113281, 22.220415115356445], [114.13541412353527, 22.220415115356445], [114.13541412353527, 22.220693588256836], [114.13513946533203, 22.220693588256836], [114.13507843017612, 22.220972061157397], [114.13458251953148, 22.220972061157397], [114.13458251953148, 22.221250534057617], [114.13346862792991, 22.221250534057617], [114.13346862792991, 22.220972061157397], [114.13291931152389, 22.220972061157397], [114.13291931152389, 22.220693588256836], [114.13236236572277, 22.220693588256836], [114.13236236572277, 22.220415115356445], [114.13180541992188, 22.220415115356445], [114.13180541992188, 22.220138549804688], [114.13153076171898, 22.220138549804688], [114.13153076171898, 22.219028472900504], [114.13069152832065, 22.21903038024925], [114.13069152832065, 22.219303131103686], [114.12958526611328, 22.219303131103686], [114.12958526611328, 22.219583511352653], [114.12847137451195, 22.219583511352653], [114.12845611572266, 22.219861984253043], [114.12819671630871, 22.219861984253043], [114.12819671630871, 22.220138549804688], [114.12791442871105, 22.220140457153605], [114.12790679931663, 22.220415115356445], [114.12763977050815, 22.220415115356445], [114.12760925292969, 22.220972061157397], [114.12735748291038, 22.220972061157397], [114.12735748291038, 22.221250534057617], [114.12708282470703, 22.221250534057617], [114.12708282470703, 22.2215251922608], [114.12680816650436, 22.2215251922608], [114.12680816650436, 22.221805572509766], [114.12652587890625, 22.221805572509766], [114.12651824951172, 22.22208595275879], [114.12625122070324, 22.22208595275879], [114.12625122070324, 22.222637176513786], [114.12596893310547, 22.222637176513786], [114.12596893310547, 22.222919464111328], [114.12513732910168, 22.222919464111328], [114.12513732910168, 22.22319412231451], [114.12541961669945, 22.22319412231451], [114.12541961669945, 22.2234725952149], [114.12569427490234, 22.2234725952149], [114.12564086914085, 22.225973129272575], [114.12541961669945, 22.225973129272575], [114.12541961669945, 22.226251602172965], [114.12486267089855, 22.226251602172965], [114.12486267089855, 22.22652816772461], [114.1245803833009, 22.22652816772461], [114.1245803833009, 22.226804733276367], [114.12430572509788, 22.226804733276367], [114.12430572509788, 22.227083206176758], [114.1237487792971, 22.227083206176758], [114.1237487792971, 22.22736167907732], [114.12347412109375, 22.22736167907732], [114.12346649169922, 22.227638244629134], [114.12291717529297, 22.227638244629134], [114.12291717529297, 22.227916717529524], [114.12208557128918, 22.227916717529524], [114.12208557128918, 22.228195190429688], [114.1215286254884, 22.228202819824446], [114.1215286254884, 22.228471755981673], [114.12097167968784, 22.228479385376033], [114.12095642089855, 22.22930526733404], [114.1206970214846, 22.22930526733404], [114.1206970214846, 22.230417251587028], [114.12041473388672, 22.23042106628418], [114.12040710449219, 22.231805801391545], [114.12014007568405, 22.231805801391545], [114.12014007568405, 22.23319435119629], [114.12041473388672, 22.23319435119629], [114.12041473388672, 22.23347282409668], [114.1215286254884, 22.23347282409668], [114.1215286254884, 22.233749389648665], [114.12236022949219, 22.233749389648665], [114.12236022949219, 22.234027862549055], [114.12264251708984, 22.234027862549055], [114.12264251708984, 22.23541641235363], [114.12319183349655, 22.23541641235363], [114.12319183349655, 22.236804962158146], [114.12291717529297, 22.236804962158146], [114.12291717529297, 22.23764038085966], [114.12236022949219, 22.2376518249514], [114.12236022949219, 22.23791885375988], [114.12208557128918, 22.23791885375988], [114.12205505371105, 22.238470077514876], [114.12180328369163, 22.238470077514876], [114.12180328369163, 22.239028930664062], [114.1215286254884, 22.23903083801281], [114.1215286254884, 22.23930549621582], [114.11944580078159, 22.23930549621582], [114.11930847167969, 22.23930549621582], [114.11930084228516, 22.23958396911621], [114.11875152587913, 22.23958396911621], [114.11875152587913, 22.240417480468977], [114.11846923828136, 22.240417480468977], [114.11846923828136, 22.240972518920955], [114.11819458007824, 22.240972518920955], [114.11818695068371, 22.24124908447277]]], [[[114.15791320800793, 22.245693206787166], [114.15708160400413, 22.245693206787166], [114.15708160400413, 22.24541664123558], [114.15652465820324, 22.24541664123558], [114.15652465820324, 22.24513816833519], [114.15374755859386, 22.24513816833519], [114.15374755859386, 22.244861602783374], [114.15319824218784, 22.244861602783374], [114.15319061279308, 22.244583129882812], [114.15152740478516, 22.244583129882812], [114.15152740478516, 22.244861602783374], [114.15097045898438, 22.244861602783374], [114.15097045898438, 22.24513816833519], [114.14736175537132, 22.24513816833519], [114.14736175537132, 22.244861602783374], [114.14680480957043, 22.244861602783374], [114.14680480957043, 22.244583129882812], [114.14653015136753, 22.244583129882812], [114.14653015136753, 22.244304656982422], [114.14624786376976, 22.244304656982422], [114.14624786376976, 22.244028091430664], [114.14541625976562, 22.244028091430664], [114.14541625976562, 22.243814468383732], [114.14541625976562, 22.243194580078068], [114.1456909179692, 22.243194580078068], [114.1456909179692, 22.242916107177678], [114.1459732055664, 22.242916107177678], [114.1459732055664, 22.24263954162609], [114.14624786376976, 22.24263954162609], [114.14624786376976, 22.24236106872587], [114.14680480957043, 22.24236106872587], [114.14680480957043, 22.24180603027355], [114.14708709716808, 22.24180603027355], [114.14708709716808, 22.240694046020565], [114.14736175537132, 22.240694046020565], [114.14736175537132, 22.23958396911621], [114.14763641357422, 22.23958396911621], [114.14763641357422, 22.23930549621582], [114.14791870117188, 22.23930549621582], [114.14791870117188, 22.238750457763672], [114.14986419677757, 22.238750457763672], [114.14986419677757, 22.23764038085966], [114.15069580078136, 22.23764038085966], [114.15069580078136, 22.23791885375988], [114.15125274658203, 22.23791885375988], [114.15125274658203, 22.23819351196289], [114.15208435058594, 22.23819351196289], [114.15208435058594, 22.238470077514876], [114.15264129638672, 22.238470077514876], [114.15264129638672, 22.237993240356673], [114.15264129638672, 22.237361907959098], [114.15291595459007, 22.237361907959098], [114.15291595459007, 22.237083435058707], [114.15319061279308, 22.237083435058707], [114.15319824218784, 22.236804962158146], [114.15347290039074, 22.236804962158146], [114.15347290039074, 22.23624992370617], [114.15374755859386, 22.23624992370617], [114.15374755859386, 22.23541641235363], [114.15486145019543, 22.23541641235363], [114.15486145019543, 22.23513793945324], [114.15541839599655, 22.23513793945324], [114.15541839599655, 22.234861373901595], [114.15569305419922, 22.234861373901595], [114.15569305419922, 22.234582901001033], [114.15625000000034, 22.234582901001033], [114.15625000000034, 22.234304428100643], [114.15736389160156, 22.234304428100643], [114.15736389160156, 22.234582901001033], [114.15791320800793, 22.234582901001033], [114.15791320800793, 22.234304428100643], [114.15847015380905, 22.234304428100643], [114.15847015380905, 22.23319435119629], [114.15875244140625, 22.23319435119629], [114.15875244140625, 22.231805801391545], [114.1590270996096, 22.231805801391545], [114.1590270996096, 22.231250762939737], [114.15930175781284, 22.231250762939737], [114.15930175781284, 22.230693817138786], [114.15958404541027, 22.230693817138786], [114.15958404541027, 22.230138778686637], [114.1598587036134, 22.230138778686637], [114.1598587036134, 22.229860305786246], [114.16014099121116, 22.229860305786246], [114.16014099121116, 22.229583740234432], [114.16041564941406, 22.229583740234432], [114.16041564941406, 22.22930526733404], [114.16069793701172, 22.22930526733404], [114.16069793701172, 22.229028701782454], [114.16097259521496, 22.229028701782454], [114.16097259521496, 22.228750228882063], [114.16124725341797, 22.228750228882063], [114.16124725341797, 22.228471755981673], [114.16236114501987, 22.228471755981673], [114.16236114501987, 22.229028701782454], [114.16263580322277, 22.229028701782454], [114.16263580322277, 22.229860305786246], [114.16236114501987, 22.229860305786246], [114.16236114501987, 22.22995948791504], [114.16236114501987, 22.230138778686637], [114.16208648681663, 22.230138778686637], [114.16208648681663, 22.230232238769474], [114.16208648681663, 22.231805801391545], [114.16180419921875, 22.231805801391545], [114.16180419921875, 22.2329158782959], [114.16124725341797, 22.2329158782959], [114.16124725341797, 22.23319435119629], [114.16069793701172, 22.23319435119629], [114.16069793701172, 22.23347282409668], [114.16041564941406, 22.23347282409668], [114.16041564941406, 22.233749389648665], [114.16014099121116, 22.233749389648665], [114.16014099121116, 22.234861373901595], [114.16041564941406, 22.234861373901595], [114.16041564941406, 22.235696792602766], [114.16097259521496, 22.235696792602766], [114.16097259521496, 22.23624992370617], [114.16124725341797, 22.23624992370617], [114.16124725341797, 22.236804962158146], [114.16152954101608, 22.236804962158146], [114.16152954101608, 22.23764038085966], [114.16180419921875, 22.23764038085966], [114.16180419921875, 22.240140914917163], [114.16152954101608, 22.240140914917163], [114.16152954101608, 22.240417480468977], [114.16124725341797, 22.240417480468977], [114.16124725341797, 22.240972518920955], [114.16097259521496, 22.240972518920955], [114.16097259521496, 22.24124908447277], [114.16069793701172, 22.24124908447277], [114.16069793701172, 22.24152755737316], [114.16041564941406, 22.24152755737316], [114.16041564941406, 22.24180603027355], [114.16014099121116, 22.24180603027355], [114.16014099121116, 22.24208259582531], [114.1598587036134, 22.24208259582531], [114.1598587036134, 22.24263954162609], [114.15958404541027, 22.24263954162609], [114.15958404541027, 22.242916107177678], [114.15930938720737, 22.242916107177678], [114.15930175781284, 22.243194580078068], [114.1590270996096, 22.243194580078068], [114.1590270996096, 22.244583129882812], [114.15875244140625, 22.244583129882812], [114.15875244140625, 22.24541664123558], [114.15791320800793, 22.24541664123558], [114.15791320800793, 22.245693206787166]]], [[[114.34569549560547, 22.25569534301752], [114.34513854980469, 22.25569534301752], [114.34513854980469, 22.254028320312614], [114.34541320800793, 22.254028320312614], [114.34541320800793, 22.253469467163086], [114.3465270996096, 22.253469467163086], [114.3465270996096, 22.253194808960018], [114.34708404541038, 22.253194808960018], [114.34708404541038, 22.252916336059684], [114.34764099121105, 22.252920150757006], [114.34764099121105, 22.254028320312614], [114.3473587036134, 22.254028320312614], [114.3473587036134, 22.2543048858642], [114.3465270996096, 22.2543048858642], [114.3465270996096, 22.254583358764762], [114.34625244140625, 22.254583358764762], [114.34625244140625, 22.255416870117188], [114.34569549560547, 22.255416870117188], [114.34569549560547, 22.25569534301752]]], [[[114.02986145019554, 22.259027481079215], [114.02930450439464, 22.259027481079215], [114.02930450439464, 22.25875091552757], [114.02902984619175, 22.25875091552757], [114.02902984619175, 22.259027481079215], [114.02819824218795, 22.259027481079215], [114.0281906127932, 22.25875091552757], [114.02764129638683, 22.25875091552757], [114.02764129638683, 22.25763893127464], [114.02791595458984, 22.25763893127464], [114.02791595458984, 22.256805419921875], [114.02625274658214, 22.256805419921875], [114.02625274658214, 22.25652694702171], [114.02652740478527, 22.25652694702171], [114.02652740478527, 22.25569534301752], [114.02680206298828, 22.25569534301752], [114.02680206298828, 22.255416870117188], [114.02708435058594, 22.255416870117188], [114.02708435058594, 22.255138397216797], [114.02735900878906, 22.255138397216797], [114.02735900878906, 22.254583358764762], [114.02764129638683, 22.254583358764762], [114.02764129638683, 22.254028320312614], [114.02902984619175, 22.254028320312614], [114.02902984619175, 22.2537517547608], [114.02930450439464, 22.2537517547608], [114.02930450439464, 22.254028320312614], [114.02986145019554, 22.254028320312614], [114.02986145019554, 22.2537517547608], [114.0304183959961, 22.2537517547608], [114.0304183959961, 22.254028320312614], [114.03180694580101, 22.254028320312614], [114.03180694580101, 22.2537517547608], [114.03291320800804, 22.2537517547608], [114.03291320800804, 22.253469467163086], [114.03319549560547, 22.253469467163086], [114.03319549560547, 22.253194808960018], [114.0334701538086, 22.253194808960018], [114.0334701538086, 22.252641677856445], [114.03375244140636, 22.252641677856445], [114.03375244140636, 22.252082824707088], [114.03430175781295, 22.252082824707088], [114.03430175781295, 22.2518062591555], [114.03458404541016, 22.2518062591555], [114.03458404541016, 22.250415802001953], [114.03514099121128, 22.250415802001953], [114.03514099121128, 22.25013732910179], [114.03541564941418, 22.25013732910179], [114.03542327880882, 22.249860763549805], [114.03763580322266, 22.249860763549805], [114.03763580322266, 22.24958419799799], [114.03819274902378, 22.24958419799799], [114.03819274902378, 22.249307632446403], [114.03791809082054, 22.249307632446403], [114.03791809082054, 22.249025344848633], [114.03819274902378, 22.249025344848633], [114.03819274902378, 22.247083663940487], [114.03847503662132, 22.247083663940487], [114.03847503662132, 22.246805191040096], [114.03874969482433, 22.246805191040096], [114.03874969482433, 22.246250152588118], [114.03902435302757, 22.246250152588118], [114.03902435302757, 22.245971679687727], [114.03930664062511, 22.245971679687727], [114.03932189941418, 22.24541664123558], [114.03958129882812, 22.24541664123558], [114.03958129882812, 22.24513816833519], [114.03986358642578, 22.24513816833519], [114.03987121582031, 22.243471145629883], [114.0401382446289, 22.243471145629883], [114.0401382446289, 22.243194580078068], [114.04041290283249, 22.243194580078068], [114.04041290283249, 22.242916107177678], [114.04069519042969, 22.242916107177678], [114.04070281982422, 22.24263954162609], [114.04096984863304, 22.24263954162609], [114.04096984863304, 22.24236106872587], [114.04125213623047, 22.24236106872587], [114.04125213623047, 22.24208259582531], [114.04208374023449, 22.24208259582531], [114.04208374023449, 22.24180603027355], [114.04235839843761, 22.24180603027355], [114.04235839843761, 22.24152755737316], [114.04291534423828, 22.24152755737316], [114.04291534423828, 22.24124908447277], [114.04347229003918, 22.24124908447277], [114.04347229003918, 22.240972518920955], [114.0440292358403, 22.240972518920955], [114.0440292358403, 22.24124908447277], [114.04458618164085, 22.241252899169922], [114.04458618164085, 22.24152755737316], [114.04513549804699, 22.24152755737316], [114.04513549804699, 22.24180603027355], [114.04541778564464, 22.24180603027355], [114.04541778564464, 22.24208259582531], [114.04569244384788, 22.24208259582531], [114.04569244384788, 22.24236106872587], [114.04597473144531, 22.24236106872587], [114.04597473144531, 22.24263954162609], [114.04624938964844, 22.24263954162609], [114.04624938964844, 22.242916107177678], [114.04652404785168, 22.242916107177678], [114.04652404785168, 22.243749618530273], [114.04680633544922, 22.243749618530273], [114.04680633544922, 22.244861602783374], [114.0470809936528, 22.244861602783374], [114.0470809936528, 22.245971679687727], [114.04680633544922, 22.245971679687727], [114.04680633544922, 22.24652862548851], [114.04652404785168, 22.24652862548851], [114.04652404785168, 22.247083663940487], [114.04624938964844, 22.247083663940487], [114.04624938964844, 22.247638702392692], [114.04597473144531, 22.247638702392692], [114.04597473144531, 22.24819374084484], [114.04569244384788, 22.24819374084484], [114.04569244384788, 22.248750686645792], [114.04541778564464, 22.248750686645792], [114.04541778564464, 22.249025344848633], [114.04513549804699, 22.249025344848633], [114.04513549804699, 22.249307632446403], [114.04486083984409, 22.249307632446403], [114.04486083984409, 22.24958419799799], [114.04458618164085, 22.24958419799799], [114.04458618164085, 22.249860763549805], [114.04430389404297, 22.249860763549805], [114.04429626464878, 22.25013732910179], [114.0440292358403, 22.25013732910179], [114.0440292358403, 22.250694274902344], [114.04430389404297, 22.250694274902344], [114.04430389404297, 22.251529693603516], [114.04458618164085, 22.251529693603516], [114.04458618164085, 22.25236129760765], [114.04486083984409, 22.25236129760765], [114.04486083984409, 22.253469467163086], [114.04513549804699, 22.253469467163086], [114.04513549804699, 22.254861831665153], [114.04541778564464, 22.254861831665153], [114.04541778564464, 22.25569534301752], [114.04513549804699, 22.25569534301752], [114.04512023925804, 22.255973815917912], [114.04486083984409, 22.255973815917912], [114.04486083984409, 22.25652694702171], [114.04458618164085, 22.25652694702171], [114.04458618164085, 22.256805419921875], [114.04430389404297, 22.256805419921875], [114.04430389404297, 22.257083892822266], [114.0440292358403, 22.257083892822266], [114.0440292358403, 22.25763893127464], [114.04374694824219, 22.25763893127464], [114.04374694824219, 22.257917404175032], [114.04291534423828, 22.257917404175032], [114.04291534423828, 22.258192062378214], [114.04180908203159, 22.258192062378214], [114.04180908203159, 22.25847244262701], [114.04041290283249, 22.25847244262701], [114.04041290283249, 22.258192062378214], [114.03986358642578, 22.258192062378214], [114.03986358642578, 22.257917404175032], [114.03819274902378, 22.257917404175032], [114.03819274902378, 22.258192062378214], [114.03652954101562, 22.258192062378214], [114.03652954101562, 22.25847244262701], [114.03319549560547, 22.258474349975586], [114.03319549560547, 22.25875091552757], [114.0326385498048, 22.25875091552757], [114.0326385498048, 22.25847244262701], [114.03069305419933, 22.25847244262701], [114.03066253662132, 22.258192062378214], [114.02986145019554, 22.258192062378214], [114.02986145019554, 22.259027481079215]]], [[[114.29651641845726, 22.25652694702171], [114.29624938964878, 22.256530761718864], [114.29624938964878, 22.256805419921875], [114.29597473144554, 22.25681114196783], [114.29597473144554, 22.25763893127464], [114.29624938964878, 22.25763893127464], [114.29624938964878, 22.257917404175032], [114.29652404785168, 22.257917404175032], [114.29651641845726, 22.259027481079215], [114.29569244384766, 22.259027481079215], [114.29569244384766, 22.25875091552757], [114.29513549804688, 22.25875091552757], [114.29513549804688, 22.25847244262701], [114.29486083984386, 22.25847244262701], [114.29486083984386, 22.258192062378214], [114.29291534423851, 22.258192062378214], [114.29291534423851, 22.25763893127464], [114.29264068603516, 22.25763893127464], [114.29264068603516, 22.257083892822266], [114.29208374023438, 22.257083892822266], [114.29208374023438, 22.256805419921875], [114.29199218750045, 22.256805419921875], [114.29096984863281, 22.256805419921875], [114.29096984863281, 22.25652694702171], [114.2906951904298, 22.25652694702171], [114.2906951904298, 22.256250381469727], [114.29041290283226, 22.256250381469727], [114.29041290283226, 22.255973815917912], [114.29013824462902, 22.255973815917912], [114.29013061523449, 22.25569534301752], [114.28986358642601, 22.25569534301752], [114.28986358642601, 22.255416870117188], [114.28958129882847, 22.255416870117188], [114.28958129882847, 22.255138397216797], [114.28874969482467, 22.255138397216797], [114.28874969482467, 22.2537517547608], [114.28652954101597, 22.2537517547608], [114.28652954101597, 22.2543048858642], [114.2862472534182, 22.2543048858642], [114.2862472534182, 22.254583358764762], [114.28597259521484, 22.254583358764762], [114.28597259521484, 22.254861831665153], [114.28569793701217, 22.254861831665153], [114.28569793701217, 22.254583358764762], [114.28541564941406, 22.254583358764762], [114.28541564941406, 22.2543048858642], [114.28485870361328, 22.2543048858642], [114.28485870361328, 22.254028320312614], [114.28430175781273, 22.254028320312614], [114.28430175781273, 22.2537517547608], [114.28375244140636, 22.2537517547608], [114.28375244140636, 22.253469467163086], [114.2831954956057, 22.253469467163086], [114.2831954956057, 22.253194808960018], [114.28291320800781, 22.253194808960018], [114.28291320800781, 22.252916336059684], [114.28263854980514, 22.252916336059684], [114.28263854980514, 22.252641677856445], [114.28236389160156, 22.252641677856445], [114.28235626220703, 22.25236129760765], [114.28208160400402, 22.25236129760765], [114.28208160400402, 22.252082824707088], [114.28236389160156, 22.252082824707088], [114.28236389160156, 22.2518062591555], [114.28208160400402, 22.2518062591555], [114.28208160400402, 22.251529693603516], [114.28180694580078, 22.251529693603516], [114.28180694580078, 22.251247406005973], [114.28152465820312, 22.251247406005973], [114.28151702880871, 22.250972747802734], [114.28125000000023, 22.250972747802734], [114.28125000000023, 22.250415802001953], [114.28097534179699, 22.250415802001953], [114.28097534179699, 22.25013732910179], [114.28041839599643, 22.25013732910179], [114.28041839599643, 22.249860763549805], [114.28013610839866, 22.249860763549805], [114.28013610839866, 22.24958419799799], [114.27986145019531, 22.24958419799799], [114.27986145019531, 22.248750686645792], [114.28013610839866, 22.248750686645792], [114.28013610839866, 22.24819374084484], [114.28041839599643, 22.24819374084484], [114.28044128417969, 22.247638702392692], [114.28069305419933, 22.247638702392692], [114.28069305419933, 22.246250152588118], [114.28041839599643, 22.246250152588118], [114.28041839599643, 22.245971679687727], [114.28013610839866, 22.245971679687727], [114.28012084960949, 22.24541664123558], [114.27986145019531, 22.24541664123558], [114.27986145019531, 22.24513816833519], [114.28013610839866, 22.24513816833519], [114.28013610839866, 22.244583129882812], [114.28063201904297, 22.244583129882812], [114.28069305419933, 22.244304656982422], [114.28152465820312, 22.244304656982422], [114.28152465820312, 22.244028091430664], [114.28180694580078, 22.244028091430664], [114.28180694580078, 22.243749618530273], [114.28208160400402, 22.243749618530273], [114.28208160400402, 22.243471145629883], [114.28236389160156, 22.243471145629883], [114.28236389160156, 22.243194580078068], [114.28263854980514, 22.243194580078068], [114.28263854980514, 22.242916107177678], [114.2831954956057, 22.242916107177678], [114.28320312500023, 22.24263954162609], [114.28402709960949, 22.24263954162609], [114.28402709960949, 22.24236106872587], [114.28458404541016, 22.24236106872587], [114.28458404541016, 22.24208259582531], [114.28541564941406, 22.24208259582531], [114.28541564941406, 22.24180603027355], [114.28708648681652, 22.24180603027355], [114.28708648681652, 22.24152755737316], [114.28736114501976, 22.24152755737316], [114.28736114501976, 22.24124908447277], [114.28763580322266, 22.24124908447277], [114.28763580322266, 22.240972518920955], [114.28791809082031, 22.240972518920955], [114.28791809082031, 22.240694046020565], [114.28763580322266, 22.240694046020565], [114.28763580322266, 22.240140914917163], [114.28736114501976, 22.240140914917163], [114.28736114501976, 22.23985862731945], [114.28708648681652, 22.23985862731945], [114.28708648681652, 22.23958396911621], [114.28680419921886, 22.23958396911621], [114.28678894042991, 22.23930549621582], [114.28652954101597, 22.23930549621582], [114.28652954101597, 22.238470077514876], [114.28680419921886, 22.238470077514876], [114.28680419921886, 22.23819351196289], [114.28708648681652, 22.23819351196289], [114.28708648681652, 22.23791885375988], [114.28736114501976, 22.23791885375988], [114.28736114501976, 22.23764038085966], [114.28791809082031, 22.23764038085966], [114.28791809082031, 22.237361907959098], [114.28874969482467, 22.237361907959098], [114.28874969482467, 22.23764038085966], [114.28958129882847, 22.23764038085966], [114.28958129882847, 22.23791885375988], [114.28986358642601, 22.23791885375988], [114.28986358642601, 22.23819351196289], [114.29013824462902, 22.23819351196289], [114.29013824462902, 22.238470077514876], [114.29041290283226, 22.238470077514876], [114.29041290283226, 22.23958396911621], [114.2906951904298, 22.239601135253906], [114.2906951904298, 22.23985862731945], [114.29041290283226, 22.23985862731945], [114.29041290283226, 22.240417480468977], [114.29013824462902, 22.240417480468977], [114.29013824462902, 22.240694046020565], [114.2906951904298, 22.240694046020565], [114.2906951904298, 22.24152755737316], [114.29096984863281, 22.24152755737316], [114.29096984863281, 22.24208259582531], [114.29125213623047, 22.24208259582531], [114.29125213623047, 22.24180603027355], [114.2937469482423, 22.24180603027355], [114.2937469482423, 22.24152755737316], [114.29430389404297, 22.24152755737316], [114.29430389404297, 22.24124908447277], [114.29569244384766, 22.24124908447277], [114.29569244384766, 22.24152755737316], [114.29597473144554, 22.24152755737316], [114.29597473144554, 22.24236106872587], [114.29624938964878, 22.24236106872587], [114.29624938964878, 22.24263954162609], [114.29597473144554, 22.24263954162609], [114.29597473144554, 22.242916107177678], [114.29624938964878, 22.242916107177678], [114.29624938964878, 22.243749618530273], [114.29652404785168, 22.243749618530273], [114.29652404785168, 22.244028091430664], [114.29680633544933, 22.244028091430664], [114.29680633544933, 22.244583129882812], [114.29708099365257, 22.244583129882812], [114.29708099365257, 22.245971679687727], [114.29680633544933, 22.245971679687727], [114.29680633544933, 22.24652862548851], [114.29708099365257, 22.24652862548851], [114.29708099365257, 22.246805191040096], [114.29736328125, 22.246805191040096], [114.29736328125, 22.247083663940487], [114.2979202270509, 22.247083663940487], [114.2979202270509, 22.2473602294923], [114.2981948852539, 22.2473602294923], [114.2981948852539, 22.247638702392692], [114.29846954345749, 22.247638702392692], [114.29846954345749, 22.24791526794428], [114.29875183105469, 22.24791526794428], [114.29875183105469, 22.24847221374523], [114.29902648925804, 22.24847221374523], [114.29902648925804, 22.249860763549805], [114.29875183105469, 22.249860763549805], [114.29875183105469, 22.250415802001953], [114.29846954345749, 22.250415802001953], [114.29846954345749, 22.250694274902344], [114.29763793945312, 22.250694274902344], [114.29763793945312, 22.250972747802734], [114.29736328125, 22.250972747802734], [114.29736328125, 22.251247406005973], [114.29708099365257, 22.251247406005973], [114.29708099365257, 22.251529693603516], [114.29736328125, 22.251529693603516], [114.29736328125, 22.252082824707088], [114.29708099365257, 22.252082824707088], [114.29708099365257, 22.25236129760765], [114.29700469970714, 22.25236129760765], [114.29680633544933, 22.25236129760765], [114.29680633544933, 22.254028320312614], [114.29736328125, 22.254028320312614], [114.29736328125, 22.2543048858642], [114.29763793945312, 22.2543048858642], [114.29763793945312, 22.255138397216797], [114.2979202270509, 22.255138397216797], [114.2979202270509, 22.255416870117188], [114.2981948852539, 22.255416870117188], [114.29817962646484, 22.255973815917912], [114.2979202270509, 22.255973815917912], [114.2979202270509, 22.256250381469727], [114.29652404785168, 22.256250381469727], [114.29651641845726, 22.25652694702171]]], [[[114.35236358642578, 22.261526107788086], [114.351806640625, 22.261526107788086], [114.351806640625, 22.261249542236328], [114.35152435302734, 22.261249542236328], [114.35151672363293, 22.260972976684684], [114.35124969482445, 22.260972976684684], [114.35124969482445, 22.260139465332145], [114.35097503662121, 22.260139465332145], [114.35097503662121, 22.259860992431925], [114.35124969482445, 22.259860992431925], [114.35124969482445, 22.25875091552757], [114.35097503662121, 22.25875091552757], [114.35094451904308, 22.257917404175032], [114.35069274902355, 22.257917404175032], [114.35069274902355, 22.25736045837425], [114.34902954101574, 22.25736045837425], [114.34902954101574, 22.25763893127464], [114.34874725341797, 22.257640838623217], [114.34874725341797, 22.257917404175032], [114.34819793701195, 22.257917404175032], [114.34819793701195, 22.25763893127464], [114.34791564941418, 22.25763893127464], [114.34791564941418, 22.256805419921875], [114.34764099121105, 22.256805419921875], [114.34764099121105, 22.256250381469727], [114.34791564941418, 22.256250381469727], [114.34792327880871, 22.25569534301752], [114.34819793701195, 22.25569534301752], [114.34819793701195, 22.254583358764762], [114.34791564941418, 22.254583358764762], [114.34791564941418, 22.254028320312614], [114.34819793701195, 22.254028320312614], [114.34819793701195, 22.2537517547608], [114.34847259521484, 22.2537517547608], [114.34847259521484, 22.253469467163086], [114.34874725341797, 22.253469467163086], [114.34874725341797, 22.253194808960018], [114.34986114501953, 22.253194808960018], [114.34986114501953, 22.253469467163086], [114.35013580322288, 22.253469467163086], [114.35013580322288, 22.2537517547608], [114.35097503662121, 22.2537517547608], [114.35097503662121, 22.253469467163086], [114.35236358642578, 22.253469467163086], [114.35236358642578, 22.2537517547608], [114.35291290283203, 22.2537517547608], [114.35291290283203, 22.2543048858642], [114.35319519042991, 22.2543048858642], [114.35319519042991, 22.254583358764762], [114.35291290283203, 22.254583358764762], [114.35291290283203, 22.25569534301752], [114.35319519042991, 22.25569534301752], [114.35320281982445, 22.256805419921875], [114.35346984863315, 22.25681114196783], [114.35346984863315, 22.257917404175032], [114.35319519042991, 22.257917404175032], [114.35318756103538, 22.258192062378214], [114.35291290283203, 22.258192062378214], [114.35291290283203, 22.260414123535156], [114.35263824462936, 22.260419845581282], [114.35263824462936, 22.261249542236328], [114.35236358642578, 22.261249542236328], [114.35236358642578, 22.261526107788086]]], [[[114.05458068847668, 22.264862060546932], [114.05263519287121, 22.264862060546932], [114.05259704589866, 22.26458358764654], [114.05124664306652, 22.26458358764654], [114.05124664306652, 22.26430511474615], [114.04958343505871, 22.26430511474615], [114.04958343505871, 22.264026641845817], [114.04930877685547, 22.264026641845817], [114.04930877685547, 22.263748168945426], [114.04902648925781, 22.263748168945426], [114.04902648925781, 22.26319694519043], [114.04875183105491, 22.26319694519043], [114.04875183105491, 22.26263618469244], [114.04763793945335, 22.26263618469244], [114.04763793945335, 22.26236152648943], [114.04736328125, 22.26236152648943], [114.04733276367199, 22.261808395385856], [114.0470809936528, 22.261808395385856], [114.0470809936528, 22.260414123535156], [114.04680633544922, 22.260414123535156], [114.04680633544922, 22.259582519531364], [114.04652404785168, 22.259582519531364], [114.04652404785168, 22.259027481079215], [114.04680633544922, 22.259027481079215], [114.04680633544922, 22.25875091552757], [114.0470809936528, 22.25875091552757], [114.0470809936528, 22.258192062378214], [114.04736328125, 22.258192062378214], [114.04739379882812, 22.257917404175032], [114.04763793945335, 22.257917404175032], [114.04763793945335, 22.25763893127464], [114.04819488525402, 22.25763893127464], [114.04819488525402, 22.25736045837425], [114.04846954345714, 22.25736045837425], [114.04846954345714, 22.257083892822266], [114.04930877685547, 22.257083892822266], [114.04930877685547, 22.256805419921875], [114.05069732666038, 22.256805419921875], [114.05069732666038, 22.257083892822266], [114.05124664306652, 22.257083892822266], [114.05124664306652, 22.25736045837425], [114.05152893066418, 22.25736045837425], [114.05152893066418, 22.25763893127464], [114.05180358886741, 22.25763893127464], [114.05180358886741, 22.257917404175032], [114.05263519287121, 22.257917404175032], [114.05263519287121, 22.258192062378214], [114.05319213867233, 22.258192062378214], [114.05319213867233, 22.25847244262701], [114.05374908447288, 22.25847244262701], [114.05374908447288, 22.25875091552757], [114.05403137207031, 22.25875091552757], [114.05403137207031, 22.259027481079215], [114.05430603027366, 22.25902938842796], [114.05430603027366, 22.259304046630973], [114.05458068847668, 22.259304046630973], [114.05458068847668, 22.259582519531364], [114.05486297607433, 22.259582519531364], [114.05486297607433, 22.259860992431925], [114.05513763427746, 22.259860992431925], [114.05513763427746, 22.260139465332145], [114.05541992187523, 22.260139465332145], [114.05541992187523, 22.260694503784123], [114.05569458007812, 22.260694503784123], [114.05569458007812, 22.261526107788086], [114.05596923828125, 22.261526107788086], [114.05596923828125, 22.26263618469244], [114.05625152587902, 22.26263618469244], [114.05625152587902, 22.26319694519043], [114.05596923828125, 22.263200759887752], [114.05596923828125, 22.263748168945426], [114.05569458007812, 22.263748168945426], [114.05568695068371, 22.26430511474615], [114.05513763427746, 22.26430511474615], [114.05513763427746, 22.26458358764654], [114.05458068847668, 22.26458358764654], [114.05458068847668, 22.264862060546932]]], [[[114.36958312988293, 22.26652717590332], [114.36902618408226, 22.26652717590332], [114.36902618408226, 22.266250610351847], [114.3687515258789, 22.266250610351847], [114.3687515258789, 22.265417098999137], [114.36902618408226, 22.265417098999137], [114.36902618408226, 22.265140533447493], [114.36930847168003, 22.265140533447493], [114.36930847168003, 22.26458358764654], [114.36958312988293, 22.26458358764654], [114.36958312988293, 22.26430511474615], [114.36985778808605, 22.26430511474615], [114.36985778808605, 22.264026641845817], [114.37014007568382, 22.264026641845817], [114.37014007568382, 22.263748168945426], [114.37097167968761, 22.263748168945426], [114.3709182739259, 22.264862060546932], [114.37069702148438, 22.264862060546932], [114.37069702148438, 22.265140533447493], [114.37041473388672, 22.265140533447493], [114.37040710449219, 22.265417098999137], [114.37014007568382, 22.265417098999137], [114.37014007568382, 22.265693664550895], [114.36985778808605, 22.265693664550895], [114.3698120117192, 22.265972137451286], [114.36958312988293, 22.265972137451286], [114.36958312988293, 22.26652717590332]]], [[[114.35097503662121, 22.271804809570256], [114.35041809082065, 22.271804809570256], [114.35041809082065, 22.27152824401867], [114.35013580322288, 22.27152824401867], [114.35013580322288, 22.271249771118278], [114.34986114501953, 22.271249771118278], [114.34986114501953, 22.270971298218058], [114.34930419921875, 22.270971298218058], [114.34930419921875, 22.270694732666072], [114.34874725341797, 22.270694732666072], [114.34874725341797, 22.27041625976574], [114.34847259521484, 22.27041625976574], [114.34847259521484, 22.269027709961165], [114.34819793701195, 22.269027709961165], [114.34819793701195, 22.268749237060774], [114.34791564941418, 22.268749237060774], [114.34791564941418, 22.26847267150879], [114.34764099121105, 22.26847267150879], [114.34764099121105, 22.2681941986084], [114.3473587036134, 22.2681941986084], [114.3473587036134, 22.26791763305664], [114.34680175781284, 22.267915725708008], [114.34680175781284, 22.26763916015625], [114.34625244140625, 22.26763916015625], [114.34625244140625, 22.265693664550895], [114.34597015380905, 22.265693664550895], [114.34597015380905, 22.26458358764654], [114.34569549560547, 22.26458358764654], [114.34569549560547, 22.263471603393782], [114.34541320800793, 22.263471603393782], [114.34541320800793, 22.26319694519043], [114.34513854980469, 22.26319694519043], [114.34513854980469, 22.26291847229004], [114.34486389160168, 22.26291847229004], [114.34486389160168, 22.26263618469244], [114.34541320800793, 22.26263618469244], [114.34541320800793, 22.26291847229004], [114.3465270996096, 22.26291847229004], [114.3465270996096, 22.26263618469244], [114.34764099121105, 22.26263618469244], [114.34764099121105, 22.26291847229004], [114.34819793701195, 22.26291847229004], [114.34819793701195, 22.26319694519043], [114.34874725341797, 22.26319694519043], [114.34874725341797, 22.263471603393782], [114.34902954101574, 22.263471603393782], [114.34902954101574, 22.263748168945426], [114.34930419921875, 22.263748168945426], [114.34930419921875, 22.264026641845817], [114.34958648681686, 22.264026641845817], [114.34958648681686, 22.26652717590332], [114.34986114501953, 22.26652717590332], [114.34986114501953, 22.266805648803654], [114.35013580322288, 22.266805648803654], [114.35013580322288, 22.267084121704045], [114.35041809082065, 22.267084121704045], [114.35041809082065, 22.267362594604606], [114.35069274902355, 22.267362594604606], [114.35069274902355, 22.267915725708008], [114.35097503662121, 22.267915725708008], [114.35097503662121, 22.268749237060774], [114.35113525390636, 22.268749237060774], [114.35124969482445, 22.268749237060774], [114.35124969482445, 22.269306182861555], [114.35152435302734, 22.269306182861555], [114.35152435302734, 22.270694732666072], [114.35124969482445, 22.270694732666072], [114.35124969482445, 22.27152824401867], [114.35097503662121, 22.27152824401867], [114.35097503662121, 22.271804809570256]]], [[[114.31458282470703, 22.277637481689453], [114.31346893310547, 22.277637481689453], [114.31346893310547, 22.27736091613798], [114.31291961669945, 22.27736091613798], [114.31291961669945, 22.27708244323742], [114.31263732910168, 22.27708244323742], [114.31263732910168, 22.276807785034407], [114.31236267089855, 22.276807785034407], [114.31236267089855, 22.276529312134016], [114.31208038330112, 22.276529312134016], [114.31208038330112, 22.275972366333065], [114.31180572509788, 22.275972366333065], [114.31180572509788, 22.275415420532283], [114.31236267089855, 22.275415420532283], [114.31236267089855, 22.275138854980696], [114.31263732910168, 22.275138854980696], [114.31263732910168, 22.274860382080305], [114.31346893310547, 22.274860382080305], [114.31346893310547, 22.27458381652832], [114.31375122070324, 22.27458381652832], [114.31375122070324, 22.274026870727766], [114.31402587890625, 22.274026870727766], [114.31402587890625, 22.273193359375], [114.31513977050815, 22.273193359375], [114.31513977050815, 22.27347183227556], [114.31569671630871, 22.27347183227556], [114.31569671630871, 22.274026870727766], [114.31597137451195, 22.274026870727766], [114.31597137451195, 22.27430534362793], [114.31569671630871, 22.27430534362793], [114.31569671630871, 22.274768829345646], [114.31569671630871, 22.276250839233626], [114.31541442871105, 22.276250839233626], [114.31541442871105, 22.276529312134016], [114.31513977050815, 22.276529312134016], [114.31513977050815, 22.276807785034407], [114.31485748291038, 22.276807785034407], [114.31485748291038, 22.27736091613798], [114.31458282470703, 22.27736091613798], [114.31458282470703, 22.277637481689453]]], [[[114.1137466430664, 22.285694122314453], [114.1134719848634, 22.285694122314453], [114.1134719848634, 22.285417556762695], [114.11319732666016, 22.285417556762695], [114.11319732666016, 22.285694122314453], [114.11235809326183, 22.285694122314453], [114.11235809326183, 22.284860610961914], [114.11208343505871, 22.284860610961914], [114.11208343505871, 22.285139083862305], [114.11180877685581, 22.285139083862305], [114.11180877685581, 22.284582138061694], [114.11152648925804, 22.284582138061694], [114.11152648925804, 22.284860610961914], [114.11125183105469, 22.284860610961914], [114.11125183105469, 22.284582138061694], [114.11096954345726, 22.284582138061694], [114.11096954345726, 22.28430557250971], [114.11125183105469, 22.28430557250971], [114.11125183105469, 22.284019470214787], [114.11125183105469, 22.2826385498048], [114.11152648925804, 22.2826385498048], [114.11152648925804, 22.282917022705192], [114.1126403808596, 22.282917022705192], [114.1126403808596, 22.28319358825695], [114.1134719848634, 22.28319358825695], [114.1134719848634, 22.28347206115734], [114.11486053466831, 22.28347206115734], [114.11486053466831, 22.2837505340579], [114.11513519287121, 22.2837505340579], [114.11513519287121, 22.28430557250971], [114.11486053466831, 22.28430557250971], [114.11486053466831, 22.285139083862305], [114.11458587646507, 22.285139083862305], [114.11458587646507, 22.285417556762695], [114.1137466430664, 22.285417556762695], [114.1137466430664, 22.285694122314453]]], [[[114.07902526855469, 22.286804199218807], [114.07875061035202, 22.286804199218807], [114.07875061035202, 22.28652763366722], [114.07847595214844, 22.28652763366722], [114.07847595214844, 22.28624916076683], [114.07763671875, 22.28624916076683], [114.07763671875, 22.285972595214844], [114.0770187377932, 22.285972595214844], [114.07569122314499, 22.285972595214844], [114.07569122314499, 22.285694122314453], [114.0751419067384, 22.285694122314453], [114.0751419067384, 22.285417556762695], [114.07485961914062, 22.285417556762695], [114.07485961914062, 22.285139083862305], [114.0745849609375, 22.285139083862305], [114.0745849609375, 22.284860610961914], [114.07430267334007, 22.284860610961914], [114.07430267334007, 22.284582138061694], [114.07402801513683, 22.284582138061694], [114.07402801513683, 22.28430557250971], [114.07375335693371, 22.28430557250971], [114.07375335693371, 22.2839813232423], [114.07375335693371, 22.2837505340579], [114.07402801513683, 22.2837505340579], [114.07402801513683, 22.28319358825695], [114.07430267334007, 22.28319358825695], [114.07430267334007, 22.2826385498048], [114.0745849609375, 22.2826385498048], [114.0745849609375, 22.282363891601562], [114.07485961914062, 22.282363891601562], [114.07485961914062, 22.282083511352596], [114.0754165649414, 22.282083511352596], [114.0754165649414, 22.281805038452205], [114.07791900634766, 22.281805038452205], [114.07791900634766, 22.282083511352596], [114.07902526855469, 22.282083511352596], [114.07902526855469, 22.2826385498048], [114.07930755615257, 22.2826385498048], [114.07930755615257, 22.284027099609375], [114.07902526855469, 22.284027099609375], [114.07902526855469, 22.284582138061694], [114.07930755615257, 22.284582138061694], [114.07930755615257, 22.28652763366722], [114.07902526855469, 22.28652763366722], [114.07902526855469, 22.286804199218807]]], [[[114.05902862548828, 22.290136337280273], [114.05847167968773, 22.290136337280273], [114.05847167968773, 22.289861679077262], [114.05791473388683, 22.289861679077262], [114.05791473388683, 22.289653778076172], [114.0578079223634, 22.289646148681584], [114.05652618408203, 22.28958320617687], [114.05652618408203, 22.28902626037592], [114.05625152587902, 22.28902626037592], [114.05625152587902, 22.288749694824332], [114.05683898925781, 22.288749694824332], [114.05708312988281, 22.288749694824332], [114.05708312988281, 22.288505554199446], [114.05708312988281, 22.288194656372127], [114.05739593505871, 22.288194656372127], [114.05764007568393, 22.288194656372127], [114.05764007568393, 22.28804588317894], [114.05764007568393, 22.28736114501976], [114.05791473388683, 22.28736114501976], [114.05791473388683, 22.287082672119197], [114.05902862548828, 22.287082672119197], [114.05902862548828, 22.28763961792015], [114.06014251708984, 22.28763961792015], [114.06014251708984, 22.288749694824332], [114.05986022949264, 22.288749694824332], [114.05986022949264, 22.288957595825252], [114.05986022949264, 22.28930473327631], [114.05958557128906, 22.28930473327631], [114.05958557128906, 22.28958320617687], [114.05930328369152, 22.28958320617687], [114.05930328369152, 22.289861679077262], [114.05902862548828, 22.289861679077262], [114.05902862548828, 22.290136337280273]]], [[[114.0440292358403, 22.292358398437614], [114.04374694824219, 22.292358398437614], [114.04374694824219, 22.292083740234375], [114.04264068603538, 22.292083740234375], [114.04264068603538, 22.291805267333984], [114.04208374023449, 22.291805267333984], [114.04208374023449, 22.291530609130973], [114.04096984863304, 22.291530609130973], [114.04096984863304, 22.29124832153343], [114.04069519042969, 22.29124832153343], [114.04069519042969, 22.291530609130973], [114.04041290283249, 22.291530609130973], [114.04041290283249, 22.29124832153343], [114.03986358642578, 22.29124832153343], [114.03986358642578, 22.290971755981616], [114.03930664062511, 22.290971755981616], [114.03930664062511, 22.29069519042963], [114.0370864868164, 22.29069519042963], [114.0370864868164, 22.290418624878043], [114.03680419921886, 22.290418624878043], [114.03680419921886, 22.290136337280273], [114.03624725341797, 22.290136337280273], [114.03624725341797, 22.289861679077262], [114.03569793701183, 22.289861679077262], [114.03569793701183, 22.28958320617687], [114.03485870361351, 22.28958320617687], [114.03485870361351, 22.288473129272518], [114.03514099121128, 22.288473129272518], [114.03514099121128, 22.28791427612316], [114.03541564941418, 22.28791427612316], [114.03542327880882, 22.28763961792015], [114.03569793701183, 22.28763961792015], [114.03569793701183, 22.286804199218807], [114.03541564941418, 22.286804199218807], [114.03542327880882, 22.285972595214844], [114.03569793701183, 22.285972595214844], [114.03569793701183, 22.285694122314453], [114.03597259521507, 22.285694122314453], [114.03601837158249, 22.285417556762695], [114.03624725341797, 22.285417556762695], [114.03624725341797, 22.284860610961914], [114.03652954101562, 22.284860610961914], [114.03652954101562, 22.284582138061694], [114.03680419921886, 22.284582138061694], [114.03681945800781, 22.28430557250971], [114.0370864868164, 22.28430557250971], [114.0370864868164, 22.284027099609375], [114.03736114501999, 22.284027099609375], [114.03736114501999, 22.28319358825695], [114.0370864868164, 22.28319358825695], [114.0370864868164, 22.282363891601562], [114.03736114501999, 22.282363891601562], [114.03736114501999, 22.281805038452205], [114.03763580322266, 22.281805038452205], [114.03763580322266, 22.281528472900618], [114.03791809082054, 22.281528472900618], [114.03791809082054, 22.280971527099837], [114.03847503662132, 22.280971527099837], [114.03847503662132, 22.28069496154785], [114.03902435302757, 22.28069496154785], [114.03904724121116, 22.28041648864769], [114.03930664062511, 22.28041648864769], [114.03930664062511, 22.280139923095703], [114.03958129882812, 22.280139923095703], [114.03958129882812, 22.27902984619169], [114.03986358642578, 22.27902984619169], [114.03987121582031, 22.278747558593977], [114.04069519042969, 22.278747558593977], [114.04070281982422, 22.27902984619169], [114.04096984863304, 22.27902984619169], [114.04096984863304, 22.279306411743164], [114.04125213623047, 22.279310226440487], [114.04125213623047, 22.279582977294922], [114.04180908203159, 22.279582977294922], [114.04180908203159, 22.279861450195483], [114.04264068603538, 22.279861450195483], [114.04264068603538, 22.280139923095703], [114.04486083984409, 22.280139923095703], [114.04486083984409, 22.28069496154785], [114.04541778564464, 22.28069496154785], [114.04541778564464, 22.280971527099837], [114.04569244384788, 22.280971527099837], [114.04569244384788, 22.281251907348633], [114.04597473144531, 22.281251907348633], [114.04597473144531, 22.281528472900618], [114.04624938964844, 22.281528472900618], [114.04624938964844, 22.282083511352596], [114.04652404785168, 22.282083511352596], [114.04652404785168, 22.2826385498048], [114.04680633544922, 22.2826385498048], [114.04680633544922, 22.28319358825695], [114.0470809936528, 22.28319358825695], [114.0470809936528, 22.2837505340579], [114.04736328125, 22.2837505340579], [114.04736328125, 22.284860610961914], [114.0470809936528, 22.284860610961914], [114.0470809936528, 22.285139083862305], [114.04652404785168, 22.285139083862305], [114.04650878906295, 22.285694122314453], [114.04624938964844, 22.285694122314453], [114.04624938964844, 22.286804199218807], [114.04486083984409, 22.286804199218807], [114.04486083984409, 22.287082672119197], [114.04319763183594, 22.287082672119197], [114.04319763183594, 22.286804199218807], [114.04235839843761, 22.286804199218807], [114.04235839843761, 22.28652763366722], [114.04208374023449, 22.28652763366722], [114.04207611084007, 22.285972595214844], [114.04152679443382, 22.285972595214844], [114.04152679443382, 22.285139083862305], [114.04096984863304, 22.285139083862305], [114.04096984863304, 22.285417556762695], [114.04069519042969, 22.285417556762695], [114.04069519042969, 22.285972595214844], [114.04041290283249, 22.285972595214844], [114.04041290283249, 22.287082672119197], [114.04069519042969, 22.287082672119197], [114.04069519042969, 22.28736114501976], [114.04096984863304, 22.28736114501976], [114.04096984863304, 22.28763961792015], [114.04152679443382, 22.28763961792015], [114.04152679443382, 22.28791427612316], [114.04180908203159, 22.28791427612316], [114.04180908203159, 22.288194656372127], [114.04208374023449, 22.288194656372127], [114.04208374023449, 22.288473129272518], [114.04235839843761, 22.288473129272518], [114.04235839843761, 22.288749694824332], [114.04291534423828, 22.288749694824332], [114.04291534423828, 22.28902626037592], [114.04319763183594, 22.28902626037592], [114.04319763183594, 22.28930473327631], [114.0440292358403, 22.28930473327631], [114.0440292358403, 22.28958320617687], [114.04458618164085, 22.28958320617687], [114.04458618164085, 22.289861679077262], [114.04486083984409, 22.289861679077262], [114.04486083984409, 22.29069519042963], [114.04458618164085, 22.29069519042963], [114.04458618164085, 22.291530609130973], [114.04430389404297, 22.291530609130973], [114.04430389404297, 22.292083740234375], [114.0440292358403, 22.292083740234375], [114.0440292358403, 22.292358398437614]]], [[[114.2040252685548, 22.295139312744254], [114.20263671875, 22.295139312744254], [114.20263671875, 22.29458427429205], [114.20236206054699, 22.29458427429205], [114.20236206054699, 22.294305801391715], [114.1995849609375, 22.294305801391715], [114.1995849609375, 22.29458427429205], [114.19902801513672, 22.29458427429205], [114.19902801513672, 22.294305801391715], [114.19847106933616, 22.294305801391715], [114.19847106933616, 22.29375076293968], [114.19791412353527, 22.29375076293968], [114.19790649414085, 22.29347229003912], [114.19725036621105, 22.29347229003912], [114.19708251953125, 22.29347229003912], [114.19708251953125, 22.29319381713873], [114.19652557373047, 22.29319381713873], [114.19652557373047, 22.29291725158714], [114.19569396972656, 22.29291725158714], [114.19569396972656, 22.292640686035327], [114.19458007812511, 22.292640686035327], [114.19458007812511, 22.292358398437614], [114.19347381591797, 22.292358398437614], [114.19347381591797, 22.291805267333984], [114.19319152832077, 22.291805267333984], [114.19319152832077, 22.291530609130973], [114.19264221191406, 22.291530609130973], [114.19264221191406, 22.29124832153343], [114.1923599243164, 22.29124832153343], [114.1923599243164, 22.29069519042963], [114.1920852661134, 22.29069519042963], [114.1920852661134, 22.290418624878043], [114.19180297851585, 22.290418624878043], [114.19180297851585, 22.290136337280273], [114.1912536621096, 22.290136337280273], [114.1912536621096, 22.28958320617687], [114.19041442871094, 22.28958320617687], [114.19041442871094, 22.28930473327631], [114.19013977050827, 22.28930473327631], [114.19013977050827, 22.28902626037592], [114.18985748291016, 22.28902626037592], [114.18985748291016, 22.288749694824332], [114.18958282470714, 22.288749694824332], [114.18958282470714, 22.288473129272518], [114.18885803222668, 22.288473129272518], [114.18875122070335, 22.288473129272518], [114.18875122070335, 22.288194656372127], [114.18846893310558, 22.288194656372127], [114.18846893310558, 22.286804199218807], [114.18819427490246, 22.286804199218807], [114.18819427490246, 22.28652763366722], [114.18791961669956, 22.28652763366722], [114.18791961669956, 22.28624916076683], [114.18708038330124, 22.286251068115405], [114.18708038330124, 22.28652763366722], [114.18653106689464, 22.28652763366722], [114.18653106689464, 22.286804199218807], [114.18541717529308, 22.286804199218807], [114.18541717529308, 22.28652763366722], [114.18486022949253, 22.28652763366722], [114.18486022949253, 22.28624916076683], [114.18458557128929, 22.28624916076683], [114.18458557128929, 22.285972595214844], [114.18402862548874, 22.285972595214844], [114.18402862548874, 22.285694122314453], [114.18347167968761, 22.285694122314453], [114.18343353271507, 22.285417556762695], [114.18319702148438, 22.285417556762695], [114.18319702148438, 22.285139083862305], [114.1829071044923, 22.28514099121105], [114.1829071044923, 22.285417556762695], [114.18264007568382, 22.285417556762695], [114.18264007568382, 22.284860610961914], [114.18152618408226, 22.284860610961914], [114.18152618408226, 22.284580230713118], [114.17839050292969, 22.284582138061694], [114.17819213867222, 22.284582138061694], [114.17819213867222, 22.2837505340579], [114.17791748046898, 22.2837505340579], [114.17791748046898, 22.283470153808594], [114.1776351928711, 22.28347206115734], [114.1776351928711, 22.28319358825695], [114.17747497558594, 22.28319358825695], [114.17736053466842, 22.28319358825695], [114.17736053466842, 22.282917022705192], [114.1768035888673, 22.282917022705192], [114.1768035888673, 22.2826385498048], [114.17541503906261, 22.2826385498048], [114.17541503906261, 22.282917022705192], [114.17485809326195, 22.282917022705192], [114.17485809326195, 22.2837505340579], [114.1745834350586, 22.2837505340579], [114.1745834350586, 22.284027099609375], [114.17485809326195, 22.284027099609375], [114.17485809326195, 22.28430557250971], [114.1745834350586, 22.28430557250971], [114.1745834350586, 22.284860610961914], [114.17430877685592, 22.284860610961914], [114.17430877685592, 22.284582138061694], [114.1737518310548, 22.284582138061694], [114.1737518310548, 22.284860610961914], [114.1731948852539, 22.284860610961914], [114.1731948852539, 22.284582138061694], [114.17208099365268, 22.284582138061694], [114.17208099365268, 22.284860610961914], [114.17152404785156, 22.284860610961914], [114.17152404785156, 22.282917022705192], [114.17124938964889, 22.282917022705192], [114.17124938964889, 22.281805038452205], [114.16847229003906, 22.281805038452205], [114.16847229003906, 22.281528472900618], [114.16807556152378, 22.281528472900618], [114.16697692871094, 22.281528472900618], [114.16680908203148, 22.281528472900618], [114.16680908203148, 22.281805038452205], [114.16625213623058, 22.281805038452205], [114.16625213623058, 22.282083511352596], [114.16596984863293, 22.282083511352596], [114.16596984863293, 22.28249168395996], [114.16596984863293, 22.2826385498048], [114.16486358642578, 22.2826385498048], [114.16486358642578, 22.282917022705192], [114.16374969482422, 22.282917022705192], [114.16374969482422, 22.28319358825695], [114.16236114501987, 22.28319358825695], [114.16231536865234, 22.28347206115734], [114.16180419921875, 22.28347206115734], [114.16180419921875, 22.2837505340579], [114.16124725341797, 22.2837505340579], [114.16124725341797, 22.284027099609375], [114.16097259521496, 22.284027099609375], [114.16097259521496, 22.284582138061694], [114.16124725341797, 22.284582138061694], [114.16124725341797, 22.284860610961914], [114.16097259521496, 22.284860610961914], [114.16097259521496, 22.285139083862305], [114.16124725341797, 22.285139083862305], [114.16124725341797, 22.286804199218807], [114.16152954101608, 22.286804199218807], [114.16152954101608, 22.288194656372127], [114.16124725341797, 22.288194656372127], [114.16124725341797, 22.288473129272518], [114.16097259521496, 22.288473129272518], [114.16097259521496, 22.288194656372127], [114.1598587036134, 22.288194656372127], [114.1598587036134, 22.288473129272518], [114.15791320800793, 22.288473129272518], [114.15791320800793, 22.288194656372127], [114.15736389160156, 22.288194656372127], [114.15736389160156, 22.288473129272518], [114.15721130371128, 22.288473129272518], [114.15625000000034, 22.288473129272518], [114.15625000000034, 22.288749694824332], [114.15458679199219, 22.288749694824332], [114.15458679199219, 22.288473129272518], [114.15374755859386, 22.288473129272518], [114.15374755859386, 22.288749694824332], [114.15347290039074, 22.288749694824332], [114.15347290039074, 22.28902626037592], [114.15374755859386, 22.28902626037592], [114.15374755859386, 22.28930473327631], [114.15291595459007, 22.28930473327631], [114.15291595459007, 22.289861679077262], [114.15235900878929, 22.289861679077262], [114.15235900878929, 22.290418624878043], [114.15097045898438, 22.290418624878043], [114.15097045898438, 22.290136337280273], [114.15069580078136, 22.290136337280273], [114.15069580078136, 22.28958320617687], [114.15041351318382, 22.28958320617687], [114.15041351318382, 22.28930473327631], [114.14986419677757, 22.28930473327631], [114.14986419677757, 22.28958320617687], [114.14847564697266, 22.28958320617687], [114.14847564697266, 22.289861679077262], [114.14791870117188, 22.289861679077262], [114.14791870117188, 22.290136337280273], [114.14736175537132, 22.290136337280273], [114.14736175537132, 22.290418624878043], [114.14653015136753, 22.290418624878043], [114.14653015136753, 22.29069519042963], [114.14514160156261, 22.29069519042963], [114.14514160156261, 22.290418624878043], [114.14458465576172, 22.290418624878043], [114.14458465576172, 22.29069519042963], [114.1434707641605, 22.29069519042963], [114.1434707641605, 22.290971755981616], [114.14236450195312, 22.290971755981616], [114.14236450195312, 22.29069519042963], [114.14180755615234, 22.29069519042963], [114.14180755615234, 22.290971755981616], [114.14013671875023, 22.290971755981616], [114.14013671875023, 22.29069519042963], [114.13986206054688, 22.29069519042963], [114.13986206054688, 22.290971755981616], [114.13957977294945, 22.290971755981616], [114.13957977294945, 22.29069519042963], [114.13903045654308, 22.29069519042963], [114.13903045654308, 22.290418624878043], [114.13874816894531, 22.290418624878043], [114.13874816894531, 22.290136337280273], [114.1376419067384, 22.290136337280273], [114.1376419067384, 22.289861679077262], [114.13652801513695, 22.289861679077262], [114.13652801513695, 22.28958320617687], [114.13430786132824, 22.28958320617687], [114.13430786132824, 22.289861679077262], [114.13346862792991, 22.289861679077262], [114.13346862792991, 22.28958320617687], [114.13291931152389, 22.28958320617687], [114.13291931152389, 22.28930473327631], [114.13263702392578, 22.28930473327631], [114.13263702392578, 22.28902626037592], [114.132080078125, 22.28902626037592], [114.132080078125, 22.288473129272518], [114.13180541992188, 22.288473129272518], [114.13180541992188, 22.288194656372127], [114.13153076171898, 22.288194656372127], [114.13153076171898, 22.28763961792015], [114.12930297851574, 22.28763961792015], [114.12930297851574, 22.28736114501976], [114.12875366210938, 22.28736114501976], [114.12875366210938, 22.286804199218807], [114.12819671630871, 22.286804199218807], [114.12819671630871, 22.28652763366722], [114.12652587890625, 22.28652763366722], [114.12652587890625, 22.28624916076683], [114.12625122070324, 22.28624916076683], [114.12625122070324, 22.285972595214844], [114.12569427490234, 22.285972595214844], [114.12569427490234, 22.284860610961914], [114.12541961669945, 22.284860610961914], [114.12541961669945, 22.284027099609375], [114.12513732910168, 22.284027099609375], [114.12513732910168, 22.2837505340579], [114.12430572509788, 22.2837505340579], [114.12430572509788, 22.28347206115734], [114.1237487792971, 22.28347206115734], [114.1237487792971, 22.28319358825695], [114.12264251708984, 22.28319358825695], [114.12264251708984, 22.282917022705192], [114.12124633789074, 22.282917022705192], [114.12124633789074, 22.2826385498048], [114.12041473388672, 22.2826385498048], [114.12041473388672, 22.282363891601562], [114.12014007568405, 22.282363891601562], [114.12014007568405, 22.282083511352596], [114.11902618408203, 22.282083511352596], [114.11902618408203, 22.281805038452205], [114.11875152587913, 22.281805038452205], [114.11875152587913, 22.281528472900618], [114.11819458007824, 22.281528472900618], [114.11819458007824, 22.280971527099837], [114.11791992187534, 22.280971527099837], [114.1178665161134, 22.28041648864769], [114.11736297607422, 22.28041648864769], [114.11736297607422, 22.280139923095703], [114.11708068847702, 22.280139923095703], [114.11708068847702, 22.279861450195483], [114.11680603027344, 22.279861450195483], [114.11680603027344, 22.279306411743164], [114.11653137207043, 22.279306411743164], [114.11653137207043, 22.27847290039074], [114.11624908447266, 22.27847290039074], [114.11624908447266, 22.276807785034407], [114.11597442626953, 22.276807785034407], [114.11597442626953, 22.275140762329272], [114.11624908447266, 22.275140762329272], [114.11624908447266, 22.274860382080305], [114.11653137207043, 22.274860382080305], [114.11653137207043, 22.274311065673885], [114.11680603027344, 22.274311065673885], [114.11680603027344, 22.27403068542492], [114.11736297607422, 22.27403068542492], [114.11736297607422, 22.27375030517578], [114.11763763427757, 22.27375030517578], [114.11763763427757, 22.27347183227556], [114.11791992187534, 22.27347183227556], [114.11791992187534, 22.273193359375], [114.11819458007824, 22.273210525512695], [114.11819458007824, 22.272916793823242], [114.11846923828136, 22.272916793823242], [114.11846923828136, 22.27263832092285], [114.11902618408203, 22.27263832092285], [114.11902618408203, 22.272083282470817], [114.11952209472668, 22.272083282470817], [114.11958312988293, 22.271804809570256], [114.12014007568405, 22.271804809570256], [114.12014007568405, 22.27152824401867], [114.12041473388672, 22.27152824401867], [114.12041473388672, 22.271249771118278], [114.12097167968784, 22.271249771118278], [114.12097167968784, 22.270971298218058], [114.12180328369163, 22.270971298218058], [114.12180328369163, 22.270694732666072], [114.12236022949219, 22.270694732666072], [114.12236022949219, 22.270139694214095], [114.12264251708984, 22.270139694214095], [114.12264251708984, 22.269306182861555], [114.12291717529297, 22.269306182861555], [114.12291717529297, 22.268749237060774], [114.12319183349655, 22.268749237060774], [114.12319183349655, 22.26847267150879], [114.12347412109375, 22.26847267150879], [114.12348937988281, 22.267915725708008], [114.1237487792971, 22.267915725708008], [114.1237487792971, 22.26763916015625], [114.12403106689453, 22.26763916015625], [114.12403106689453, 22.266805648803654], [114.12430572509788, 22.266805648803654], [114.12430572509788, 22.266250610351847], [114.1245803833009, 22.266250610351847], [114.1245803833009, 22.265972137451286], [114.12486267089855, 22.265972137451286], [114.12486267089855, 22.265417098999137], [114.12513732910168, 22.265417098999137], [114.12513732910168, 22.264862060546932], [114.12541961669945, 22.26485824584961], [114.12541961669945, 22.264026641845817], [114.12596893310547, 22.264026641845817], [114.12596893310547, 22.263748168945426], [114.12625122070324, 22.263748168945426], [114.12625122070324, 22.26319694519043], [114.12652587890625, 22.26319694519043], [114.12652587890625, 22.26236152648943], [114.12680816650436, 22.26236152648943], [114.12680816650436, 22.262083053588867], [114.12708282470703, 22.262083053588867], [114.12708282470703, 22.261808395385856], [114.12735748291038, 22.261804580688477], [114.12735748291038, 22.261526107788086], [114.12763977050815, 22.261526107788086], [114.12763977050815, 22.261249542236328], [114.12791442871105, 22.261249542236328], [114.12791442871105, 22.260414123535156], [114.12819671630871, 22.260414123535156], [114.12819671630871, 22.259860992431925], [114.12847137451195, 22.259860992431925], [114.12847137451195, 22.259027481079215], [114.12875366210938, 22.259027481079215], [114.12875366210938, 22.25847244262701], [114.1290283203125, 22.25847244262701], [114.1290283203125, 22.258192062378214], [114.12930297851574, 22.258192062378214], [114.12930297851574, 22.257917404175032], [114.12937927246094, 22.257917404175032], [114.12985992431686, 22.257917404175032], [114.12985992431686, 22.25736045837425], [114.13041687011741, 22.25736045837425], [114.13041687011741, 22.257083892822266], [114.13097381591808, 22.257083892822266], [114.13097381591808, 22.256805419921875], [114.13124847412121, 22.256805419921875], [114.13124847412121, 22.25569534301752], [114.13153076171898, 22.25569534301752], [114.13153076171898, 22.255416870117188], [114.13180541992188, 22.255416870117188], [114.13180541992188, 22.252916336059684], [114.132080078125, 22.252916336059684], [114.132080078125, 22.252641677856445], [114.13180541992188, 22.252641677856445], [114.13180541992188, 22.25236129760765], [114.13236236572277, 22.25236129760765], [114.13236236572277, 22.252082824707088], [114.13291931152389, 22.252082824707088], [114.13295745849621, 22.251529693603516], [114.13346862792991, 22.251529693603516], [114.13346862792991, 22.251247406005973], [114.13402557373058, 22.251247406005973], [114.13402557373058, 22.25086593627941], [114.13402557373058, 22.250694274902344], [114.13430786132824, 22.250694274902344], [114.13430786132824, 22.25031661987316], [114.13430786132824, 22.25013732910179], [114.13458251953148, 22.25013732910179], [114.13458251953148, 22.249860763549805], [114.13486480712902, 22.249860763549805], [114.13486480712902, 22.24958419799799], [114.13513946533203, 22.24958419799799], [114.13513946533203, 22.248750686645792], [114.13569641113281, 22.248750686645792], [114.13569641113281, 22.24819374084484], [114.13652801513695, 22.24819374084484], [114.13652801513695, 22.24791526794428], [114.13735961914074, 22.24791526794428], [114.13735961914074, 22.247638702392692], [114.13791656494152, 22.247638702392692], [114.13791656494152, 22.24791526794428], [114.13874816894531, 22.24791526794428], [114.13874816894531, 22.24819374084484], [114.140419006348, 22.24819374084484], [114.140419006348, 22.24847221374523], [114.14097595214855, 22.24847221374523], [114.14097595214855, 22.24819374084484], [114.14125061035179, 22.24819374084484], [114.14125061035179, 22.24791526794428], [114.14375305175793, 22.24791526794428], [114.14375305175793, 22.247638702392692], [114.14541625976562, 22.247638702392692], [114.14541625976562, 22.2473602294923], [114.15069580078136, 22.2473602294923], [114.15069580078136, 22.247083663940487], [114.15291595459007, 22.247083663940487], [114.15291595459007, 22.246805191040096], [114.1598587036134, 22.246805191040096], [114.1598587036134, 22.24652862548851], [114.16069793701172, 22.24652862548851], [114.16069793701172, 22.24513816833519], [114.16097259521496, 22.24513816833519], [114.16097259521496, 22.244861602783374], [114.16124725341797, 22.244861602783374], [114.16124725341797, 22.244583129882812], [114.16152954101608, 22.244583129882812], [114.16152954101608, 22.244028091430664], [114.16180419921875, 22.244028091430664], [114.16180419921875, 22.24236106872587], [114.16291809082043, 22.24236106872587], [114.16291809082043, 22.24180603027355], [114.16374969482422, 22.24180603027355], [114.16374969482422, 22.24124908447277], [114.16402435302746, 22.24124908447277], [114.16402435302746, 22.240694046020565], [114.16458129882858, 22.240694046020565], [114.16458129882858, 22.240140914917163], [114.16486358642578, 22.240140914917163], [114.16486358642578, 22.238750457763672], [114.16513824462913, 22.238750457763672], [114.16513824462913, 22.237361907959098], [114.16541290283237, 22.237361907959098], [114.16541290283237, 22.23624992370617], [114.16569519042991, 22.23624992370617], [114.16569519042991, 22.23597145080595], [114.16596984863293, 22.23597145080595], [114.16596984863293, 22.235696792602766], [114.16680908203148, 22.235696792602766], [114.16680908203148, 22.235139846801985], [114.16665649414085, 22.23513793945324], [114.16652679443371, 22.23513793945324], [114.16652679443371, 22.234582901001033], [114.16625213623058, 22.234582901001033], [114.16624450683616, 22.234027862549055], [114.16596984863293, 22.234027862549055], [114.16596984863293, 22.23347282409668], [114.16625213623058, 22.23347282409668], [114.16625213623058, 22.2329158782959], [114.16652679443371, 22.2329158782959], [114.16652679443371, 22.23263931274414], [114.16680908203148, 22.23263931274414], [114.16680908203148, 22.23236083984375], [114.1673583984375, 22.23236083984375], [114.1673583984375, 22.232084274291935], [114.16749572753918, 22.232084274291935], [114.16791534423828, 22.23208236694353], [114.16791534423828, 22.23152732849121], [114.16847229003906, 22.23152732849121], [114.16847229003906, 22.231250762939737], [114.16902923584018, 22.231250762939737], [114.16902923584018, 22.230972290039176], [114.16947174072266, 22.230972290039176], [114.16958618164074, 22.230972290039176], [114.16958618164074, 22.230693817138786], [114.17041778564453, 22.230693817138786], [114.17041778564453, 22.230138778686637], [114.17097473144531, 22.230138778686637], [114.17097473144531, 22.229860305786246], [114.17152404785156, 22.229860305786246], [114.17152404785156, 22.229583740234432], [114.17236328125011, 22.229583740234432], [114.17236328125011, 22.229860305786246], [114.17263793945324, 22.229860305786246], [114.17263793945324, 22.230138778686637], [114.17292022705101, 22.230138778686637], [114.17292022705101, 22.230417251587028], [114.1731948852539, 22.230417251587028], [114.1731948852539, 22.230972290039176], [114.17346954345703, 22.230972290039176], [114.17346954345703, 22.231250762939737], [114.1731948852539, 22.231250762939737], [114.1731948852539, 22.231805801391545], [114.1737518310548, 22.231809616089095], [114.1737518310548, 22.2329158782959], [114.17402648925781, 22.2329158782959], [114.17402648925781, 22.23319435119629], [114.17430877685592, 22.23319435119629], [114.17430877685592, 22.234861373901595], [114.1745834350586, 22.234861373901595], [114.1745834350586, 22.23513793945324], [114.17445373535168, 22.23513793945324], [114.17430877685592, 22.235139846801985], [114.17430877685592, 22.235696792602766], [114.1745834350586, 22.235696792602766], [114.1745834350586, 22.236804962158146], [114.17485809326195, 22.236804962158146], [114.17485809326195, 22.237083435058707], [114.17514038085972, 22.237083435058707], [114.17514038085972, 22.23764038085966], [114.17541503906261, 22.23764038085966], [114.17541503906261, 22.23819351196289], [114.17569732666027, 22.23819351196289], [114.17569732666027, 22.238470077514876], [114.17597198486351, 22.238470077514876], [114.17597198486351, 22.239028930664062], [114.1762466430664, 22.239028930664062], [114.1762466430664, 22.23985862731945], [114.1768035888673, 22.23985862731945], [114.1768035888673, 22.240140914917163], [114.17708587646484, 22.240140914917163], [114.17708587646484, 22.240694046020565], [114.1776351928711, 22.240694046020565], [114.1776351928711, 22.24124908447277], [114.17791748046898, 22.24124908447277], [114.17791748046898, 22.24152755737316], [114.17819213867222, 22.24152755737316], [114.17819213867222, 22.24180603027355], [114.17847442626976, 22.24180603027355], [114.17847442626976, 22.24208259582531], [114.17874908447277, 22.24208259582531], [114.17874908447277, 22.24263954162609], [114.17847442626976, 22.24263954162609], [114.17847442626976, 22.243194580078068], [114.17874908447277, 22.243194580078068], [114.17874908447277, 22.243749618530273], [114.17903137207043, 22.243749618530273], [114.17903137207043, 22.244028091430664], [114.17930603027355, 22.244028091430664], [114.17930603027355, 22.244304656982422], [114.18013763427734, 22.244304656982422], [114.18013763427734, 22.244583129882812], [114.18180847168003, 22.244583129882812], [114.18180847168003, 22.244861602783374], [114.18374633789062, 22.244861602783374], [114.18374633789062, 22.244583129882812], [114.18541717529308, 22.244583129882812], [114.18541717529308, 22.244861602783374], [114.18569183349632, 22.244861602783374], [114.18569183349632, 22.24513816833519], [114.18653106689464, 22.24513816833519], [114.18653106689464, 22.244861602783374], [114.18680572509766, 22.244861602783374], [114.18680572509766, 22.244583129882812], [114.18736267089844, 22.244583129882812], [114.18736267089844, 22.244028091430664], [114.18763732910179, 22.244028091430664], [114.18763732910179, 22.243749618530273], [114.18791961669956, 22.243749618530273], [114.18791961669956, 22.242916107177678], [114.18763732910179, 22.242916107177678], [114.18763732910179, 22.24263954162609], [114.18708038330124, 22.24263954162609], [114.18708038330124, 22.24236106872587], [114.18680572509766, 22.24236106872587], [114.18680572509766, 22.24180603027355], [114.18653106689464, 22.24180603027355], [114.18653106689464, 22.240694046020565], [114.18624877929688, 22.240694046020565], [114.18624877929688, 22.240417480468977], [114.18653106689464, 22.240417480468977], [114.18653106689464, 22.23930549621582], [114.18680572509766, 22.23930549621582], [114.18680572509766, 22.239028930664062], [114.18708038330124, 22.239028930664062], [114.18708038330124, 22.238750457763672], [114.18736267089844, 22.238750457763672], [114.18736267089844, 22.238470077514876], [114.18763732910179, 22.238470077514876], [114.18763732910179, 22.23819351196289], [114.18791961669956, 22.23819351196289], [114.18792724609375, 22.23764038085966], [114.18819427490246, 22.23764038085966], [114.18819427490246, 22.237083435058707], [114.18875122070335, 22.237083435058707], [114.18875122070335, 22.236804962158146], [114.18902587890625, 22.236804962158146], [114.18902587890625, 22.236526489257756], [114.1893081665039, 22.236526489257756], [114.1893081665039, 22.23624992370617], [114.18985748291016, 22.23624992370617], [114.18985748291016, 22.235696792602766], [114.19041442871094, 22.235696792602766], [114.19041442871094, 22.23541641235363], [114.19069671630882, 22.23541641235363], [114.19069671630882, 22.235696792602766], [114.19152832031261, 22.235696792602766], [114.19152832031261, 22.23597145080595], [114.1923599243164, 22.23597145080595], [114.1923599243164, 22.23624992370617], [114.19264221191406, 22.23624992370617], [114.19264221191406, 22.236526489257756], [114.19306945800815, 22.236526489257756], [114.19319152832077, 22.236526489257756], [114.19319152832077, 22.236804962158146], [114.19403076171875, 22.236804962158146], [114.19403076171875, 22.237083435058707], [114.1943054199221, 22.237083435058707], [114.1943054199221, 22.237361907959098], [114.19458007812511, 22.237361907959098], [114.19458007812511, 22.23764038085966], [114.19541931152366, 22.23764038085966], [114.19541931152366, 22.237361907959098], [114.19569396972656, 22.237361907959098], [114.19569396972656, 22.237083435058707], [114.19596862792969, 22.237083435058707], [114.19596862792969, 22.236804962158146], [114.19625091552746, 22.236804962158146], [114.19625091552746, 22.236526489257756], [114.19652557373047, 22.236526489257756], [114.19652557373047, 22.23624992370617], [114.19680786132858, 22.23624992370617], [114.19680786132858, 22.23597145080595], [114.19708251953125, 22.23597145080595], [114.19708251953125, 22.234861373901595], [114.19736480712913, 22.234861373901595], [114.19736480712913, 22.234304428100643], [114.19763946533237, 22.234304428100643], [114.19763946533237, 22.233749389648665], [114.19791412353527, 22.233749389648665], [114.19791412353527, 22.229860305786246], [114.19736480712913, 22.229860305786246], [114.1973571777346, 22.229583740234432], [114.19680786132858, 22.229583740234432], [114.19680786132858, 22.22930526733404], [114.19652557373047, 22.22930526733404], [114.19652557373047, 22.229028701782454], [114.19625091552746, 22.229028701782454], [114.19625091552746, 22.227638244629134], [114.19652557373047, 22.227638244629134], [114.196533203125, 22.227083206176758], [114.19680786132858, 22.227083206176758], [114.19680786132858, 22.226804733276367], [114.19708251953125, 22.226804733276367], [114.19708251953125, 22.226251602172965], [114.19736480712913, 22.226251602172965], [114.19736480712913, 22.225973129272575], [114.19763946533237, 22.225973129272575], [114.19763946533237, 22.224582672119254], [114.19736480712913, 22.224582672119254], [114.19734191894543, 22.224029541015852], [114.19708251953125, 22.224029541015852], [114.19708251953125, 22.223747253417912], [114.19596862792969, 22.223747253417912], [114.19596862792969, 22.224029541015852], [114.19486236572277, 22.224029541015852], [114.19486236572277, 22.224306106567496], [114.1943054199221, 22.224306106567496], [114.1943054199221, 22.224582672119254], [114.19403076171875, 22.224582672119254], [114.19403076171875, 22.2248592376709], [114.19347381591797, 22.2248592376709], [114.19347381591797, 22.223747253417912], [114.19403076171875, 22.223747253417912], [114.19403076171875, 22.2234725952149], [114.1943054199221, 22.2234725952149], [114.1943054199221, 22.22319412231451], [114.19458007812511, 22.22319412231451], [114.19458007812511, 22.222919464111328], [114.19486236572277, 22.222919464111328], [114.19486236572277, 22.222637176513786], [114.1951370239259, 22.222637176513786], [114.1951370239259, 22.22236061096214], [114.19569396972656, 22.22236061096214], [114.19569396972656, 22.22208595275879], [114.19625091552746, 22.22208595275879], [114.19625091552746, 22.221805572509766], [114.19652557373047, 22.221805572509766], [114.19652557373047, 22.2215251922608], [114.19708251953125, 22.2215251922608], [114.19708251953125, 22.221250534057617], [114.19819641113293, 22.221250534057617], [114.19819641113293, 22.220972061157397], [114.20011901855503, 22.220972061157397], [114.20041656494163, 22.220972061157397], [114.20041656494163, 22.220693588256836], [114.20069122314487, 22.220693588256836], [114.20069122314487, 22.220415115356445], [114.2009735107423, 22.220415115356445], [114.2009735107423, 22.219861984253043], [114.20124816894543, 22.219861984253043], [114.20124816894543, 22.219028472900504], [114.2015304565432, 22.219028472900504], [114.2015304565432, 22.218471527099894], [114.2018051147461, 22.218471527099894], [114.2018051147461, 22.217084884643555], [114.2015304565432, 22.217084884643555], [114.2015304565432, 22.21680641174339], [114.20124816894543, 22.21680641174339], [114.20124816894543, 22.216527938843], [114.2009735107423, 22.216527938843], [114.2009735107423, 22.21680641174339], [114.1995849609375, 22.21680641174339], [114.1995849609375, 22.216527938843], [114.19930267333996, 22.216527938843], [114.19930267333996, 22.21624946594261], [114.1987533569336, 22.21624946594261], [114.1987533569336, 22.215694427490234], [114.19847106933616, 22.215694427490234], [114.19847106933616, 22.215415954589844], [114.19819641113293, 22.215415954589844], [114.19819641113293, 22.215139389038086], [114.19791412353527, 22.215139389038086], [114.19791412353527, 22.215694427490234], [114.19763946533237, 22.215694427490234], [114.19763946533237, 22.215415954589844], [114.19736480712913, 22.215415954589844], [114.19736480712913, 22.214862823486442], [114.19708251953125, 22.214862823486442], [114.19708251953125, 22.21430587768549], [114.19680786132858, 22.21430587768549], [114.19680786132858, 22.212358474731445], [114.19652557373047, 22.212358474731445], [114.19652557373047, 22.2115287780764], [114.19680786132858, 22.2115287780764], [114.19680786132858, 22.210695266723633], [114.19708251953125, 22.210695266723633], [114.19708251953125, 22.210136413574276], [114.19763946533237, 22.210136413574276], [114.19763946533237, 22.209861755371264], [114.19930267333996, 22.209861755371264], [114.19930267333996, 22.210136413574276], [114.19985961914108, 22.210136413574276], [114.19985961914108, 22.210418701171875], [114.20041656494163, 22.210418701171875], [114.20041656494163, 22.210695266723633], [114.20069122314487, 22.210695266723633], [114.20069122314487, 22.21125030517601], [114.2009735107423, 22.21125030517601], [114.2009735107423, 22.211805343627987], [114.2015304565432, 22.211805343627987], [114.2015304565432, 22.212358474731445], [114.2018051147461, 22.212358474731445], [114.2018051147461, 22.21264076232933], [114.2040252685548, 22.21264076232933], [114.20403289794945, 22.212358474731445], [114.20486450195324, 22.212358474731445], [114.20486450195324, 22.212083816528377], [114.20541381835949, 22.212083816528377], [114.20541381835949, 22.212358474731445], [114.20597076416061, 22.212358474731445], [114.20597076416061, 22.212917327880973], [114.20625305175781, 22.212917327880973], [114.20625305175781, 22.21319389343273], [114.20652770996116, 22.21319389343273], [114.20652770996116, 22.21347236633312], [114.20708465576195, 22.21347236633312], [114.20708465576195, 22.214027404785156], [114.20735931396496, 22.214027404785156], [114.20735931396496, 22.214582443237475], [114.20764160156261, 22.214582443237475], [114.20764160156261, 22.214862823486442], [114.20735931396496, 22.214862823486442], [114.20735931396496, 22.215139389038086], [114.20708465576195, 22.215139389038086], [114.20708465576195, 22.215694427490234], [114.20735931396496, 22.215694427490234], [114.20735931396496, 22.215972900390625], [114.20764160156261, 22.215972900390625], [114.20764160156261, 22.21624946594261], [114.20791625976574, 22.21624946594261], [114.20791625976574, 22.216527938843], [114.20819091796875, 22.216527938843], [114.20819091796875, 22.21680641174339], [114.2096176147461, 22.21680641174339], [114.2098617553711, 22.21680641174339], [114.2098617553711, 22.217084884643555], [114.21013641357445, 22.217084884643555], [114.21013641357445, 22.21736145019554], [114.21041870117222, 22.21736145019554], [114.21041870117222, 22.217638015747184], [114.21069335937511, 22.217638015747184], [114.21069335937511, 22.217916488647575], [114.21180725097656, 22.217916488647575], [114.21180725097656, 22.217084884643555], [114.21263885498092, 22.217084884643555], [114.21263885498092, 22.216527938843], [114.2129135131836, 22.216527938843], [114.2129135131836, 22.21624946594261], [114.21319580078148, 22.21624946594261], [114.21319580078148, 22.215694427490234], [114.21347045898472, 22.215694427490234], [114.21347045898472, 22.215415954589844], [114.21375274658214, 22.215415954589844], [114.21375274658214, 22.215139389038086], [114.21402740478527, 22.215139389038086], [114.21402740478527, 22.214862823486442], [114.21430206298851, 22.214862823486442], [114.21430206298851, 22.214027404785156], [114.21458435058594, 22.214027404785156], [114.21458435058594, 22.21319389343273], [114.21430206298851, 22.21319389343273], [114.2142562866211, 22.211805343627987], [114.21375274658214, 22.211805343627987], [114.21375274658214, 22.2115287780764], [114.21347045898472, 22.2115287780764], [114.21347045898472, 22.21125030517601], [114.21319580078148, 22.21125030517601], [114.21319580078148, 22.210971832275618], [114.2129135131836, 22.210971832275618], [114.2129135131836, 22.210695266723633], [114.21263885498092, 22.210695266723633], [114.21263885498092, 22.210136413574276], [114.2120819091798, 22.210136413574276], [114.2120819091798, 22.209861755371264], [114.21180725097656, 22.209861755371264], [114.21180725097656, 22.209583282470703], [114.2115249633789, 22.209583282470703], [114.2115249633789, 22.208749771118164], [114.21125030517601, 22.208749771118164], [114.21125030517601, 22.2070827484132], [114.2115249633789, 22.2070827484132], [114.2115249633789, 22.205972671508846], [114.21180725097656, 22.205972671508846], [114.21180725097656, 22.205139160156477], [114.2115249633789, 22.205139160156477], [114.2115249633789, 22.203750610351562], [114.21180725097656, 22.203750610351562], [114.21180725097656, 22.202083587646598], [114.2115249633789, 22.202083587646598], [114.2115249633789, 22.20097160339384], [114.21125030517601, 22.20097160339384], [114.21125030517601, 22.20041656494152], [114.21097564697277, 22.20041656494152], [114.21097564697277, 22.19874763488781], [114.21125030517601, 22.19874763488781], [114.21125030517601, 22.19680786132824], [114.2115249633789, 22.19680786132824], [114.2115249633789, 22.195972442627067], [114.21180725097656, 22.195972442627067], [114.21180725097656, 22.195693969726676], [114.2120819091798, 22.195693969726676], [114.2120819091798, 22.195415496826115], [114.21263885498092, 22.195415496826115], [114.21263885498092, 22.195138931274528], [114.2129135131836, 22.195138931274528], [114.2129135131836, 22.194860458374137], [114.21319580078148, 22.194860458374137], [114.21319580078148, 22.194583892822322], [114.21347045898472, 22.194583892822322], [114.21347045898472, 22.194026947021598], [114.21458435058594, 22.194026947021598], [114.21458435058594, 22.194305419921932], [114.21624755859398, 22.194305419921932], [114.21624755859398, 22.194583892822322], [114.2170867919923, 22.194583892822322], [114.2170867919923, 22.194860458374137], [114.21736145019554, 22.194860458374137], [114.21736145019554, 22.195138931274528], [114.2179183959961, 22.195138931274528], [114.2179183959961, 22.194860458374137], [114.21847534179688, 22.194860458374137], [114.21849060058594, 22.194583892822322], [114.21958160400425, 22.194583892822322], [114.21958160400425, 22.194860458374137], [114.22180175781295, 22.194860458374137], [114.22180938720714, 22.195138931274528], [114.22235870361351, 22.195138931274528], [114.22235870361351, 22.195415496826115], [114.22319793701206, 22.195415496826115], [114.22319793701206, 22.195693969726676], [114.22402954101585, 22.195693969726676], [114.22402954101585, 22.19680786132824], [114.22430419921875, 22.19680786132824], [114.22430419921875, 22.197359085083235], [114.2245864868164, 22.197359085083235], [114.2245864868164, 22.19874763488781], [114.22430419921875, 22.19874763488781], [114.22429656982433, 22.19902992248535], [114.22402954101585, 22.19902992248535], [114.2239990234375, 22.199583053588924], [114.22374725341808, 22.199583053588924], [114.22374725341808, 22.20013809204113], [114.22347259521496, 22.20013809204113], [114.22347259521496, 22.200695037841854], [114.22319793701206, 22.200695037841854], [114.22319793701206, 22.20097160339384], [114.22264099121094, 22.20097160339384], [114.22264099121094, 22.201805114746037], [114.22235870361351, 22.201805114746037], [114.22235870361351, 22.202083587646598], [114.22208404541016, 22.202083587646598], [114.22208404541016, 22.20319366455078], [114.22180938720714, 22.20319366455078], [114.22180175781295, 22.203750610351562], [114.22152709960938, 22.203750610351562], [114.22152709960938, 22.204027175903548], [114.22125244140625, 22.204027175903548], [114.22125244140625, 22.20430564880371], [114.2209701538086, 22.20430564880371], [114.2209701538086, 22.204582214355696], [114.22069549560558, 22.204582214355696], [114.22069549560558, 22.205139160156477], [114.22041320800804, 22.205141067505053], [114.22041320800804, 22.20652770996105], [114.2201385498048, 22.20652770996105], [114.2201385498048, 22.2070827484132], [114.21986389160179, 22.2070827484132], [114.21986389160179, 22.20736122131376], [114.21958160400425, 22.20736122131376], [114.21958160400425, 22.20763969421398], [114.21930694580101, 22.20763969421398], [114.21930694580101, 22.20819473266596], [114.21902465820312, 22.20819473266596], [114.21902465820312, 22.208471298217773], [114.21875000000045, 22.208471298217773], [114.21875000000045, 22.209304809570312], [114.21902465820312, 22.209304809570312], [114.21902465820312, 22.209583282470703], [114.2201385498048, 22.209583282470703], [114.2201385498048, 22.209861755371264], [114.22041320800804, 22.209861755371264], [114.22041320800804, 22.210418701171875], [114.22069549560558, 22.210418701171875], [114.22069549560558, 22.21125030517601], [114.2209701538086, 22.21125030517601], [114.2209701538086, 22.211805343627987], [114.22125244140625, 22.211805343627987], [114.22125244140625, 22.212083816528377], [114.22235870361351, 22.212083816528377], [114.22235870361351, 22.211805343627987], [114.22264099121094, 22.211809158325195], [114.22264099121094, 22.212358474731445], [114.22291564941429, 22.212358474731445], [114.22291564941429, 22.21319389343273], [114.22319793701206, 22.21319389343273], [114.22319793701206, 22.213750839233683], [114.22291564941429, 22.213750839233683], [114.22291564941429, 22.214862823486442], [114.22264099121094, 22.214862823486442], [114.22264099121094, 22.215139389038086], [114.22208404541016, 22.215139389038086], [114.22207641601562, 22.215415954589844], [114.22152709960938, 22.215415954589844], [114.22152709960938, 22.215694427490234], [114.22125244140625, 22.215694427490234], [114.22122192382858, 22.215972900390625], [114.2209701538086, 22.215972900390625], [114.2209701538086, 22.21624946594261], [114.22069549560558, 22.21624946594261], [114.22069549560558, 22.216527938843], [114.22041320800804, 22.216539382934513], [114.22041320800804, 22.21680641174339], [114.21902465820312, 22.21680641174339], [114.21902465820312, 22.217084884643555], [114.21847534179688, 22.217084884643555], [114.21847534179688, 22.21736145019554], [114.21819305419933, 22.21736145019554], [114.21819305419933, 22.217638015747184], [114.21763610839844, 22.217638015747184], [114.21763610839844, 22.217916488647575], [114.21736145019554, 22.217916488647575], [114.21734619140625, 22.218193054199332], [114.2170867919923, 22.218193054199332], [114.2170867919923, 22.218750000000114], [114.21624755859398, 22.218750000000114], [114.21624755859398, 22.219028472900504], [114.21569824218795, 22.219028472900504], [114.21569824218795, 22.219303131103686], [114.21514129638683, 22.219303131103686], [114.21514129638683, 22.219583511352653], [114.21485900878906, 22.219583511352653], [114.21485900878906, 22.22208595275879], [114.21514129638683, 22.22208595275879], [114.21514129638683, 22.222637176513786], [114.21541595458984, 22.222637176513786], [114.21541595458984, 22.223747253417912], [114.21569824218795, 22.223747253417912], [114.21569824218795, 22.224306106567496], [114.21597290039062, 22.224306106567496], [114.21597290039062, 22.224582672119254], [114.21652984619175, 22.224582672119254], [114.21652984619175, 22.2248592376709], [114.21680450439464, 22.2248592376709], [114.21680450439464, 22.225139617920036], [114.2170867919923, 22.225139617920036], [114.2170867919923, 22.225416183471623], [114.21763610839844, 22.225416183471623], [114.21763610839844, 22.225694656372013], [114.2179183959961, 22.225694656372013], [114.2179183959961, 22.226251602172965], [114.21819305419933, 22.226251602172965], [114.21819305419933, 22.227083206176758], [114.21847534179688, 22.227083206176758], [114.21847534179688, 22.228195190429688], [114.21819305419933, 22.228195190429688], [114.21819305419933, 22.228750228882063], [114.22041320800804, 22.228750228882063], [114.22041320800804, 22.229028701782454], [114.2209701538086, 22.22903060913103], [114.2209701538086, 22.22930526733404], [114.22152709960938, 22.22930526733404], [114.22152709960938, 22.229860305786246], [114.22180175781295, 22.229860305786246], [114.22180938720714, 22.230417251587028], [114.22208404541016, 22.230417251587028], [114.22208404541016, 22.230693817138786], [114.22235870361351, 22.230693817138786], [114.22235870361351, 22.230972290039176], [114.22264099121094, 22.230972290039176], [114.22264099121094, 22.231250762939737], [114.22291564941429, 22.231250762939737], [114.22291564941429, 22.231805801391545], [114.22319793701206, 22.231805801391545], [114.22319793701206, 22.23208236694353], [114.22340393066406, 22.232084274291935], [114.22347259521496, 22.23236083984375], [114.22402954101585, 22.23236083984375], [114.22402954101585, 22.232084274291935], [114.22430419921875, 22.23208236694353], [114.22430419921875, 22.231805801391545], [114.2245864868164, 22.231805801391545], [114.2245864868164, 22.231250762939737], [114.22486114501964, 22.231250762939737], [114.22486114501964, 22.230693817138786], [114.22513580322266, 22.230693817138786], [114.22513580322266, 22.230417251587028], [114.22569274902344, 22.230417251587028], [114.22569274902344, 22.229860305786246], [114.22597503662132, 22.229860305786246], [114.22597503662132, 22.229583740234432], [114.22624969482456, 22.229583740234432], [114.22630310058594, 22.229028701782454], [114.22680664062511, 22.229028701782454], [114.22680664062511, 22.22930526733404], [114.22708129882835, 22.22930526733404], [114.22708129882835, 22.229583740234432], [114.22958374023449, 22.229583740234432], [114.22958374023449, 22.230138778686637], [114.22985839843761, 22.230138778686637], [114.22985839843761, 22.230693817138786], [114.22958374023449, 22.230693817138786], [114.22958374023449, 22.230972290039176], [114.22985839843761, 22.230972290039176], [114.22985839843761, 22.23152732849121], [114.23014068603538, 22.23152732849121], [114.23014068603538, 22.23236083984375], [114.22985839843761, 22.23236083984375], [114.22985839843761, 22.234582901001033], [114.22958374023449, 22.234582901001033], [114.22958374023449, 22.234861373901595], [114.22930908203159, 22.234861373901595], [114.22930908203159, 22.23597145080595], [114.22902679443382, 22.23597145080595], [114.22902679443382, 22.23791885375988], [114.22875213623047, 22.23791885375988], [114.22875213623047, 22.23819351196289], [114.22819519042969, 22.238195419311467], [114.2281265258789, 22.238470077514876], [114.2276382446289, 22.238470077514876], [114.2276382446289, 22.238750457763672], [114.22736358642578, 22.238750457763672], [114.22735595703125, 22.239028930664062], [114.22708129882835, 22.239028930664062], [114.22708129882835, 22.23930549621582], [114.22680664062511, 22.23930549621582], [114.22680664062511, 22.23958396911621], [114.22624969482456, 22.23958396911621], [114.22624969482456, 22.240140914917163], [114.22597503662132, 22.240140914917163], [114.22597503662132, 22.240417480468977], [114.22541809082077, 22.240417480468977], [114.22541809082077, 22.240694046020565], [114.22513580322266, 22.240694046020565], [114.22513580322266, 22.240972518920955], [114.22347259521496, 22.240972518920955], [114.22347259521496, 22.24263954162609], [114.22319793701206, 22.24263954162609], [114.22319793701206, 22.244304656982422], [114.22347259521496, 22.244304656982422], [114.22347259521496, 22.246250152588118], [114.22402954101585, 22.246250152588118], [114.22402954101585, 22.245971679687727], [114.2245864868164, 22.245971679687727], [114.2245864868164, 22.245693206787166], [114.22486114501964, 22.245693206787166], [114.22486114501964, 22.24541664123558], [114.22513580322266, 22.24541664123558], [114.22513580322266, 22.244583129882812], [114.22541809082077, 22.244583129882812], [114.22541809082077, 22.24236106872587], [114.22569274902344, 22.24236106872587], [114.22569274902344, 22.24124908447277], [114.22597503662132, 22.24124908447277], [114.22598266601585, 22.240694046020565], [114.22624969482456, 22.240694046020565], [114.22624969482456, 22.240417480468977], [114.22652435302746, 22.240417480468977], [114.22652435302746, 22.240694046020565], [114.22680664062511, 22.240694046020565], [114.22680664062511, 22.240972518920955], [114.22736358642578, 22.240972518920955], [114.22736358642578, 22.24124908447277], [114.23097229003918, 22.24124908447277], [114.23097229003918, 22.240972518920955], [114.23124694824219, 22.240972518920955], [114.23124694824219, 22.240694046020565], [114.2315292358403, 22.240694046020565], [114.2315292358403, 22.240417480468977], [114.23208618164085, 22.240417480468977], [114.23208618164085, 22.240140914917163], [114.23263549804699, 22.240140914917163], [114.23264312744163, 22.23985862731945], [114.23291778564464, 22.23985862731945], [114.23291778564464, 22.23958396911621], [114.23319244384788, 22.23958396911621], [114.23319244384788, 22.23930549621582], [114.23402404785168, 22.23930549621582], [114.23402404785168, 22.239028930664062], [114.23430633544922, 22.239028930664062], [114.23430633544922, 22.238470077514876], [114.2345809936528, 22.238470077514876], [114.2345809936528, 22.236804962158146], [114.23430633544922, 22.236804962158146], [114.23430633544922, 22.23624992370617], [114.23374938964844, 22.23624992370617], [114.23374938964844, 22.23513793945324], [114.23402404785168, 22.23513793945324], [114.23402404785168, 22.234861373901595], [114.23430633544922, 22.234861373901595], [114.23430633544922, 22.234582901001033], [114.2345809936528, 22.234582901001033], [114.2345809936528, 22.233749389648665], [114.23486328125, 22.233749389648665], [114.23486328125, 22.2329158782959], [114.23513793945335, 22.2329158782959], [114.23513793945335, 22.232084274291935], [114.23542022705078, 22.23208236694353], [114.23542022705078, 22.230693817138786], [114.23569488525413, 22.230693817138786], [114.23569488525413, 22.227916717529524], [114.23542022705078, 22.227916717529524], [114.23542022705078, 22.227638244629134], [114.23569488525413, 22.227638244629134], [114.23569488525413, 22.227083206176758], [114.23596954345714, 22.227083206176758], [114.23596954345714, 22.22652816772461], [114.23652648925793, 22.22652816772461], [114.23652648925793, 22.225694656372013], [114.2362518310548, 22.225694656372013], [114.2362518310548, 22.225139617920036], [114.23596954345714, 22.225139617920036], [114.23596954345714, 22.224582672119254], [114.23569488525413, 22.224582672119254], [114.23567199707054, 22.224029541015852], [114.23542022705078, 22.224029541015852], [114.23542022705078, 22.2234725952149], [114.23513793945335, 22.2234725952149], [114.23513793945335, 22.22236061096214], [114.23542022705078, 22.22236061096214], [114.23542022705078, 22.221805572509766], [114.23569488525413, 22.221805572509766], [114.23569488525413, 22.2215251922608], [114.23596954345714, 22.2215251922608], [114.23596954345714, 22.221250534057617], [114.2362518310548, 22.221250534057617], [114.2362518310548, 22.220972061157397], [114.23674011230503, 22.220972061157397], [114.2368087768557, 22.220693588256836], [114.2370834350586, 22.220693588256836], [114.2370834350586, 22.220415115356445], [114.23735809326172, 22.220415115356445], [114.23735809326172, 22.219861984253043], [114.2370834350586, 22.219861984253043], [114.2370834350586, 22.219583511352653], [114.23764038085949, 22.219583511352653], [114.23764038085949, 22.219028472900504], [114.2379150390625, 22.219028472900504], [114.2379150390625, 22.218750000000114], [114.23819732666061, 22.218750000000114], [114.23819732666061, 22.218471527099894], [114.23847198486328, 22.218471527099894], [114.23847198486328, 22.218193054199332], [114.23874664306663, 22.218193054199332], [114.23874664306663, 22.217916488647575], [114.23958587646496, 22.217916488647575], [114.23958587646496, 22.218193054199332], [114.24124908447311, 22.218193054199332], [114.24124908447311, 22.217638015747184], [114.24180603027366, 22.217638015747184], [114.24180603027366, 22.217084884643555], [114.24153137207031, 22.217084884643555], [114.24156951904297, 22.21680641174339], [114.24180603027366, 22.21680641174339], [114.24180603027366, 22.215694427490234], [114.2420806884769, 22.215694427490234], [114.2420806884769, 22.214862823486442], [114.24236297607433, 22.214862823486442], [114.24236297607433, 22.21430587768549], [114.24263763427746, 22.21430587768549], [114.24263763427746, 22.21319389343273], [114.24291992187523, 22.21319389343273], [114.24291992187523, 22.21264076232933], [114.24263763427746, 22.21264076232933], [114.24263763427746, 22.211805343627987], [114.2420806884769, 22.211805343627987], [114.2420806884769, 22.2115287780764], [114.24180603027366, 22.2115287780764], [114.24180603027366, 22.21125030517601], [114.24153137207031, 22.21125030517601], [114.24153137207031, 22.210971832275618], [114.24124908447311, 22.210971832275618], [114.24124908447311, 22.209583282470703], [114.24153137207031, 22.209583282470703], [114.24153137207031, 22.209026336669922], [114.24180603027366, 22.209026336669922], [114.24180603027366, 22.208749771118164], [114.2420806884769, 22.208749771118164], [114.2420806884769, 22.20819473266596], [114.24236297607433, 22.20819473266596], [114.24236297607433, 22.207914352416992], [114.24263763427746, 22.207914352416992], [114.24263763427746, 22.20763969421398], [114.24375152587902, 22.20763969421398], [114.24375152587902, 22.20736122131376], [114.24402618408203, 22.20736122131376], [114.24402618408203, 22.2070827484132], [114.24485778808616, 22.2070827484132], [114.24485778808616, 22.20680427551281], [114.24597167968773, 22.20680427551281], [114.24597167968773, 22.20652770996105], [114.24652862548828, 22.20652770996105], [114.24652862548828, 22.20624923706066], [114.24680328369152, 22.20624923706066], [114.24680328369152, 22.20652770996105], [114.24764251708984, 22.20652770996105], [114.24764251708984, 22.20624923706066], [114.2479171752932, 22.206251144409407], [114.2479171752932, 22.20652770996105], [114.24903106689464, 22.20652770996105], [114.24903106689464, 22.20680427551281], [114.25069427490234, 22.20680427551281], [114.25069427490234, 22.2070827484132], [114.25152587890648, 22.2070827484132], [114.25152587890648, 22.20736122131376], [114.25235748291027, 22.20736122131376], [114.25235748291027, 22.2070827484132], [114.25291442871094, 22.2070827484132], [114.25291442871094, 22.20680427551281], [114.2531967163086, 22.20680427551281], [114.2531967163086, 22.20652770996105], [114.25347137451183, 22.20652770996105], [114.25347137451183, 22.205972671508846], [114.25375366210938, 22.205972671508846], [114.25375366210938, 22.20624923706066], [114.25458526611351, 22.20624923706066], [114.25458526611351, 22.205972671508846], [114.25514221191418, 22.205972671508846], [114.25514221191418, 22.20624923706066], [114.2554168701173, 22.206251144409407], [114.2554168701173, 22.20680427551281], [114.25569152832054, 22.20680427551281], [114.25569152832054, 22.20763969421398], [114.25597381591797, 22.20763969421398], [114.25597381591797, 22.207914352416992], [114.25653076171886, 22.207914352416992], [114.25653839111328, 22.20763969421398], [114.25680541992188, 22.20763969421398], [114.25680541992188, 22.20736122131376], [114.25708007812545, 22.20736122131376], [114.25708007812545, 22.2070827484132], [114.25791931152378, 22.2070827484132], [114.25791931152378, 22.20736122131376], [114.2598648071289, 22.20736122131376], [114.2598648071289, 22.20680427551281], [114.25958251953136, 22.20680427551281], [114.25958251953136, 22.20624923706066], [114.25902557373047, 22.20624923706066], [114.25902557373047, 22.205972671508846], [114.2584686279298, 22.205972671508846], [114.2584686279298, 22.204860687256087], [114.25875091552757, 22.204860687256087], [114.25875091552757, 22.204582214355696], [114.25930786132812, 22.204582214355696], [114.25933074951183, 22.20430564880371], [114.25958251953136, 22.20430564880371], [114.25958251953136, 22.204027175903548], [114.2598648071289, 22.204027175903548], [114.2598648071289, 22.203750610351562], [114.26069641113304, 22.203750610351562], [114.26069641113304, 22.204027175903548], [114.26097106933628, 22.204027175903548], [114.26094055175793, 22.205694198608455], [114.26069641113304, 22.205694198608455], [114.26069641113304, 22.20680427551281], [114.26097106933628, 22.20680427551281], [114.26097106933628, 22.20736122131376], [114.26125335693382, 22.20736122131376], [114.26125335693382, 22.20763969421398], [114.26152801513683, 22.20763969421398], [114.26152801513683, 22.208749771118164], [114.26125335693382, 22.208749771118164], [114.26125335693382, 22.209026336669922], [114.26069641113304, 22.209026336669922], [114.26069641113304, 22.209304809570312], [114.26041412353516, 22.209304809570312], [114.26041412353516, 22.209583282470703], [114.25958251953136, 22.209583282470703], [114.25958251953136, 22.209861755371264], [114.25930786132812, 22.209861755371264], [114.25930786132812, 22.210971832275618], [114.25902557373047, 22.210971832275618], [114.25902557373047, 22.21125030517601], [114.25736236572266, 22.21125030517601], [114.25736236572266, 22.210971832275618], [114.25597381591797, 22.210971832275618], [114.25597381591797, 22.210695266723633], [114.25514221191418, 22.210699081421183], [114.25514221191418, 22.211805343627987], [114.2554168701173, 22.211805343627987], [114.2554168701173, 22.212083816528377], [114.25569152832054, 22.212083816528377], [114.25569152832054, 22.213750839233683], [114.2554168701173, 22.213750839233683], [114.2554168701173, 22.215139389038086], [114.25569152832054, 22.215139389038086], [114.25569152832054, 22.21624946594261], [114.2554168701173, 22.21624946594261], [114.2554168701173, 22.218750000000114], [114.25514221191418, 22.218750000000114], [114.25514221191418, 22.220693588256836], [114.25485992431675, 22.220693588256836], [114.25485992431675, 22.220972061157397], [114.25458526611351, 22.220972061157397], [114.25458526611351, 22.22208595275879], [114.25430297851562, 22.22208595275879], [114.25430297851562, 22.222637176513786], [114.25402832031295, 22.222637176513786], [114.25402832031295, 22.22319412231451], [114.25375366210938, 22.22319412231451], [114.25375366210938, 22.2234725952149], [114.25347137451183, 22.2234725952149], [114.25347137451183, 22.223747253417912], [114.2531967163086, 22.223747253417912], [114.2531967163086, 22.224306106567496], [114.25291442871094, 22.224306106567496], [114.25291442871094, 22.224582672119254], [114.25263977050804, 22.224582672119254], [114.25263977050804, 22.2248592376709], [114.25208282470714, 22.2248592376709], [114.25208282470714, 22.225139617920036], [114.25180816650425, 22.225139617920036], [114.25180816650425, 22.225416183471623], [114.25152587890648, 22.225416183471623], [114.25152587890648, 22.226804733276367], [114.25125122070312, 22.226804733276367], [114.25125122070312, 22.227083206176758], [114.2509689331057, 22.227083206176758], [114.2509689331057, 22.22736167907732], [114.25069427490234, 22.22736167907732], [114.25069427490234, 22.227638244629134], [114.25041961669933, 22.227638244629134], [114.25041961669933, 22.227916717529524], [114.25069427490234, 22.227916717529524], [114.25069427490234, 22.228195190429688], [114.2509689331057, 22.228202819824446], [114.2509689331057, 22.228471755981673], [114.25125122070312, 22.228471755981673], [114.25125122070312, 22.228750228882063], [114.25152587890648, 22.228750228882063], [114.25152587890648, 22.229028701782454], [114.25263977050804, 22.229028701782454], [114.25263977050804, 22.228750228882063], [114.25291442871094, 22.228750228882063], [114.25291442871094, 22.228471755981673], [114.25347137451183, 22.228471755981673], [114.25347137451183, 22.228195190429688], [114.2562484741211, 22.228195190429688], [114.2562484741211, 22.228750228882063], [114.25653076171886, 22.228750228882063], [114.25653076171886, 22.22930526733404], [114.25791931152378, 22.22930526733404], [114.25791931152378, 22.229028701782454], [114.2584686279298, 22.229028701782454], [114.2584686279298, 22.228750228882063], [114.25930786132812, 22.228750228882063], [114.25930786132812, 22.229028701782454], [114.2598648071289, 22.229028701782454], [114.2598648071289, 22.22930526733404], [114.26013946533249, 22.22930526733404], [114.26013946533249, 22.229583740234432], [114.26041412353516, 22.229583740234432], [114.26041412353516, 22.230138778686637], [114.26069641113304, 22.230138778686637], [114.26069641113304, 22.230972290039176], [114.26041412353516, 22.230972290039176], [114.26041412353516, 22.23152732849121], [114.25958251953136, 22.23152732849121], [114.25958251953136, 22.231250762939737], [114.25902557373047, 22.231250762939737], [114.25902557373047, 22.230972290039176], [114.25653076171886, 22.230972290039176], [114.25653076171886, 22.230693817138786], [114.25430297851562, 22.230693817138786], [114.25430297851562, 22.230972290039176], [114.25402832031295, 22.230972290039176], [114.25402832031295, 22.231250762939737], [114.25263977050804, 22.231250762939737], [114.25260162353516, 22.23152732849121], [114.25208282470714, 22.23152732849121], [114.25208282470714, 22.23263931274414], [114.25235748291027, 22.23263931274414], [114.25235748291027, 22.2329158782959], [114.25291442871094, 22.2329158782959], [114.25291442871094, 22.233749389648665], [114.2531967163086, 22.233749389648665], [114.2531967163086, 22.234304428100643], [114.25347137451183, 22.234304428100643], [114.25347137451183, 22.234582901001033], [114.25375366210938, 22.234582901001033], [114.25375366210938, 22.23513793945324], [114.25402832031295, 22.23513793945324], [114.25402832031295, 22.23597145080595], [114.25375366210938, 22.23597145080595], [114.25374603271484, 22.23624992370617], [114.2531967163086, 22.23624992370617], [114.2531967163086, 22.236804962158146], [114.25291442871094, 22.236804962158146], [114.25291442871094, 22.237083435058707], [114.25235748291027, 22.237083435058707], [114.25235748291027, 22.237361907959098], [114.25208282470714, 22.237361907959098], [114.25208282470714, 22.23764038085966], [114.25180816650425, 22.23764038085966], [114.25180816650425, 22.23819351196289], [114.25152587890648, 22.238195419311467], [114.25149536132835, 22.238470077514876], [114.25125122070312, 22.238470077514876], [114.25125122070312, 22.239028930664062], [114.2509689331057, 22.239028930664062], [114.2509689331057, 22.23958396911621], [114.25125122070312, 22.23958396911621], [114.25125122070312, 22.23985862731945], [114.25152587890648, 22.23985862731945], [114.25152587890648, 22.240417480468977], [114.25125122070312, 22.240417480468977], [114.25125122070312, 22.24152755737316], [114.2509689331057, 22.24152755737316], [114.2509689331057, 22.24180603027355], [114.25013732910156, 22.24180603027355], [114.25013732910156, 22.24208259582531], [114.24958038330078, 22.24208259582531], [114.24958038330078, 22.24236106872587], [114.24903106689464, 22.24236106872587], [114.24903106689464, 22.24263954162609], [114.24874877929699, 22.24263954162609], [114.24874877929699, 22.242916107177678], [114.24847412109398, 22.242916107177678], [114.24847412109398, 22.243194580078068], [114.24819183349643, 22.243194580078068], [114.24819183349643, 22.243749618530273], [114.2479171752932, 22.243749618530273], [114.2479171752932, 22.244028091430664], [114.24764251708984, 22.244028091430664], [114.24764251708984, 22.244304656982422], [114.24736022949264, 22.244304656982422], [114.24736022949264, 22.244583129882812], [114.24708557128906, 22.244583129882812], [114.24708557128906, 22.245693206787166], [114.24680328369152, 22.245693206787166], [114.24680328369152, 22.245971679687727], [114.24708557128906, 22.245971679687727], [114.24708557128906, 22.24652862548851], [114.2479171752932, 22.24652862548851], [114.2479171752932, 22.246250152588118], [114.24847412109398, 22.246250152588118], [114.24847412109398, 22.245971679687727], [114.24958038330078, 22.245971679687727], [114.24958038330078, 22.246250152588118], [114.25013732910156, 22.246250152588118], [114.25013732910156, 22.24652862548851], [114.25041961669933, 22.24652862548851], [114.25046539306652, 22.24711418151867], [114.2509689331057, 22.247083663940487], [114.2509689331057, 22.24819374084484], [114.25125122070312, 22.24819374084484], [114.25125122070312, 22.24847221374523], [114.25180816650425, 22.24847221374523], [114.25180816650425, 22.248750686645792], [114.25235748291027, 22.248750686645792], [114.25235748291027, 22.24847221374523], [114.25263977050804, 22.24847221374523], [114.25263977050804, 22.24819374084484], [114.25291442871094, 22.24819374084484], [114.25291442871094, 22.24791526794428], [114.25375366210938, 22.24791526794428], [114.25375366210938, 22.24819374084484], [114.25402832031295, 22.24819374084484], [114.25402832031295, 22.248750686645792], [114.25430297851562, 22.248750686645792], [114.25430297851562, 22.249307632446403], [114.25458526611351, 22.249307632446403], [114.25458526611351, 22.24958419799799], [114.25485992431675, 22.24958419799799], [114.25485992431675, 22.249860763549805], [114.25514221191418, 22.249860763549805], [114.25514221191418, 22.25013732910179], [114.2554168701173, 22.250141143798942], [114.2554168701173, 22.250415802001953], [114.25569152832054, 22.250415802001953], [114.25569152832054, 22.250972747802734], [114.25597381591797, 22.250972747802734], [114.25597381591797, 22.251247406005973], [114.2562484741211, 22.251247406005973], [114.2562484741211, 22.252082824707088], [114.25653076171886, 22.252082824707088], [114.25653076171886, 22.25236129760765], [114.25680541992188, 22.25236129760765], [114.25680541992188, 22.252916336059684], [114.25653076171886, 22.252916336059684], [114.25653076171886, 22.253469467163086], [114.2562484741211, 22.253469467163086], [114.2562484741211, 22.2537517547608], [114.25569152832054, 22.2537517547608], [114.25569152832054, 22.2543048858642], [114.2554168701173, 22.2543048858642], [114.2554168701173, 22.254583358764762], [114.25569152832054, 22.254583358764762], [114.25569152832054, 22.255138397216797], [114.2562484741211, 22.255138397216797], [114.2562484741211, 22.256250381469727], [114.25653076171886, 22.256250381469727], [114.25653076171886, 22.256433486938477], [114.25653076171886, 22.25757217407255], [114.25653076171886, 22.257917404175032], [114.2562484741211, 22.257921218872184], [114.2562484741211, 22.260414123535156], [114.25653076171886, 22.260414123535156], [114.25653076171886, 22.260694503784123], [114.25680541992188, 22.260694503784123], [114.25680541992188, 22.260972976684684], [114.25736236572266, 22.260972976684684], [114.25736236572266, 22.262083053588867], [114.25708007812545, 22.262083053588867], [114.25708007812545, 22.26236152648943], [114.25653076171886, 22.26236152648943], [114.25653076171886, 22.26291847229004], [114.2562484741211, 22.262920379638786], [114.2562484741211, 22.26319694519043], [114.25597381591797, 22.26319694519043], [114.25597381591797, 22.263471603393782], [114.25569152832054, 22.263471603393782], [114.25569152832054, 22.263748168945426], [114.2554168701173, 22.263748168945426], [114.2554168701173, 22.264026641845817], [114.25485992431675, 22.264026641845817], [114.25485992431675, 22.26430511474615], [114.25458526611351, 22.26430511474615], [114.25458526611351, 22.26458358764654], [114.25430297851562, 22.26458358764654], [114.2542495727539, 22.264862060546932], [114.25402832031295, 22.264862060546932], [114.25402832031295, 22.265140533447493], [114.25347137451183, 22.265140533447493], [114.25347137451183, 22.265417098999137], [114.2531967163086, 22.265417098999137], [114.2531967163086, 22.265693664550895], [114.25291442871094, 22.265693664550895], [114.25287628173851, 22.265972137451286], [114.25263977050804, 22.265972137451286], [114.25263977050804, 22.266805648803654], [114.25235748291027, 22.266805648803654], [114.25235748291027, 22.267362594604606], [114.25180816650425, 22.267362594604606], [114.25180816650425, 22.26763916015625], [114.25069427490234, 22.26765060424816], [114.25069427490234, 22.267915725708008], [114.2505798339846, 22.267915725708008], [114.25041961669933, 22.26791763305664], [114.25041961669933, 22.2681941986084], [114.25013732910156, 22.2681941986084], [114.25013732910156, 22.26847267150879], [114.24986267089844, 22.26847267150879], [114.24986267089844, 22.268749237060774], [114.24958038330078, 22.268749237060774], [114.24958038330078, 22.269027709961165], [114.24930572509777, 22.269027709961165], [114.24930572509777, 22.269306182861555], [114.24903106689464, 22.269306182861555], [114.2490158081057, 22.269582748413143], [114.2479171752932, 22.269582748413143], [114.2479171752932, 22.269861221313704], [114.24736022949264, 22.269861221313704], [114.24735260009811, 22.27041625976574], [114.24708557128906, 22.270427703857422], [114.24708557128906, 22.271249771118278], [114.24680328369152, 22.271249771118278], [114.24680328369152, 22.271804809570256], [114.24624633789062, 22.271804809570256], [114.24624633789062, 22.272083282470817], [114.24597167968773, 22.272083282470817], [114.24597167968773, 22.27263832092285], [114.24569702148449, 22.27263832092285], [114.24569702148449, 22.272083282470817], [114.24541473388683, 22.272083282470817], [114.24541473388683, 22.271249771118278], [114.24514007568393, 22.271249771118278], [114.24514007568393, 22.270139694214095], [114.24541473388683, 22.270139694214095], [114.24541473388683, 22.269861221313704], [114.24514007568393, 22.269861221313704], [114.24514007568393, 22.269582748413143], [114.24485778808616, 22.269582748413143], [114.24485778808616, 22.269306182861555], [114.24430847168014, 22.269306182861555], [114.24430847168014, 22.269027709961165], [114.24402618408203, 22.269027709961165], [114.24402618408203, 22.268749237060774], [114.24375152587902, 22.268749237060774], [114.24375152587902, 22.26847267150879], [114.24346923828125, 22.26847267150879], [114.24346923828125, 22.2681941986084], [114.24291992187523, 22.2681941986084], [114.24291992187523, 22.268749237060774], [114.24263763427746, 22.268749237060774], [114.24263763427746, 22.269861221313704], [114.24291992187523, 22.269861221313704], [114.24291992187523, 22.27041625976574], [114.24319458007812, 22.27041625976574], [114.24319458007812, 22.270694732666072], [114.24346923828125, 22.270694732666072], [114.24346923828125, 22.271249771118278], [114.24375152587902, 22.271249771118278], [114.24375152587902, 22.27152824401867], [114.24402618408203, 22.27152824401867], [114.24402618408203, 22.272083282470817], [114.24430847168014, 22.272083282470817], [114.24430847168014, 22.272916793823242], [114.24458312988281, 22.272916793823242], [114.24458312988281, 22.27347183227556], [114.24485778808616, 22.27347183227556], [114.24485778808616, 22.27375030517578], [114.24402618408203, 22.27375030517578], [114.24402618408203, 22.27430534362793], [114.24346923828125, 22.274311065673885], [114.24346923828125, 22.274860382080305], [114.24319458007812, 22.274860382080305], [114.24319458007812, 22.275138854980696], [114.24263763427746, 22.275138854980696], [114.24263763427746, 22.275693893432674], [114.24236297607433, 22.275693893432674], [114.24236297607433, 22.276807785034407], [114.2420806884769, 22.276807785034407], [114.2420806884769, 22.277637481689453], [114.24180603027366, 22.277637481689453], [114.24180603027366, 22.278747558593977], [114.24153137207031, 22.278747558593977], [114.24153137207031, 22.27902984619169], [114.24124908447311, 22.27902984619169], [114.24124908447311, 22.279306411743164], [114.24097442626953, 22.279306411743164], [114.24097442626953, 22.279582977294922], [114.24069213867199, 22.279582977294922], [114.24069213867199, 22.279861450195483], [114.24041748046875, 22.279861450195483], [114.24041748046875, 22.280139923095703], [114.2401351928711, 22.280139923095703], [114.2401351928711, 22.28041648864769], [114.23958587646496, 22.28041648864769], [114.23958587646496, 22.280971527099837], [114.2390289306644, 22.280971527099837], [114.2390289306644, 22.281251907348633], [114.23847198486328, 22.281251907348633], [114.23847198486328, 22.281528472900618], [114.23819732666061, 22.281528472900618], [114.23819732666061, 22.281805038452205], [114.23764038085949, 22.281805038452205], [114.23764038085949, 22.282083511352596], [114.2370834350586, 22.282083511352596], [114.2370834350586, 22.2826385498048], [114.2368087768557, 22.2826385498048], [114.2368087768557, 22.282917022705192], [114.2362518310548, 22.282955169677848], [114.2362060546875, 22.28347206115734], [114.23569488525413, 22.28347206115734], [114.23569488525413, 22.2837505340579], [114.23542022705078, 22.2837505340579], [114.23542022705078, 22.28430557250971], [114.23500823974621, 22.28430557250971], [114.23486328125, 22.28430557250971], [114.23486328125, 22.284582138061694], [114.23430633544922, 22.284582138061694], [114.23430633544922, 22.28430557250971], [114.23374938964844, 22.28430557250971], [114.23374938964844, 22.284027099609375], [114.23303222656273, 22.284027099609375], [114.23291778564464, 22.284027099609375], [114.23291778564464, 22.2837505340579], [114.23263549804699, 22.2837505340579], [114.23263549804699, 22.28347206115734], [114.23208618164085, 22.28347206115734], [114.23208618164085, 22.28319358825695], [114.23014068603538, 22.28319358825695], [114.23014068603538, 22.282917022705192], [114.22985839843761, 22.282917022705192], [114.22985839843761, 22.2826385498048], [114.22958374023449, 22.2826385498048], [114.22958374023449, 22.282363891601562], [114.22819519042969, 22.282363891601562], [114.22819519042969, 22.2826385498048], [114.22791290283214, 22.2826385498048], [114.22791290283214, 22.282917022705192], [114.22736358642578, 22.282917022705192], [114.22736358642578, 22.28319358825695], [114.22680664062511, 22.28319358825695], [114.2267837524414, 22.28347206115734], [114.22652435302746, 22.28347206115734], [114.22652435302746, 22.284027099609375], [114.22624969482456, 22.284027099609375], [114.22624969482456, 22.285694122314453], [114.22597503662132, 22.285694122314453], [114.22597503662132, 22.285972595214844], [114.22541809082077, 22.285972595214844], [114.22541809082077, 22.28624916076683], [114.22513580322266, 22.28624916076683], [114.22513580322266, 22.28652763366722], [114.22486114501964, 22.28652763366722], [114.22486114501964, 22.286804199218807], [114.22430419921875, 22.286804199218807], [114.22430419921875, 22.287082672119197], [114.22374725341808, 22.287082672119197], [114.22374725341808, 22.28736114501976], [114.22347259521496, 22.28736114501976], [114.22347259521496, 22.28763961792015], [114.22291564941429, 22.28763961792015], [114.22291564941429, 22.28791427612316], [114.22235870361351, 22.28791427612316], [114.22235870361351, 22.288194656372127], [114.22180938720714, 22.288194656372127], [114.22175598144543, 22.288473129272518], [114.22152709960938, 22.288473129272518], [114.22152709960938, 22.288749694824332], [114.22041320800804, 22.288761138916243], [114.22041320800804, 22.28902626037592], [114.21986389160179, 22.28902626037592], [114.21986389160179, 22.28930473327631], [114.21958160400425, 22.28930473327631], [114.21958160400425, 22.28958320617687], [114.21902465820312, 22.28958320617687], [114.21902465820312, 22.289861679077262], [114.21847534179688, 22.289861679077262], [114.21847534179688, 22.290136337280273], [114.2179183959961, 22.290136337280273], [114.2179183959961, 22.289861679077262], [114.21736145019554, 22.289861679077262], [114.21736145019554, 22.290136337280273], [114.21652984619175, 22.290136337280273], [114.21652984619175, 22.29069519042963], [114.21624755859398, 22.29069519042963], [114.21624755859398, 22.290971755981616], [114.21597290039062, 22.290971755981616], [114.21597290039062, 22.29124832153343], [114.21514129638683, 22.29124832153343], [114.21514129638683, 22.291530609130973], [114.21458435058594, 22.291530609130973], [114.21458435058594, 22.291805267333984], [114.21375274658214, 22.291805267333984], [114.21375274658214, 22.292083740234375], [114.21319580078148, 22.292083740234375], [114.21319580078148, 22.292640686035327], [114.21236419677734, 22.292640686035327], [114.21236419677734, 22.29291725158714], [114.2120819091798, 22.29291725158714], [114.2120819091798, 22.292640686035327], [114.21125030517601, 22.292640686035327], [114.21125030517601, 22.29291725158714], [114.21097564697277, 22.29291725158714], [114.21097564697277, 22.292640686035327], [114.20958709716842, 22.292640686035327], [114.20958709716842, 22.29291725158714], [114.20930480957031, 22.29291725158714], [114.20930480957031, 22.29319381713873], [114.20874786376953, 22.29319381713873], [114.20874786376953, 22.29375076293968], [114.2084732055664, 22.29375076293968], [114.2084732055664, 22.294027328491325], [114.20735931396496, 22.294027328491325], [114.20735931396496, 22.29375076293968], [114.20652770996116, 22.29375076293968], [114.20652770996116, 22.294027328491325], [114.20625305175781, 22.294027328491325], [114.20625305175781, 22.29375076293968], [114.20597076416061, 22.29375076293968], [114.20597076416061, 22.294027328491325], [114.20513916015625, 22.294027328491325], [114.20513916015625, 22.294305801391715], [114.20486450195324, 22.294305801391715], [114.20484161376964, 22.29458427429205], [114.20430755615246, 22.29458427429205], [114.20430755615246, 22.29486274719244], [114.2040252685548, 22.29486274719244], [114.2040252685548, 22.295139312744254]]], [[[114.36653137207043, 22.322362899780273], [114.36569213867188, 22.322362899780273], [114.36569213867188, 22.32180595397972], [114.3654174804692, 22.32180595397972], [114.36537933349621, 22.32152748107933], [114.3651351928711, 22.32152748107933], [114.3651351928711, 22.32125282287592], [114.36486053466808, 22.32125282287592], [114.36486053466808, 22.320972442626953], [114.36458587646484, 22.320972442626953], [114.36458587646484, 22.320693969726562], [114.36402893066429, 22.320693969726562], [114.36402893066429, 22.320417404174805], [114.3634719848634, 22.320417404174805], [114.3634719848634, 22.32014083862316], [114.36291503906273, 22.32014083862316], [114.36291503906273, 22.320417404174805], [114.36235809326195, 22.320417404174805], [114.36235809326195, 22.32014083862316], [114.36180877685558, 22.32014083862316], [114.36180877685558, 22.319858551025618], [114.36125183105469, 22.319858551025618], [114.36125183105469, 22.319305419921818], [114.36096954345703, 22.319305419921818], [114.36096954345703, 22.317918777466048], [114.36069488525402, 22.317918777466048], [114.36069488525402, 22.317361831665096], [114.36096954345703, 22.317361831665096], [114.36096954345703, 22.317083358764705], [114.36069488525402, 22.317083358764705], [114.36069488525402, 22.31569480895996], [114.36096954345703, 22.31569480895996], [114.36096954345703, 22.315416336059798], [114.36125183105469, 22.315416336059798], [114.36125183105469, 22.314861297607592], [114.36096954345703, 22.314861297607592], [114.36096954345703, 22.31458282470703], [114.36152648925781, 22.31458282470703], [114.36152648925781, 22.313472747802848], [114.36180877685558, 22.313472747802848], [114.36181640625011, 22.312915802001896], [114.36235809326195, 22.312915802001896], [114.36235809326195, 22.312084197998104], [114.36285400390625, 22.312084197998104], [114.36292266845726, 22.31180572509777], [114.3631973266605, 22.31180572509777], [114.3631973266605, 22.31152725219738], [114.36402893066429, 22.31152725219738], [114.36402893066429, 22.311250686645735], [114.36458587646484, 22.311250686645735], [114.36458587646484, 22.310972213745174], [114.36486053466808, 22.310972213745174], [114.36486053466808, 22.310417175293196], [114.3651351928711, 22.310417175293196], [114.3651351928711, 22.30875015258789], [114.36486053466808, 22.30875015258789], [114.36486053466808, 22.30847167968767], [114.36458587646484, 22.30847167968767], [114.36457061767578, 22.30791664123535], [114.36430358886719, 22.30791664123535], [114.36430358886719, 22.307361602783317], [114.36486053466808, 22.307361602783317], [114.36486053466808, 22.307083129882926], [114.36597442626976, 22.307083129882926], [114.36597442626976, 22.306804656982365], [114.366249084473, 22.306804656982365], [114.366249084473, 22.306528091430778], [114.36736297607422, 22.306528091430778], [114.36736297607422, 22.306251525878963], [114.36791992187511, 22.306251525878963], [114.36791992187511, 22.306528091430778], [114.36819458007812, 22.306528091430778], [114.36819458007812, 22.306804656982365], [114.3684692382817, 22.306804656982365], [114.3684692382817, 22.30763816833496], [114.36819458007812, 22.307640075683878], [114.3681869506836, 22.308195114135685], [114.36791992187511, 22.308195114135685], [114.36791992187511, 22.30958366394043], [114.36819458007812, 22.30958366394043], [114.36819458007812, 22.309860229492415], [114.3687515258789, 22.309860229492415], [114.3687515258789, 22.310138702392805], [114.37069702148438, 22.31014060974138], [114.37069702148438, 22.310417175293196], [114.37097167968761, 22.310417175293196], [114.37097167968761, 22.310972213745174], [114.37124633789062, 22.310972213745174], [114.37124633789062, 22.311250686645735], [114.37152862548874, 22.311250686645735], [114.37152862548874, 22.31180572509777], [114.3718032836914, 22.31180572509777], [114.3718032836914, 22.312084197998104], [114.37168121337902, 22.312084197998104], [114.37069702148438, 22.312084197998104], [114.37069702148438, 22.31236076355009], [114.37014007568382, 22.31236076355009], [114.37014007568382, 22.31263923645031], [114.36985778808605, 22.31263923645031], [114.36985778808605, 22.312915802001896], [114.36958312988293, 22.312915802001896], [114.36958312988293, 22.313194274902287], [114.36930847168003, 22.313194274902287], [114.36930847168003, 22.313472747802848], [114.36902618408226, 22.313472747802848], [114.36902618408226, 22.314027786254883], [114.36930847168003, 22.314027786254883], [114.36930847168003, 22.31458282470703], [114.36958312988293, 22.31458282470703], [114.36958312988293, 22.315971374511946], [114.36930847168003, 22.315971374511946], [114.36930847168003, 22.316249847412337], [114.36902618408226, 22.316249847412337], [114.36901855468773, 22.316804885864315], [114.3687515258789, 22.316804885864315], [114.3687515258789, 22.317918777466048], [114.3684692382817, 22.317918777466048], [114.3684692382817, 22.31847190856945], [114.36819458007812, 22.31847190856945], [114.36819458007812, 22.318748474121094], [114.36791992187511, 22.318748474121094], [114.36791992187511, 22.31902885437023], [114.36736297607422, 22.31902885437023], [114.36736297607422, 22.319305419921818], [114.36708068847679, 22.319305419921818], [114.3670654296875, 22.31958389282221], [114.36653137207043, 22.31958389282221], [114.36653137207043, 22.319858551025618], [114.366249084473, 22.319858551025618], [114.366249084473, 22.320972442626953], [114.36653137207043, 22.320972442626953], [114.36653137207043, 22.32152748107933], [114.36680603027355, 22.32152748107933], [114.36680603027355, 22.322082519531307], [114.36653137207043, 22.322082519531307], [114.36653137207043, 22.322362899780273]]], [[[113.93374633789074, 22.324306488037223], [113.93291473388672, 22.324306488037223], [113.93291473388672, 22.324028015136832], [113.93208312988293, 22.324028015136832], [113.93208312988293, 22.323749542236442], [113.93194580078159, 22.323749542236442], [113.93125152587913, 22.323749542236442], [113.93125152587913, 22.32347106933622], [113.93013763427757, 22.32347106933622], [113.93013763427757, 22.323194503784237], [113.92930603027344, 22.323194503784237], [113.92930603027344, 22.322916030883903], [113.92847442626953, 22.322916030883903], [113.92847442626953, 22.32263946533226], [113.92829132080078, 22.32263946533226], [113.92763519287132, 22.32263946533226], [113.92763519287132, 22.322362899780273], [113.92735290527355, 22.322362899780273], [113.92680358886753, 22.322362899780273], [113.92680358886753, 22.322082519531307], [113.92597198486374, 22.322082519531307], [113.92597198486374, 22.32180595397972], [113.92485809326172, 22.32180595397972], [113.92485809326172, 22.32152748107933], [113.92402648925793, 22.32152748107933], [113.92402648925793, 22.32125282287592], [113.9231948852539, 22.32125282287592], [113.9231948852539, 22.320972442626953], [113.92236328125011, 22.320972442626953], [113.92236328125011, 22.320693969726562], [113.92152404785179, 22.320693969726562], [113.92152404785179, 22.320417404174805], [113.920692443848, 22.320417404174805], [113.920692443848, 22.32014083862316], [113.9198608398442, 22.32014083862316], [113.9198608398442, 22.319858551025618], [113.91958618164062, 22.319858551025618], [113.91958618164062, 22.31958389282221], [113.91943359375023, 22.31958389282221], [113.91930389404308, 22.31958389282221], [113.91930389404308, 22.319305419921818], [113.91819763183605, 22.319305419921818], [113.91819763183605, 22.31902885437023], [113.91735839843773, 22.31902885437023], [113.91735839843773, 22.318748474121094], [113.9165267944336, 22.318748474121094], [113.91625213623058, 22.318748474121094], [113.91625213623058, 22.31847190856945], [113.91568756103527, 22.31847190856945], [113.91541290283203, 22.31847190856945], [113.91541290283203, 22.318195343017692], [113.91493225097656, 22.318195343017692], [113.91430664062523, 22.318195343017692], [113.91430664062523, 22.317918777466048], [113.91423034667969, 22.317918777466048], [113.9134750366211, 22.317918777466048], [113.9134750366211, 22.317636489868107], [113.91263580322277, 22.317636489868107], [113.91263580322277, 22.317361831665096], [113.91152954101574, 22.317361831665096], [113.91152954101574, 22.317083358764705], [113.91069793701195, 22.317083358764705], [113.91069793701195, 22.316804885864315], [113.90985870361328, 22.316804885864315], [113.90985870361328, 22.31652641296398], [113.90902709960938, 22.31652641296398], [113.90902709960938, 22.316249847412337], [113.90819549560558, 22.316249847412337], [113.90819549560558, 22.315971374511946], [113.90736389160156, 22.315971374511946], [113.90736389160156, 22.31569480895996], [113.90652465820324, 22.31569480895996], [113.90652465820324, 22.315416336059798], [113.9056625366211, 22.315416336059798], [113.90541839599621, 22.315416336059798], [113.90541839599621, 22.315139770507812], [113.90458679199241, 22.315139770507812], [113.90458679199241, 22.314861297607592], [113.90374755859375, 22.314861297607592], [113.90374755859375, 22.31458282470703], [113.90318298339844, 22.31458282470703], [113.90291595458984, 22.31458282470703], [113.90291595458984, 22.31430435180664], [113.90208435058605, 22.31430435180664], [113.90208435058605, 22.314027786254883], [113.90125274658203, 22.314027786254883], [113.90125274658203, 22.313749313354492], [113.90068054199219, 22.313749313354492], [113.90041351318405, 22.313749313354492], [113.90041351318405, 22.313472747802848], [113.89958190917969, 22.313472747802848], [113.89958190917969, 22.313194274902287], [113.89902496337913, 22.313194274902287], [113.89902496337913, 22.312915802001896], [113.89819335937534, 22.312915802001896], [113.89819335937534, 22.31263923645031], [113.89736175537155, 22.31263923645031], [113.89736175537155, 22.31236076355009], [113.89653015136719, 22.31236076355009], [113.89653015136719, 22.312084197998104], [113.89541625976574, 22.312084197998104], [113.89541625976574, 22.31180572509777], [113.89402770996094, 22.31180572509777], [113.89402770996094, 22.311672210693587], [113.89402770996094, 22.31152725219738], [113.89359283447277, 22.31152725219738], [113.8929138183596, 22.31152725219738], [113.8929138183596, 22.311250686645735], [113.89276123046898, 22.311250686645735], [113.89263916015636, 22.311250686645735], [113.89263916015636, 22.310972213745174], [113.89236450195324, 22.310972213745174], [113.89236450195324, 22.310417175293196], [113.89208221435581, 22.310417175293196], [113.89208221435581, 22.30930519104004], [113.89125061035202, 22.30930519104004], [113.89125061035202, 22.30902862548828], [113.89041900634766, 22.30902862548828], [113.89041900634766, 22.30875015258789], [113.88957977294933, 22.30875015258789], [113.88957977294933, 22.308195114135685], [113.8898620605471, 22.308195114135685], [113.8898620605471, 22.30763816833496], [113.8906936645509, 22.30763816833496], [113.8906936645509, 22.30791664123535], [113.89097595214844, 22.30791664123535], [113.89097595214844, 22.308195114135685], [113.89319610595703, 22.308195114135685], [113.89319610595703, 22.30791664123535], [113.89402770996094, 22.30791664123535], [113.89402770996094, 22.30763816833496], [113.89458465576172, 22.30763816833496], [113.89458465576172, 22.307361602783317], [113.89541625976574, 22.307361602783317], [113.89541625976574, 22.307083129882926], [113.89597320556663, 22.307083129882926], [113.89597320556663, 22.306251525878963], [113.89624786376953, 22.306251525878963], [113.89624786376953, 22.305694580078182], [113.89597320556663, 22.305694580078182], [113.89597320556663, 22.304859161377067], [113.89624786376953, 22.304859161377067], [113.89624786376953, 22.30430793762207], [113.89653015136719, 22.30430793762207], [113.89653015136719, 22.30402946472168], [113.89708709716797, 22.30402946472168], [113.89708709716797, 22.303926467895508], [113.89708709716797, 22.303747177124137], [113.89736175537155, 22.303747177124137], [113.89736175537155, 22.3034725189209], [113.89763641357422, 22.3034725189209], [113.89763641357422, 22.302919387817667], [113.8979187011721, 22.302919387817667], [113.8979187011721, 22.302083969116154], [113.89819335937534, 22.302083969116154], [113.89819335937534, 22.301805496215763], [113.89847564697288, 22.301805496215763], [113.89847564697288, 22.301250457763956], [113.89819335937534, 22.301250457763956], [113.89819335937534, 22.300695419311637], [113.89808654785168, 22.300695419311637], [113.8979187011721, 22.300693511963004], [113.8979187011721, 22.300416946411246], [113.89763641357422, 22.300416946411246], [113.89763641357422, 22.300138473510856], [113.89708709716797, 22.300138473510856], [113.89708709716797, 22.29986190795904], [113.89680480957043, 22.29986190795904], [113.89680480957043, 22.29958343505865], [113.89624786376953, 22.29958343505865], [113.89624786376953, 22.299303054809684], [113.89597320556663, 22.299303054809684], [113.89597320556663, 22.299028396606673], [113.89569091796886, 22.299028396606673], [113.89569091796886, 22.298749923706282], [113.89541625976574, 22.298749923706282], [113.89541625976574, 22.298194885253906], [113.89514160156284, 22.298194885253906], [113.89514160156284, 22.297916412353743], [113.89485931396507, 22.297916412353743], [113.89485931396507, 22.297639846801758], [113.89458465576172, 22.297637939453352], [113.89458465576172, 22.297084808349553], [113.89430236816452, 22.297084808349553], [113.89430236816452, 22.29680633544922], [113.89402770996094, 22.29680633544922], [113.89402770996094, 22.296510696411133], [113.89402770996094, 22.296249389648438], [113.89375305175793, 22.296249389648438], [113.89375305175793, 22.295972824096793], [113.89347076416016, 22.295972824096793], [113.89347076416016, 22.29541587829584], [113.89319610595703, 22.29541587829584], [113.89319610595703, 22.295139312744254], [113.89236450195324, 22.295139312744254], [113.89236450195324, 22.29486274719244], [113.89152526855469, 22.29486274719244], [113.89152526855469, 22.294305801391715], [113.89125061035202, 22.294305801391715], [113.89125061035202, 22.29375076293968], [113.89097595214844, 22.29375076293968], [113.89097595214844, 22.29347229003912], [113.89208221435581, 22.29347229003912], [113.89208221435581, 22.29375076293968], [113.8929138183596, 22.29375076293968], [113.8929138183596, 22.294027328491325], [113.89375305175793, 22.294027328491325], [113.89375305175793, 22.294305801391715], [113.89430236816452, 22.294305801391715], [113.89430236816452, 22.294027328491325], [113.89458465576172, 22.294027328491325], [113.89458465576172, 22.29347229003912], [113.89485931396507, 22.29347229003912], [113.89485931396507, 22.29319381713873], [113.89902496337913, 22.29319381713873], [113.89902496337913, 22.29347229003912], [113.89986419677734, 22.29347229003912], [113.89986419677734, 22.29375076293968], [113.9009704589846, 22.29375076293968], [113.9009704589846, 22.294027328491325], [113.9018020629884, 22.294027328491325], [113.9018020629884, 22.294305801391715], [113.90430450439453, 22.294305801391715], [113.90430450439453, 22.294582366943473], [113.90680694580078, 22.29458427429205], [113.90680694580078, 22.29486274719244], [113.90819549560558, 22.29486274719244], [113.90819549560558, 22.295139312744254], [113.90902709960938, 22.295139312744254], [113.90902709960938, 22.29541587829584], [113.90958404541027, 22.29541587829584], [113.90958404541027, 22.295139312744254], [113.91402435302768, 22.295139312744254], [113.91402435302768, 22.29458427429205], [113.91430664062523, 22.29458427429205], [113.91430664062523, 22.295139312744254], [113.91596984863281, 22.295139312744254], [113.91596984863281, 22.29486274719244], [113.9168090820317, 22.29486274719244], [113.9168090820317, 22.29458427429205], [113.9179153442384, 22.294582366943473], [113.9179153442384, 22.294305801391715], [113.91874694824219, 22.294305801391715], [113.91874694824219, 22.294027328491325], [113.9198608398442, 22.294027328491325], [113.9198608398442, 22.29347229003912], [113.92013549804688, 22.29347229003912], [113.92013549804688, 22.29375076293968], [113.920692443848, 22.29375076293968], [113.920692443848, 22.29347229003912], [113.92097473144543, 22.29347229003912], [113.92097473144543, 22.29319381713873], [113.92208099365234, 22.29319381713873], [113.92208099365234, 22.29291725158714], [113.9231948852539, 22.29291725158714], [113.9231948852539, 22.292640686035327], [113.92402648925793, 22.292640686035327], [113.92402648925793, 22.292358398437614], [113.92485809326172, 22.292358398437614], [113.92485809326172, 22.292083740234375], [113.92569732666016, 22.292083740234375], [113.92569732666016, 22.291805267333984], [113.92652893066429, 22.291805267333984], [113.92652893066429, 22.291530609130973], [113.92791748046886, 22.291530609130973], [113.92791748046886, 22.291805267333984], [113.92833709716797, 22.291805267333984], [113.92903137207043, 22.291805267333984], [113.92903137207043, 22.291530609130973], [113.93013763427757, 22.291530609130973], [113.93013763427757, 22.29122924804699], [113.93013763427757, 22.290971755981616], [113.93096923828136, 22.290992736816463], [113.93096923828136, 22.29124832153343], [113.93152618408203, 22.29124832153343], [113.93152618408203, 22.29069519042963], [113.93180847167969, 22.29069519042963], [113.93180847167969, 22.290418624878043], [113.93208312988293, 22.290418624878043], [113.93208312988293, 22.290136337280273], [113.93235778808594, 22.290136337280273], [113.93235778808594, 22.289861679077262], [113.9331970214846, 22.289861679077262], [113.9331970214846, 22.290136337280273], [113.93347167968784, 22.290136337280273], [113.93347167968784, 22.290418624878043], [113.9340286254884, 22.290418624878043], [113.9340286254884, 22.29069519042963], [113.93430328369163, 22.29069519042963], [113.93430328369163, 22.290971755981616], [113.93486022949219, 22.290971755981616], [113.93486022949219, 22.29124832153343], [113.93514251708996, 22.29124832153343], [113.93514251708996, 22.291530609130973], [113.93541717529297, 22.291530609130973], [113.93541717529297, 22.291805267333984], [113.93569183349655, 22.291805267333984], [113.93569183349655, 22.292083740234375], [113.93597412109375, 22.292083740234375], [113.93597412109375, 22.292358398437614], [113.9362487792971, 22.292358398437614], [113.9362487792971, 22.292640686035327], [113.93653106689487, 22.292640686035327], [113.93653106689487, 22.29291725158714], [113.93680572509777, 22.29291725158714], [113.93680572509777, 22.29319381713873], [113.9370803833009, 22.29319381713873], [113.9370803833009, 22.29347229003912], [113.93736267089866, 22.29347229003912], [113.93736267089866, 22.29375076293968], [113.93763732910156, 22.29375076293968], [113.93763732910156, 22.294027328491325], [113.93791961669922, 22.294027328491325], [113.93791961669922, 22.294305801391715], [113.93846893310547, 22.294305801391715], [113.93846893310547, 22.29458427429205], [113.93819427490246, 22.29458427429205], [113.93819427490246, 22.29486274719244], [113.93791961669922, 22.29486274719244], [113.93791961669922, 22.29541587829584], [113.93763732910156, 22.29541587829584], [113.93763732910156, 22.296527862548828], [113.93736267089866, 22.296527862548828], [113.93736267089866, 22.297637939453352], [113.9370803833009, 22.297639846801758], [113.9370803833009, 22.298194885253906], [113.93680572509777, 22.298194885253906], [113.93680572509777, 22.299303054809684], [113.93653106689487, 22.299303054809684], [113.93653106689487, 22.302083969116154], [113.93736267089866, 22.302083969116154], [113.93736267089866, 22.301525115966797], [113.93763732910156, 22.301525115966797], [113.93763732910156, 22.301805496215763], [113.93791961669922, 22.301805496215763], [113.93791961669922, 22.302083969116154], [113.93846893310547, 22.302083969116154], [113.93846893310547, 22.30236053466797], [113.93902587890625, 22.30236053466797], [113.93902587890625, 22.302637100219954], [113.93930816650413, 22.302637100219954], [113.93930816650413, 22.303194046020508], [113.93958282470737, 22.303194046020508], [113.93958282470737, 22.303747177124137], [113.93985748291027, 22.303747177124137], [113.93985748291027, 22.304582595825252], [113.93958282470737, 22.304582595825252], [113.93958282470737, 22.304859161377067], [113.93902587890625, 22.304859161377067], [113.93902587890625, 22.305694580078182], [113.93875122070358, 22.305694580078182], [113.93875122070358, 22.306251525878963], [113.93902587890625, 22.306251525878963], [113.93902587890625, 22.308195114135685], [113.93930816650413, 22.308195114135685], [113.93930816650413, 22.30930519104004], [113.93958282470737, 22.30930519104004], [113.93958282470737, 22.309860229492415], [113.93985748291027, 22.309860229492415], [113.93985748291027, 22.310138702392805], [113.94013977050793, 22.310138702392805], [113.94013977050793, 22.31152725219738], [113.94069671630871, 22.31152725219738], [113.94069671630871, 22.31180572509777], [113.94097137451172, 22.31180572509777], [113.94097137451172, 22.312084197998104], [113.94125366210938, 22.312084197998104], [113.94125366210938, 22.31263923645031], [113.9415283203125, 22.31263923645031], [113.9415283203125, 22.312915802001896], [113.94180297851608, 22.312915802001896], [113.94180297851608, 22.313472747802848], [113.94208526611328, 22.313472747802848], [113.94208526611328, 22.314027786254883], [113.94235992431663, 22.314027786254883], [113.94235992431663, 22.31430435180664], [113.94264221191406, 22.31430435180664], [113.94264221191406, 22.31458282470703], [113.94291687011741, 22.31458282470703], [113.94291687011741, 22.315139770507812], [113.94319152832043, 22.315139770507812], [113.94319152832043, 22.315416336059798], [113.94347381591808, 22.315416336059798], [113.94347381591808, 22.31569480895996], [113.94374847412121, 22.31569480895996], [113.94374847412121, 22.316249847412337], [113.94403076171898, 22.316249847412337], [113.94403076171898, 22.31652641296398], [113.94430541992188, 22.31652641296398], [113.94430541992188, 22.317083358764705], [113.94403076171898, 22.317083358764705], [113.94403076171898, 22.317636489868107], [113.94430541992188, 22.317636489868107], [113.94430541992188, 22.317918777466048], [113.94486236572277, 22.317918777466048], [113.94486236572277, 22.318748474121094], [113.94513702392578, 22.318748474121094], [113.94513702392578, 22.31902885437023], [113.94541931152389, 22.31902885437023], [113.94541931152389, 22.319858551025618], [113.94569396972656, 22.319858551025618], [113.94569396972656, 22.32014083862316], [113.94596862792991, 22.32014083862316], [113.94596862792991, 22.32180595397972], [113.94569396972656, 22.32180595397972], [113.94569396972656, 22.322916030883903], [113.94596862792991, 22.322916030883903], [113.94596862792991, 22.32347106933622], [113.94513702392578, 22.32347106933622], [113.94513702392578, 22.323194503784237], [113.94486236572277, 22.323194503784237], [113.94486236572277, 22.32263946533226], [113.94474029541016, 22.32263946533226], [113.94403076171898, 22.32263946533226], [113.94403076171898, 22.323194503784237], [113.94347381591808, 22.323194503784237], [113.94347381591808, 22.322916030883903], [113.94319152832043, 22.322916030883903], [113.94319152832043, 22.32263946533226], [113.94291687011741, 22.32263946533226], [113.94291687011741, 22.32180595397972], [113.94180297851608, 22.32180595397972], [113.94180297851608, 22.322362899780273], [113.94125366210938, 22.322362899780273], [113.94125366210938, 22.322082519531307], [113.94097137451172, 22.322082519531307], [113.94097137451172, 22.32180595397972], [113.94013977050793, 22.32180595397972], [113.94013977050793, 22.322082519531307], [113.93930816650413, 22.322082519531307], [113.93930816650413, 22.32180595397972], [113.93819427490246, 22.32180595397972], [113.93819427490246, 22.32152748107933], [113.9370803833009, 22.32152748107933], [113.9370803833009, 22.32125282287592], [113.93621063232445, 22.32125282287592], [113.93541717529297, 22.32125282287592], [113.93541717529297, 22.32263946533226], [113.9362487792971, 22.32263946533226], [113.9362487792971, 22.322916030883903], [113.9370803833009, 22.322916030883903], [113.9370803833009, 22.323194503784237], [113.93791961669922, 22.323194503784237], [113.93791961669922, 22.32347106933622], [113.93763732910156, 22.32347106933622], [113.93763732910156, 22.323749542236442], [113.93374633789074, 22.323749542236442], [113.93374633789074, 22.324306488037223]]], [[[114.35680389404308, 22.325971603393725], [114.3548583984375, 22.325971603393725], [114.3548583984375, 22.325693130493164], [114.35458374023438, 22.325693130493164], [114.3545608520509, 22.325416564941406], [114.35430908203148, 22.325416564941406], [114.35430908203148, 22.325138092041016], [114.35402679443371, 22.325138092041016], [114.35402679443371, 22.32458305358898], [114.35375213623058, 22.32458305358898], [114.3537292480471, 22.324306488037223], [114.35346984863315, 22.324306488037223], [114.35346984863315, 22.324028015136832], [114.35319519042991, 22.324028015136832], [114.35319519042991, 22.323749542236442], [114.35291290283203, 22.323749542236442], [114.35291290283203, 22.324028015136832], [114.35263824462936, 22.32402992248558], [114.35263824462936, 22.324306488037223], [114.35236358642578, 22.324306488037223], [114.35232543945347, 22.32458305358898], [114.35208129882824, 22.32458305358898], [114.35208129882824, 22.32486152648937], [114.35013580322288, 22.32486152648937], [114.35013580322288, 22.32458305358898], [114.34958648681686, 22.32458305358898], [114.34956359863304, 22.324306488037223], [114.34930419921875, 22.324306488037223], [114.34929656982422, 22.323749542236442], [114.34902954101574, 22.323749542236442], [114.34902954101574, 22.32347106933622], [114.34874725341797, 22.32347106933622], [114.34874725341797, 22.323194503784237], [114.34847259521484, 22.323194503784237], [114.34847259521484, 22.32263946533226], [114.34819793701195, 22.32263946533226], [114.34819793701195, 22.322082519531307], [114.34791564941418, 22.322082519531307], [114.34787750244186, 22.32152748107933], [114.34764099121105, 22.32152748107933], [114.34764099121105, 22.320972442626953], [114.3473587036134, 22.320972442626953], [114.3473587036134, 22.32014083862316], [114.34764099121105, 22.32014083862316], [114.34764099121105, 22.31902885437023], [114.3473587036134, 22.31902885437023], [114.3473587036134, 22.318748474121094], [114.34708404541038, 22.318748474121094], [114.34708404541038, 22.31847190856945], [114.34680175781284, 22.31847190856945], [114.34677886962902, 22.318195343017692], [114.3465270996096, 22.318195343017692], [114.3465270996096, 22.317918777466048], [114.34625244140625, 22.317918777466048], [114.34625244140625, 22.317361831665096], [114.34597015380905, 22.317361831665096], [114.34597015380905, 22.31569480895996], [114.34625244140625, 22.31569480895996], [114.34625244140625, 22.315139770507812], [114.34597015380905, 22.315139770507812], [114.34597015380905, 22.31458282470703], [114.34625244140625, 22.31458282470703], [114.34625244140625, 22.31430435180664], [114.3465270996096, 22.31430435180664], [114.3465270996096, 22.313749313354492], [114.34680175781284, 22.313749313354492], [114.34680175781284, 22.313472747802848], [114.34708404541038, 22.313472747802848], [114.34709167480491, 22.312915802001896], [114.34764099121105, 22.312915802001896], [114.34764099121105, 22.31263923645031], [114.34819793701195, 22.312641143798885], [114.34819793701195, 22.312915802001896], [114.34847259521484, 22.312915802001896], [114.34847259521484, 22.315971374511946], [114.34874725341797, 22.315971374511946], [114.34874725341797, 22.316249847412337], [114.34902954101574, 22.316249847412337], [114.34902954101574, 22.315971374511946], [114.34930419921875, 22.315971374511946], [114.34930419921875, 22.315416336059798], [114.35152435302734, 22.315416336059798], [114.35152435302734, 22.31569480895996], [114.351806640625, 22.31569480895996], [114.351806640625, 22.31652641296398], [114.35319519042991, 22.31652641296398], [114.35319519042991, 22.316804885864315], [114.35346984863315, 22.316804885864315], [114.35346984863315, 22.317361831665096], [114.35375213623058, 22.317361831665096], [114.35375213623058, 22.320972442626953], [114.35402679443371, 22.320972442626953], [114.35402679443371, 22.32152748107933], [114.35430908203148, 22.32152748107933], [114.35430908203148, 22.322082519531307], [114.35458374023438, 22.322082519531307], [114.35458374023438, 22.322362899780273], [114.35514068603527, 22.322362899780273], [114.35514068603527, 22.32263946533226], [114.35541534423828, 22.32263946533226], [114.35541534423828, 22.322916030883903], [114.35569763183639, 22.322916030883903], [114.35569763183639, 22.32347106933622], [114.35597229003906, 22.32347106933622], [114.35597229003906, 22.323749542236442], [114.35624694824241, 22.323749542236442], [114.35624694824241, 22.324028015136832], [114.35652923584018, 22.324028015136832], [114.35652923584018, 22.32458305358898], [114.35680389404308, 22.32458305358898], [114.35680389404308, 22.32486152648937], [114.35708618164074, 22.324871063232536], [114.35708618164074, 22.325416564941406], [114.35680389404308, 22.325416564941406], [114.35680389404308, 22.325971603393725]]], [[[114.36902618408226, 22.327083587646484], [114.36763763427734, 22.327083587646484], [114.36763763427734, 22.326805114746094], [114.36708068847679, 22.326805114746094], [114.36708068847679, 22.326528549194336], [114.36653137207043, 22.326528549194336], [114.36653137207043, 22.326250076293945], [114.366249084473, 22.326250076293945], [114.366249084473, 22.325138092041016], [114.36653137207043, 22.325138092041016], [114.36653137207043, 22.32486152648937], [114.36736297607422, 22.32486152648937], [114.36736297607422, 22.325138092041016], [114.36763763427734, 22.325138092041016], [114.36763763427734, 22.325416564941406], [114.36985778808605, 22.325416564941406], [114.36985778808605, 22.326250076293945], [114.36958312988293, 22.326250076293945], [114.36958312988293, 22.326805114746094], [114.36902618408226, 22.326805114746094], [114.36902618408226, 22.327083587646484]]], [[[114.29513549804688, 22.331806182861328], [114.29458618164062, 22.331806182861328], [114.29458618164062, 22.331529617309855], [114.29402923584007, 22.331529617309855], [114.29402923584007, 22.33124732971214], [114.2937469482423, 22.33124732971214], [114.2937469482423, 22.331529617309855], [114.29347229003918, 22.331529617309855], [114.29347229003918, 22.33124732971214], [114.29319763183628, 22.33124732971214], [114.29319763183628, 22.33069419860834], [114.29347229003918, 22.33069419860834], [114.29347229003918, 22.330137252807617], [114.29319763183628, 22.330137252807617], [114.29319763183628, 22.32875061035179], [114.29291534423851, 22.32875061035179], [114.29291534423851, 22.328193664550838], [114.29264068603516, 22.328193664550838], [114.29264068603516, 22.327915191650447], [114.29291534423851, 22.327915191650447], [114.29291534423851, 22.327083587646484], [114.29319763183628, 22.327083587646484], [114.29319763183628, 22.326250076293945], [114.29347229003918, 22.326250076293945], [114.29347229003918, 22.325416564941406], [114.2937469482423, 22.325416564941406], [114.2937469482423, 22.325138092041016], [114.29430389404297, 22.325138092041016], [114.29430389404297, 22.32486152648937], [114.29458618164062, 22.32486152648937], [114.29458618164062, 22.324306488037223], [114.29430389404297, 22.324306488037223], [114.29430389404297, 22.324028015136832], [114.29486083984386, 22.324028015136832], [114.29486083984386, 22.323749542236442], [114.29541778564499, 22.323749542236442], [114.29541778564499, 22.32347106933622], [114.29569244384766, 22.32347106933622], [114.29569244384766, 22.322916030883903], [114.29624938964878, 22.322916030883903], [114.29624938964878, 22.32263946533226], [114.29736328125, 22.32263946533226], [114.29736328125, 22.322362899780273], [114.29875183105469, 22.322362899780273], [114.29875183105469, 22.322082519531307], [114.30152893066452, 22.322082519531307], [114.30152893066452, 22.32180595397972], [114.30180358886719, 22.32180595397972], [114.30180358886719, 22.322082519531307], [114.30208587646507, 22.322082519531307], [114.30208587646507, 22.322528839111555], [114.30208587646507, 22.32263946533226], [114.30263519287121, 22.32263946533226], [114.30263519287121, 22.324028015136832], [114.30236053466831, 22.324028015136832], [114.30236053466831, 22.324838638305778], [114.30236053466831, 22.32533264160162], [114.30236053466831, 22.325693130493164], [114.30208587646507, 22.325693130493164], [114.30208587646507, 22.325971603393725], [114.30152893066452, 22.325971603393725], [114.30152893066452, 22.326250076293945], [114.3012466430664, 22.326250076293945], [114.3012466430664, 22.326528549194336], [114.3009719848634, 22.326528549194336], [114.3009719848634, 22.326805114746094], [114.30069732666016, 22.326805114746094], [114.30069732666016, 22.327083587646484], [114.3004150390625, 22.327083587646484], [114.3004150390625, 22.327362060546875], [114.3001403808596, 22.327362060546875], [114.3001403808596, 22.32763862609886], [114.29985809326183, 22.32763862609886], [114.29985809326183, 22.327915191650447], [114.29930877685581, 22.327915191650447], [114.29930877685581, 22.328193664550838], [114.29902648925804, 22.328193664550838], [114.29902648925804, 22.32847213745123], [114.29875183105469, 22.32847213745123], [114.29875183105469, 22.32875061035179], [114.29846954345749, 22.32875061035179], [114.29846954345749, 22.32902526855463], [114.2981948852539, 22.32902526855463], [114.2981948852539, 22.329305648803825], [114.2979202270509, 22.329305648803825], [114.2979202270509, 22.32958412170416], [114.29763793945312, 22.32958412170416], [114.29763793945312, 22.329860687256144], [114.29708099365257, 22.329860687256144], [114.29708099365257, 22.330137252807617], [114.29680633544933, 22.330137252807617], [114.29680633544933, 22.33041572570795], [114.29652404785168, 22.3304195404055], [114.29652404785168, 22.33069419860834], [114.29624938964878, 22.33069419860834], [114.29624938964878, 22.330972671508903], [114.29597473144554, 22.330972671508903], [114.29597473144554, 22.33124732971214], [114.29541778564499, 22.33124732971214], [114.29541778564499, 22.331529617309855], [114.29513549804688, 22.331529617309855], [114.29513549804688, 22.331806182861328]]], [[[113.96597290039085, 22.33430480957037], [113.96541595458996, 22.33430480957037], [113.96541595458996, 22.334028244018782], [113.96514129638706, 22.334028244018782], [113.96514129638706, 22.333469390869254], [113.96485900878929, 22.333469390869254], [113.96485900878929, 22.330972671508903], [113.96458435058594, 22.330972671508903], [113.964599609375, 22.329305648803825], [113.96485900878929, 22.329305648803825], [113.96485900878929, 22.32902526855463], [113.9665298461914, 22.32902526855463], [113.9665298461914, 22.32875061035179], [113.96736145019577, 22.32875061035179], [113.96736145019577, 22.329305648803825], [113.96763610839844, 22.329305648803825], [113.96763610839844, 22.32958412170416], [113.96819305419956, 22.32958412170416], [113.96819305419956, 22.329860687256144], [113.9684753417971, 22.329860687256144], [113.9684753417971, 22.330137252807617], [113.96875000000011, 22.330137252807617], [113.96875000000011, 22.33069419860834], [113.96902465820335, 22.33069419860834], [113.96901702880882, 22.331806182861328], [113.96791839599632, 22.331806182861328], [113.96791839599632, 22.332082748413086], [113.96763610839844, 22.332082748413086], [113.96763610839844, 22.33235931396507], [113.96680450439464, 22.33235931396507], [113.96680450439464, 22.332641601562614], [113.96624755859375, 22.332641601562614], [113.96624755859375, 22.334028244018782], [113.96597290039085, 22.334028244018782], [113.96597290039085, 22.33430480957037]]], [[[114.37040710449219, 22.335138320922965], [114.36985778808605, 22.335138320922965], [114.36985778808605, 22.33458328247076], [114.36958312988293, 22.33458328247076], [114.36958312988293, 22.334028244018782], [114.37014007568382, 22.334028244018782], [114.37014007568382, 22.333751678466797], [114.37041473388672, 22.333751678466797], [114.37041473388672, 22.332641601562614], [114.37014007568382, 22.332641601562614], [114.37014007568382, 22.331806182861328], [114.37041473388672, 22.331806182861328], [114.37041473388672, 22.33124732971214], [114.37069702148438, 22.33124732971214], [114.37069702148438, 22.33041572570795], [114.37097167968761, 22.33041572570795], [114.37097167968761, 22.32958412170416], [114.37124633789062, 22.32958412170416], [114.37124633789062, 22.32902526855463], [114.37152862548874, 22.32902526855463], [114.37152862548874, 22.32847213745123], [114.3718032836914, 22.32847213745123], [114.3718032836914, 22.328193664550838], [114.37208557128929, 22.328193664550838], [114.37208557128929, 22.327915191650447], [114.37347412109386, 22.327915191650447], [114.37347412109386, 22.32763862609886], [114.37458038330124, 22.32763862609886], [114.37458038330124, 22.327362060546875], [114.37486267089844, 22.327362060546875], [114.37486267089844, 22.32763862609886], [114.37680816650413, 22.32763862609886], [114.37680816650413, 22.327362060546875], [114.37791442871094, 22.327362060546875], [114.37791442871094, 22.32763862609886], [114.37819671630905, 22.32763862609886], [114.37819671630905, 22.328193664550838], [114.37847137451172, 22.328193664550838], [114.37847137451172, 22.32875061035179], [114.37819671630905, 22.32875061035179], [114.37819671630905, 22.32902526855463], [114.37708282470703, 22.32902526855463], [114.37708282470703, 22.329305648803825], [114.37652587890636, 22.329305648803825], [114.37648010253952, 22.32958412170416], [114.37596893310558, 22.32958412170416], [114.37596893310558, 22.330137252807617], [114.37569427490257, 22.33014106750494], [114.37568664550793, 22.33041572570795], [114.37541961669922, 22.3304195404055], [114.37541961669922, 22.33069419860834], [114.37486267089844, 22.33069419860834], [114.37486267089844, 22.330972671508903], [114.37458038330124, 22.330972671508903], [114.37458038330124, 22.33124732971214], [114.37430572509766, 22.33124732971214], [114.37430572509766, 22.331529617309855], [114.37403106689453, 22.331529617309855], [114.37403106689453, 22.331806182861328], [114.37374877929688, 22.331806182861328], [114.37374877929688, 22.332082748413086], [114.37347412109386, 22.332082748413086], [114.37346649169922, 22.33235931396507], [114.37291717529308, 22.33235931396507], [114.37291717529308, 22.332641601562614], [114.37264251709007, 22.332641601562614], [114.37264251709007, 22.332916259765852], [114.37236022949253, 22.332916259765852], [114.37236022949253, 22.333194732666016], [114.37208557128929, 22.333194732666016], [114.37208557128929, 22.333469390869254], [114.37097167968761, 22.333469390869254], [114.37097167968761, 22.33430480957037], [114.37069702148438, 22.33430480957037], [114.37065887451172, 22.33458328247076], [114.37041473388672, 22.33458328247076], [114.37040710449219, 22.335138320922965]]], [[[114.33430480957054, 22.33763885498047], [114.3334732055664, 22.33763885498047], [114.3334732055664, 22.337360382080078], [114.3331909179692, 22.337360382080078], [114.3331909179692, 22.336805343627873], [114.33291625976562, 22.336805343627873], [114.33291625976562, 22.33597373962408], [114.3326416015625, 22.33597373962408], [114.3326416015625, 22.335416793823356], [114.33208465576183, 22.335416793823356], [114.33208465576183, 22.33430480957037], [114.33235931396484, 22.33430480957037], [114.33235931396484, 22.334028244018782], [114.3326416015625, 22.334028244018782], [114.3326416015625, 22.333751678466797], [114.33291625976562, 22.333751678466797], [114.33291625976562, 22.333469390869254], [114.33486175537121, 22.333469390869254], [114.33486175537121, 22.333751678466797], [114.33513641357433, 22.333751678466797], [114.33513641357433, 22.334028244018782], [114.33597564697266, 22.334028244018782], [114.33597564697266, 22.33430480957037], [114.3362503051759, 22.33430480957037], [114.3362503051759, 22.33486175537115], [114.3354187011721, 22.33486175537115], [114.3354187011721, 22.335187911987532], [114.3354187011721, 22.335416793823356], [114.33524322509777, 22.335416793823356], [114.33513641357433, 22.335416793823356], [114.33513641357433, 22.33556365966797], [114.33513641357433, 22.337083816528263], [114.33486175537121, 22.337083816528263], [114.33486175537121, 22.337360382080078], [114.33430480957054, 22.337360382080078], [114.33430480957054, 22.33763885498047]]], [[[114.36708068847679, 22.339305877685774], [114.36681365966808, 22.339305877685774], [114.36653900146507, 22.339305877685774], [114.3654174804692, 22.339305877685774], [114.3654174804692, 22.33875083923357], [114.3651351928711, 22.33875083923357], [114.3651351928711, 22.33763885498047], [114.36458587646484, 22.33763885498047], [114.36458587646484, 22.33771514892601], [114.36458587646484, 22.33791732788086], [114.3642501831057, 22.33791732788086], [114.36402893066429, 22.33791732788086], [114.36402893066429, 22.338193893432617], [114.36374664306652, 22.338193893432617], [114.36374664306652, 22.33875083923357], [114.3634719848634, 22.33875083923357], [114.3634719848634, 22.339027404785384], [114.36291503906273, 22.339027404785384], [114.36291503906273, 22.33875083923357], [114.36235809326195, 22.33875083923357], [114.36235809326195, 22.338472366333008], [114.36180877685558, 22.338472366333008], [114.36180877685558, 22.33875083923357], [114.36152648925781, 22.33875083923357], [114.36152648925781, 22.338472366333008], [114.36125183105469, 22.338472366333008], [114.36125183105469, 22.338193893432617], [114.36096954345703, 22.338193893432617], [114.36096954345703, 22.33763885498047], [114.36125183105469, 22.33763885498047], [114.36125183105469, 22.337083816528263], [114.36096954345703, 22.337083816528263], [114.36096954345703, 22.335695266723746], [114.36069488525402, 22.335695266723746], [114.36069488525402, 22.335416793823356], [114.3604202270509, 22.335416793823356], [114.3604202270509, 22.333194732666016], [114.36096954345703, 22.333194732666016], [114.36096954345703, 22.332916259765852], [114.36125183105469, 22.332916259765852], [114.36125183105469, 22.332641601562614], [114.36096954345703, 22.332641601562614], [114.36096954345703, 22.331806182861328], [114.3604202270509, 22.331806182861328], [114.3604202270509, 22.330972671508903], [114.36013793945324, 22.330972671508903], [114.36013793945324, 22.330137252807617], [114.3604202270509, 22.330137252807617], [114.3604202270509, 22.329860687256144], [114.36096954345703, 22.329860687256144], [114.36096954345703, 22.330137252807617], [114.36180877685558, 22.330137252807617], [114.36180877685558, 22.33041572570795], [114.3620834350586, 22.33041572570795], [114.3620834350586, 22.330137252807617], [114.3631973266605, 22.330137252807617], [114.3631973266605, 22.329860687256144], [114.3634719848634, 22.329860687256144], [114.3634719848634, 22.32958412170416], [114.36402893066429, 22.32958412170416], [114.36402893066429, 22.329305648803825], [114.36458587646484, 22.329305648803825], [114.36458587646484, 22.32902526855463], [114.3651351928711, 22.32902526855463], [114.3651351928711, 22.32875061035179], [114.3654174804692, 22.32875061035179], [114.3654174804692, 22.32847213745123], [114.366249084473, 22.32847213745123], [114.366249084473, 22.32958412170416], [114.36653137207043, 22.32958412170416], [114.36653137207043, 22.329860687256144], [114.36736297607422, 22.329860687256144], [114.36736297607422, 22.33069419860834], [114.36708068847679, 22.33069419860834], [114.36708068847679, 22.33124732971214], [114.36692047119163, 22.33124732971214], [114.36680603027355, 22.33124732971214], [114.36680603027355, 22.331529617309855], [114.36653137207043, 22.331529617309855], [114.36653137207043, 22.332082748413086], [114.366249084473, 22.332082748413086], [114.366249084473, 22.333751678466797], [114.36653137207043, 22.333751678466797], [114.36653137207043, 22.334028244018782], [114.36680603027355, 22.334028244018782], [114.36680603027355, 22.33430480957037], [114.36736297607422, 22.33430480957037], [114.36736297607422, 22.33486175537115], [114.36763763427734, 22.33486175537115], [114.36763763427734, 22.335695266723746], [114.36791992187511, 22.335695266723746], [114.36791992187511, 22.336250305176065], [114.36819458007812, 22.336250305176065], [114.36819458007812, 22.33652687072754], [114.3684692382817, 22.33652687072754], [114.3684692382817, 22.338193893432617], [114.36819458007812, 22.338193893432617], [114.36819458007812, 22.33875083923357], [114.36791992187511, 22.33875083923357], [114.36791992187511, 22.339027404785384], [114.36708068847679, 22.339027404785384], [114.36708068847679, 22.339305877685774]]], [[[113.98236083984375, 22.341249465942496], [113.98208618164074, 22.341249465942496], [113.98208618164074, 22.340139389038313], [113.98236083984375, 22.340139389038313], [113.98236083984375, 22.33958244323736], [113.98208618164074, 22.33958244323736], [113.98204803466842, 22.339027404785384], [113.9818038940432, 22.339027404785384], [113.98179626464866, 22.338193893432617], [113.98152923583996, 22.338193893432617], [113.98152923583996, 22.33791732788086], [113.9812469482423, 22.33791732788086], [113.9812469482423, 22.33763885498047], [113.98069763183616, 22.33763885498047], [113.98069763183616, 22.336250305176065], [113.98041534423828, 22.336250305176065], [113.98040771484375, 22.335416793823356], [113.98014068603561, 22.335416793823356], [113.98014068603561, 22.33458328247076], [113.98041534423828, 22.33458328247076], [113.98041534423828, 22.334028244018782], [113.9809722900394, 22.334028244018782], [113.9809722900394, 22.33430480957037], [113.9812469482423, 22.33430480957037], [113.9812469482423, 22.33486175537115], [113.98152923583996, 22.33486175537115], [113.98152923583996, 22.335138320922965], [113.9818038940432, 22.335138320922965], [113.9818038940432, 22.335695266723746], [113.98208618164074, 22.335695266723746], [113.98208618164074, 22.33597373962408], [113.98236083984375, 22.33597373962408], [113.98236083984375, 22.337360382080078], [113.98263549804699, 22.337360382080078], [113.98263549804699, 22.338193893432617], [113.98291778564453, 22.338193893432617], [113.98291778564453, 22.338472366333008], [113.98319244384811, 22.338472366333008], [113.98319244384811, 22.339027404785384], [113.98347473144531, 22.339027404785384], [113.98347473144531, 22.33958244323736], [113.98319244384811, 22.33958244323736], [113.98319244384811, 22.340414047241325], [113.98263549804699, 22.340414047241325], [113.98263549804699, 22.34069442749029], [113.98236083984375, 22.34069442749029], [113.98236083984375, 22.341249465942496]]], [[[114.04569244384788, 22.347084045410213], [114.0452346801759, 22.347084045410213], [114.04471588134766, 22.347084045410213], [114.04458618164085, 22.347084045410213], [114.04458618164085, 22.346910476684798], [114.04458618164085, 22.34680557250988], [114.04430389404297, 22.34680557250988], [114.04430389404297, 22.34652709960949], [114.0440292358403, 22.34652709960949], [114.0440292358403, 22.34458351135254], [114.04430389404297, 22.34458351135254], [114.04430389404297, 22.343748092651595], [114.0440292358403, 22.343748092651595], [114.0440292358403, 22.34347152709978], [114.04347229003918, 22.34347152709978], [114.04347229003918, 22.343196868896598], [114.04319763183594, 22.343196868896598], [114.04319763183594, 22.342636108398438], [114.04347229003918, 22.342636108398438], [114.04347229003918, 22.342361450195426], [114.04374694824219, 22.342361450195426], [114.04374694824219, 22.341527938842887], [114.0440292358403, 22.341527938842887], [114.0440292358403, 22.341249465942496], [114.04374694824219, 22.341249465942496], [114.04374694824219, 22.34069442749029], [114.04264068603538, 22.34069442749029], [114.04264068603538, 22.340972900390682], [114.04208374023449, 22.340972900390682], [114.04208374023449, 22.341066360473917], [114.04208374023449, 22.342082977295036], [114.04180908203159, 22.342082977295036], [114.04180908203159, 22.342361450195426], [114.04125213623047, 22.342361450195426], [114.04125213623047, 22.342082977295036], [114.04069519042969, 22.342082977295036], [114.04069519042969, 22.341808319092024], [114.0401382446289, 22.341808319092024], [114.0401382446289, 22.341527938842887], [114.03986358642578, 22.341527938842887], [114.03986358642578, 22.340972900390682], [114.03958129882812, 22.340972900390682], [114.03958129882812, 22.339860916137923], [114.03930664062511, 22.339860916137923], [114.03930664062511, 22.33958244323736], [114.03902435302757, 22.33958244323736], [114.03902435302757, 22.339305877685774], [114.03874969482433, 22.339305877685774], [114.03874969482433, 22.339027404785384], [114.03847503662132, 22.339027404785384], [114.03847503662132, 22.33875083923357], [114.03763580322266, 22.33875083923357], [114.03763580322266, 22.338472366333008], [114.0370864868164, 22.338472366333008], [114.0370864868164, 22.338193893432617], [114.03680419921886, 22.338193893432617], [114.03680419921886, 22.33791732788086], [114.03624725341797, 22.33791732788086], [114.03624725341797, 22.33763885498047], [114.03597259521507, 22.33763885498047], [114.03597259521507, 22.337360382080078], [114.03541564941418, 22.337360382080078], [114.03541564941418, 22.337083816528263], [114.03514099121128, 22.337083816528263], [114.03514099121128, 22.336805343627873], [114.03402709960938, 22.336805343627873], [114.03402709960938, 22.33665466308588], [114.03402709960938, 22.33652687072754], [114.0334701538086, 22.33652687072754], [114.0334701538086, 22.336250305176065], [114.03319549560547, 22.336250305176065], [114.03319549560547, 22.33597373962408], [114.03291320800804, 22.33597373962408], [114.03291320800804, 22.335695266723746], [114.0324935913086, 22.335695266723746], [114.03208160400425, 22.335695266723746], [114.03208160400425, 22.335416793823356], [114.03180694580101, 22.335416793823356], [114.03180694580101, 22.335138320922965], [114.03152465820312, 22.335138320922965], [114.03152465820312, 22.33486175537115], [114.03125000000045, 22.33486175537115], [114.03125000000045, 22.33458328247076], [114.03097534179688, 22.33458328247076], [114.03097534179688, 22.33430480957037], [114.0304183959961, 22.33430480957037], [114.0304183959961, 22.334028244018782], [114.03013610839844, 22.334028244018782], [114.03013610839844, 22.333751678466797], [114.0295867919923, 22.333751678466797], [114.0295867919923, 22.333469390869254], [114.02930450439464, 22.333469390869254], [114.02930450439464, 22.333194732666016], [114.02902984619175, 22.333194732666016], [114.02902984619175, 22.332641601562614], [114.02874755859398, 22.332641601562614], [114.02874755859398, 22.33235931396507], [114.02847290039062, 22.33235931396507], [114.02847290039062, 22.331806182861328], [114.02819824218795, 22.331806182861328], [114.02819824218795, 22.331529617309855], [114.02764129638683, 22.331529617309855], [114.02764129638683, 22.330972671508903], [114.02735900878906, 22.330972671508903], [114.02735900878906, 22.33069419860834], [114.02708435058594, 22.33069419860834], [114.02708435058594, 22.329860687256144], [114.02680206298828, 22.329860687256144], [114.02680206298828, 22.32958412170416], [114.02652740478527, 22.32958412170416], [114.02652740478527, 22.329305648803825], [114.02625274658214, 22.329305648803825], [114.02625274658214, 22.32902526855463], [114.02597045898449, 22.32902526855463], [114.02597045898449, 22.32875061035179], [114.02541351318393, 22.32875061035179], [114.02541351318393, 22.32847213745123], [114.0251388549807, 22.32847213745123], [114.0251388549807, 22.327915191650447], [114.02486419677734, 22.327915191650447], [114.02486419677734, 22.32763862609886], [114.02458190918014, 22.32763862609886], [114.02458190918014, 22.327362060546875], [114.02430725097656, 22.32736015319847], [114.02430725097656, 22.327083587646484], [114.02347564697277, 22.327083587646484], [114.02347564697277, 22.326805114746094], [114.02263641357433, 22.326805114746094], [114.02263641357433, 22.326528549194336], [114.02236175537143, 22.326528549194336], [114.02236175537143, 22.326250076293945], [114.02180480957031, 22.326250076293945], [114.02180480957031, 22.325971603393725], [114.02124786376953, 22.325971603393725], [114.02124786376953, 22.325693130493164], [114.02041625976562, 22.325693130493164], [114.02041625976562, 22.326250076293945], [114.02014160156273, 22.326250076293945], [114.02014160156273, 22.326528549194336], [114.02041625976562, 22.326528549194336], [114.02041625976562, 22.327083587646484], [114.02069091796875, 22.327083587646484], [114.02069091796875, 22.327362060546875], [114.02114105224655, 22.327362060546875], [114.02124786376953, 22.327362060546875], [114.02124786376953, 22.327915191650447], [114.02180480957031, 22.327915191650447], [114.02180480957031, 22.328193664550838], [114.0220870971682, 22.328193664550838], [114.0220870971682, 22.32847213745123], [114.02236175537143, 22.32847213745123], [114.02236175537143, 22.33041572570795], [114.02263641357433, 22.3304195404055], [114.02263641357433, 22.330972671508903], [114.02319335937523, 22.330972671508903], [114.02319335937523, 22.33124732971214], [114.02347564697277, 22.33124732971214], [114.02347564697277, 22.331529617309855], [114.02402496337902, 22.331529617309855], [114.02402496337902, 22.331806182861328], [114.02430725097656, 22.331806182861328], [114.02430725097656, 22.333194732666016], [114.02458190918014, 22.333194732666016], [114.02458190918014, 22.335138320922965], [114.02430725097656, 22.335138320922965], [114.02430725097656, 22.335416793823356], [114.02402496337902, 22.335416793823356], [114.02402496337902, 22.335695266723746], [114.02347564697277, 22.335695266723746], [114.02347564697277, 22.33597373962408], [114.02319335937523, 22.33597373962408], [114.02319335937523, 22.336250305176065], [114.0220870971682, 22.336250305176065], [114.0220870971682, 22.335138320922965], [114.02236175537143, 22.335138320922965], [114.02236175537143, 22.33458328247076], [114.02263641357433, 22.33458328247076], [114.02263641357433, 22.33430480957037], [114.02291870117199, 22.33430480957037], [114.02291870117199, 22.334028244018782], [114.02319335937523, 22.334028244018782], [114.02319335937523, 22.333194732666016], [114.02347564697277, 22.333194732666016], [114.02347564697277, 22.33235931396507], [114.02263641357433, 22.33235931396507], [114.02263641357433, 22.332082748413086], [114.0220870971682, 22.332082748413086], [114.0220870971682, 22.331806182861328], [114.02153015136764, 22.331806182861328], [114.02153015136764, 22.331529617309855], [114.02069091796875, 22.331529617309855], [114.02069091796875, 22.33124732971214], [114.02014160156273, 22.33124732971214], [114.02014160156273, 22.332641601562614], [114.0199661254884, 22.332641601562614], [114.01985931396496, 22.332641601562614], [114.01985931396496, 22.332796096801985], [114.01985931396496, 22.332916259765852], [114.0193023681644, 22.332916259765852], [114.01924896240246, 22.332641601562614], [114.01902770996116, 22.332641601562614], [114.01897430419922, 22.33235931396507], [114.01875305175781, 22.33235931396507], [114.01875305175781, 22.332082748413086], [114.01847076416061, 22.332082748413086], [114.01847076416061, 22.331859588623047], [114.01847076416061, 22.330972671508903], [114.01819610595703, 22.330972671508903], [114.01819610595703, 22.33041572570795], [114.01791381835949, 22.33041572570795], [114.01791381835949, 22.330137252807617], [114.01736450195312, 22.330137252807617], [114.01736450195312, 22.32958412170416], [114.01619720458996, 22.32958412170416], [114.0143051147461, 22.32958412170416], [114.0143051147461, 22.329305648803825], [114.01374816894543, 22.329305648803825], [114.01374816894543, 22.32902526855463], [114.01319122314464, 22.32902526855463], [114.01319122314464, 22.32873916625971], [114.01319122314464, 22.32847213745123], [114.01291656494163, 22.32847213745123], [114.01291656494163, 22.328193664550838], [114.01152801513672, 22.328193664550838], [114.01152801513672, 22.327915191650447], [114.0112533569336, 22.327915191650447], [114.0112533569336, 22.32763862609886], [114.01097106933594, 22.32763862609886], [114.01097106933594, 22.326250076293945], [114.01110839843784, 22.326250076293945], [114.0112533569336, 22.326250076293945], [114.0112533569336, 22.325693130493164], [114.01152801513672, 22.325693130493164], [114.01152801513672, 22.325138092041016], [114.0112533569336, 22.325138092041016], [114.0112533569336, 22.32486152648937], [114.01069641113293, 22.32486152648937], [114.01069641113293, 22.325138092041016], [114.00986480712913, 22.325138092041016], [114.00986480712913, 22.32458305358898], [114.00846862792969, 22.32458305358898], [114.00846862792969, 22.324306488037223], [114.00791931152344, 22.32430458068842], [114.00791931152344, 22.323749542236442], [114.00763702392578, 22.323749542236442], [114.00763702392578, 22.32347106933622], [114.00680541992199, 22.32347106933622], [114.00680541992199, 22.323194503784237], [114.00653076171909, 22.323194503784237], [114.00653076171909, 22.322916030883903], [114.00597381591797, 22.322916030883903], [114.00597381591797, 22.32263946533226], [114.00514221191418, 22.32263946533226], [114.00514221191418, 22.322362899780273], [114.00458526611328, 22.322362899780273], [114.00458526611328, 22.322082519531307], [114.00430297851585, 22.322082519531307], [114.00430297851585, 22.32180595397972], [114.00347137451206, 22.32180595397972], [114.00347137451206, 22.32152748107933], [114.00263977050827, 22.32152748107933], [114.00263977050827, 22.32125282287592], [114.0018081665039, 22.32125282287592], [114.0018081665039, 22.320972442626953], [114.00152587890625, 22.320972442626953], [114.00152587890625, 22.320693969726562], [114.00125122070335, 22.320693969726562], [114.00125122070335, 22.320417404174805], [114.00069427490246, 22.320417404174805], [114.00069427490246, 22.320972442626953], [114.00013732910179, 22.320972442626953], [114.00013732910179, 22.32107353210472], [114.00013732910179, 22.32125282287592], [113.99993133544933, 22.32125282287592], [113.99930572509766, 22.32125282287592], [113.99930572509766, 22.320972442626953], [113.99874877929688, 22.320972442626953], [113.99874877929688, 22.320417404174805], [113.99847412109375, 22.320417404174805], [113.99847412109375, 22.32014083862316], [113.9981918334961, 22.32014083862316], [113.9981918334961, 22.319305419921818], [113.99791717529308, 22.319305419921818], [113.99791717529308, 22.31902885437023], [113.99764251708996, 22.31902885437023], [113.99764251708996, 22.31847190856945], [113.9973602294923, 22.31847190856945], [113.9973602294923, 22.318195343017692], [113.99708557128929, 22.318195343017692], [113.99708557128929, 22.317361831665096], [113.99680328369175, 22.317361831665096], [113.99680328369175, 22.317083358764705], [113.99652862548851, 22.317083358764705], [113.99652862548851, 22.31652641296398], [113.99624633789062, 22.31652641296398], [113.99624633789062, 22.316249847412337], [113.99597167968795, 22.316249847412337], [113.99597167968795, 22.315971374511946], [113.99569702148438, 22.315971374511946], [113.99569702148438, 22.315416336059798], [113.99552917480491, 22.315416336059798], [113.99541473388683, 22.315416336059798], [113.99541473388683, 22.315139770507812], [113.9951400756836, 22.315139770507812], [113.9951400756836, 22.314861297607592], [113.99485778808594, 22.314861297607592], [113.99485778808594, 22.31458282470703], [113.99458312988304, 22.31458282470703], [113.99458312988304, 22.314445495605696], [113.99458312988304, 22.314027786254883], [113.9943084716798, 22.314027786254883], [113.9943084716798, 22.313749313354492], [113.99402618408214, 22.313749313354492], [113.99402618408214, 22.3134708404541], [113.99375152587925, 22.313472747802848], [113.99375152587925, 22.313194274902287], [113.99346923828148, 22.313194274902287], [113.99346923828148, 22.312915802001896], [113.99291992187545, 22.312915802001896], [113.99291992187545, 22.31263923645031], [113.99236297607433, 22.31263923645031], [113.99236297607433, 22.31236076355009], [113.99153137207054, 22.31236076355009], [113.99153137207054, 22.312084197998104], [113.99004364013695, 22.312084197998104], [113.98986053466842, 22.312084197998104], [113.98986053466842, 22.31180572509777], [113.98902893066406, 22.31180572509777], [113.98902893066406, 22.31152725219738], [113.9870834350586, 22.31152725219738], [113.9870758056644, 22.311250686645735], [113.9862518310548, 22.311250686645735], [113.9862518310548, 22.310972213745174], [113.98556518554688, 22.310972213745174], [113.98542022705101, 22.310972213745174], [113.98542022705101, 22.310693740844783], [113.98513793945324, 22.310693740844783], [113.98513793945324, 22.310417175293196], [113.98486328125011, 22.310417175293196], [113.98486328125011, 22.310138702392805], [113.9840240478519, 22.310138702392805], [113.9840240478519, 22.309860229492415], [113.98347473144531, 22.309860229492415], [113.98347473144531, 22.30958366394043], [113.98291778564453, 22.30958366394043], [113.98291778564453, 22.30930519104004], [113.98236083984375, 22.30930519104004], [113.98236083984375, 22.30902862548828], [113.98208618164074, 22.30902862548828], [113.98208618164074, 22.30875015258789], [113.9818038940432, 22.30875015258789], [113.98179626464866, 22.30847167968767], [113.9812469482423, 22.30847167968767], [113.9812469482423, 22.308195114135685], [113.9809722900394, 22.308195114135685], [113.9809722900394, 22.30791664123535], [113.98069763183616, 22.30791664123535], [113.98069763183616, 22.30763816833496], [113.98014068603561, 22.30763816833496], [113.98014068603561, 22.307361602783317], [113.9798583984375, 22.307361602783317], [113.9798583984375, 22.306528091430778], [113.97958374023449, 22.306528091430778], [113.97958374023449, 22.306251525878963], [113.97930908203125, 22.306251525878963], [113.97930908203125, 22.305973052978572], [113.9787521362307, 22.305973052978572], [113.9787521362307, 22.305694580078182], [113.97846984863293, 22.305694580078182], [113.97846984863293, 22.305416107177848], [113.9781951904298, 22.305416107177848], [113.9781951904298, 22.305137634277457], [113.97791290283237, 22.305137634277457], [113.97791290283237, 22.304859161377067], [113.97763824462913, 22.304859161377067], [113.97763824462913, 22.304582595825252], [113.97736358642578, 22.304582595825252], [113.97731781005871, 22.30402946472168], [113.976806640625, 22.30402946472168], [113.976806640625, 22.303747177124137], [113.97652435302746, 22.303747177124137], [113.97652435302746, 22.3034725189209], [113.9759750366211, 22.3034725189209], [113.9759750366211, 22.303194046020508], [113.97569274902366, 22.303194046020508], [113.97569274902366, 22.302919387817667], [113.97513580322277, 22.302919387817667], [113.97513580322277, 22.302637100219954], [113.97458648681663, 22.302637100219954], [113.97458648681663, 22.30236053466797], [113.97430419921875, 22.30236053466797], [113.97429656982456, 22.302083969116154], [113.97374725341797, 22.302083969116154], [113.97371673584018, 22.301805496215763], [113.97319793701172, 22.301805496215763], [113.97319793701172, 22.301525115966797], [113.9723587036134, 22.301525115966797], [113.9723587036134, 22.301250457763956], [113.97180938720737, 22.301250457763956], [113.97180175781261, 22.301034927368107], [113.97097015380882, 22.300971984863395], [113.97094726562511, 22.300693511963004], [113.97041320800827, 22.300693511963004], [113.97041320800827, 22.300416946411246], [113.9693069458009, 22.300416946411246], [113.9693069458009, 22.300138473510856], [113.96875000000011, 22.300138473510856], [113.96875000000011, 22.29986190795904], [113.96763610839844, 22.29986190795904], [113.96763610839844, 22.29958343505865], [113.96680450439464, 22.29958343505865], [113.96680450439464, 22.299303054809684], [113.96569824218761, 22.299303054809684], [113.96569824218761, 22.299028396606673], [113.96485900878929, 22.299028396606673], [113.96485900878929, 22.298749923706282], [113.96375274658214, 22.298749923706282], [113.96375274658214, 22.29847145080589], [113.96125030517624, 22.29847145080589], [113.96125030517624, 22.298194885253906], [113.96013641357422, 22.298194885253906], [113.96013641357422, 22.297916412353743], [113.95903015136753, 22.297916412353743], [113.95903015136753, 22.297637939453352], [113.9584732055664, 22.297637939453352], [113.9584732055664, 22.297361373901538], [113.95791625976562, 22.297361373901538], [113.95791625976562, 22.297084808349553], [113.95708465576172, 22.297084808349553], [113.95708465576172, 22.29680633544922], [113.95652770996105, 22.29680633544922], [113.95652770996105, 22.296527862548828], [113.95625305175793, 22.296527862548828], [113.95625305175793, 22.296249389648438], [113.95569610595726, 22.296249389648438], [113.95569610595726, 22.295972824096793], [113.95541381835972, 22.295972824096793], [113.95541381835972, 22.295694351196232], [113.95486450195312, 22.295694351196232], [113.95486450195312, 22.29541587829584], [113.95375061035156, 22.29541587829584], [113.95375061035156, 22.295139312744254], [113.95236206054722, 22.295139312744254], [113.95236206054722, 22.29486274719244], [113.95124816894531, 22.29486274719244], [113.95124816894531, 22.295139312744254], [113.95014190673851, 22.295139312744254], [113.95014190673851, 22.29486274719244], [113.94985961914074, 22.29486274719244], [113.94985961914074, 22.29458427429205], [113.9473648071289, 22.294582366943473], [113.9473648071289, 22.294305801391715], [113.94708251953148, 22.294305801391715], [113.94708251953148, 22.294027328491325], [113.94680786132824, 22.294027328491325], [113.94680786132824, 22.29347229003912], [113.94652557373058, 22.29347229003912], [113.94652557373058, 22.29319381713873], [113.94596862792991, 22.29319381713873], [113.94596862792991, 22.29347229003912], [113.94513702392578, 22.29347229003912], [113.94513702392578, 22.29319381713873], [113.94374847412121, 22.29319381713873], [113.94374847412121, 22.29375076293968], [113.94347381591808, 22.29375076293968], [113.94347381591808, 22.294027328491325], [113.94319152832043, 22.294027328491325], [113.94319152832043, 22.294305801391715], [113.94291687011741, 22.294305801391715], [113.94291687011741, 22.294582366943473], [113.94125366210938, 22.294582366943473], [113.94125366210938, 22.294305801391715], [113.94069671630871, 22.294305801391715], [113.94069671630871, 22.294027328491325], [113.94041442871116, 22.294027328491325], [113.94041442871116, 22.29319381713873], [113.93846893310547, 22.29319381713873], [113.93846893310547, 22.29291725158714], [113.93819427490246, 22.29291725158714], [113.93819427490246, 22.292358398437614], [113.93791961669922, 22.292358398437614], [113.93791961669922, 22.292083740234375], [113.93763732910156, 22.292083740234375], [113.93761444091808, 22.291530609130973], [113.93736267089866, 22.291530609130973], [113.93736267089866, 22.29124832153343], [113.9370803833009, 22.29124832153343], [113.9370803833009, 22.290971755981616], [113.93680572509777, 22.290971755981616], [113.93679809570324, 22.290418624878043], [113.93653106689487, 22.290418624878043], [113.93653106689487, 22.290136337280273], [113.9362487792971, 22.290136337280273], [113.9362487792971, 22.28930473327631], [113.93597412109375, 22.28930473327631], [113.93597412109375, 22.288473129272518], [113.93569183349655, 22.288473129272518], [113.93569183349655, 22.288194656372127], [113.93541717529297, 22.288194656372127], [113.93541717529297, 22.28791427612316], [113.93514251708996, 22.28791427612316], [113.93514251708996, 22.28736114501976], [113.93486022949219, 22.28736114501976], [113.93486022949219, 22.286804199218807], [113.93458557128906, 22.286804199218807], [113.93458557128906, 22.28624916076683], [113.93430328369163, 22.28624916076683], [113.93430328369163, 22.285694122314453], [113.9340286254884, 22.285694122314453], [113.9340286254884, 22.285417556762695], [113.9341278076173, 22.285417556762695], [113.93458557128906, 22.285417556762695], [113.93458557128906, 22.285139083862305], [113.93430328369163, 22.285139083862305], [113.93428802490234, 22.284582138061694], [113.9340286254884, 22.284582138061694], [113.93401336669922, 22.28430557250971], [113.93374633789074, 22.28430557250971], [113.93374633789074, 22.284027099609375], [113.93347167968784, 22.284027099609375], [113.93347167968784, 22.28347206115734], [113.9331970214846, 22.28347206115734], [113.9331970214846, 22.28319358825695], [113.93291473388672, 22.28319358825695], [113.93291473388672, 22.2826385498048], [113.93264007568405, 22.2826385498048], [113.93264007568405, 22.281805038452205], [113.93291473388672, 22.281805038452205], [113.93291473388672, 22.281251907348633], [113.9331970214846, 22.281251907348633], [113.9331970214846, 22.280971527099837], [113.93347167968784, 22.280971527099837], [113.93347167968784, 22.28069496154785], [113.93264007568405, 22.28069496154785], [113.93264007568405, 22.280971527099837], [113.93235778808594, 22.280971527099837], [113.93235778808594, 22.281251907348633], [113.93152618408203, 22.281251907348633], [113.93152618408203, 22.280971527099837], [113.93069458007824, 22.280971527099837], [113.93069458007824, 22.28069496154785], [113.93041992187534, 22.28069496154785], [113.93041992187534, 22.28041648864769], [113.92903137207043, 22.28041648864769], [113.92903137207043, 22.280971527099837], [113.92874908447266, 22.280971527099837], [113.92874908447266, 22.281251907348633], [113.92847442626953, 22.281251907348633], [113.92847442626953, 22.281528472900618], [113.92819213867188, 22.281528472900618], [113.92819213867188, 22.282083511352596], [113.92791748046886, 22.282083511352596], [113.92791748046886, 22.282363891601562], [113.92736053466808, 22.282363891601562], [113.92736053466808, 22.28319358825695], [113.92763519287132, 22.28319358825695], [113.92763519287132, 22.28347206115734], [113.92755126953136, 22.28347206115734], [113.92680358886753, 22.28347206115734], [113.92680358886753, 22.2837505340579], [113.92652893066429, 22.2837505340579], [113.92652893066429, 22.28430557250971], [113.9262466430664, 22.28430557250971], [113.92622375488315, 22.284582138061694], [113.92597198486374, 22.284582138061694], [113.92597198486374, 22.285139083862305], [113.92569732666016, 22.285139083862305], [113.92569732666016, 22.285417556762695], [113.92514038085938, 22.285417556762695], [113.92514038085938, 22.285694122314453], [113.92485809326172, 22.285694122314453], [113.92485809326172, 22.28624916076683], [113.92458343505882, 22.28624916076683], [113.92458343505882, 22.28652763366722], [113.92485809326172, 22.28652763366722], [113.92485809326172, 22.288473129272518], [113.92458343505882, 22.288473129272518], [113.92458343505882, 22.28930473327631], [113.92430877685558, 22.28930473327631], [113.92430877685558, 22.289861679077262], [113.92402648925793, 22.289861679077262], [113.92402648925793, 22.290136337280273], [113.92346954345726, 22.290140151977823], [113.92346954345726, 22.290418624878043], [113.9231948852539, 22.29042053222662], [113.9231948852539, 22.29069519042963], [113.92292022705124, 22.29069519042963], [113.92292022705124, 22.290971755981616], [113.92263793945312, 22.290971755981616], [113.92263793945312, 22.29124832153343], [113.92208099365234, 22.29124832153343], [113.92208099365234, 22.291530609130973], [113.92180633544922, 22.291530609130973], [113.92180633544922, 22.29124832153343], [113.91930389404308, 22.29124832153343], [113.91930389404308, 22.291805267333984], [113.91902923583984, 22.291805267333984], [113.91902923583984, 22.292083740234375], [113.91819763183605, 22.292083740234375], [113.91819763183605, 22.292358398437614], [113.9179153442384, 22.292358398437614], [113.9179153442384, 22.292640686035327], [113.91596984863281, 22.292640686035327], [113.91596984863281, 22.29319381713873], [113.91569519042969, 22.29319381713873], [113.91569519042969, 22.29347229003912], [113.9148635864259, 22.29347229003912], [113.9148635864259, 22.29319381713873], [113.91430664062523, 22.29319381713873], [113.91430664062523, 22.29291725158714], [113.91402435302768, 22.29291725158714], [113.91402435302768, 22.292640686035327], [113.9134750366211, 22.292640686035327], [113.9134750366211, 22.292083740234375], [113.91236114501953, 22.292083740234375], [113.91236114501953, 22.291805267333984], [113.91208648681652, 22.291805267333984], [113.91208648681652, 22.291530609130973], [113.91097259521518, 22.291530609130973], [113.91097259521518, 22.290418624878043], [113.90902709960938, 22.290418624878043], [113.90902709960938, 22.290971755981616], [113.90847015380871, 22.290971755981616], [113.90847015380871, 22.291805267333984], [113.90819549560558, 22.291805267333984], [113.90819549560558, 22.292083740234375], [113.90791320800815, 22.292083740234375], [113.90791320800815, 22.291805267333984], [113.90736389160156, 22.291805267333984], [113.90736389160156, 22.292358398437614], [113.90680694580078, 22.292358398437614], [113.90680694580078, 22.292640686035327], [113.90458679199241, 22.292640686035327], [113.90458679199241, 22.29291725158714], [113.90374755859375, 22.29291725158714], [113.90374755859375, 22.291805267333984], [113.9031982421875, 22.291805267333984], [113.9031982421875, 22.291530609130973], [113.90291595458984, 22.291530609130973], [113.90291595458984, 22.29124832153343], [113.90264129638695, 22.29124832153343], [113.90264129638695, 22.290971755981616], [113.90235900878918, 22.290971755981616], [113.90235900878918, 22.289861679077262], [113.90208435058605, 22.289861679077262], [113.90208435058605, 22.28958320617687], [113.89986419677734, 22.28958320617687], [113.89985656738293, 22.29124832153343], [113.89958190917969, 22.29124832153343], [113.89958190917969, 22.291530609130973], [113.8987503051759, 22.291530609130973], [113.8987503051759, 22.290971755981616], [113.89708709716797, 22.290971755981616], [113.89708709716797, 22.291530609130973], [113.89680480957043, 22.291530609130973], [113.89680480957043, 22.291805267333984], [113.89653015136719, 22.291805267333984], [113.89653015136719, 22.291530609130973], [113.89624786376953, 22.291530609130973], [113.89624786376953, 22.28958320617687], [113.89597320556663, 22.28958320617687], [113.89597320556663, 22.28930473327631], [113.89458465576172, 22.28930473327631], [113.89458465576172, 22.288194656372127], [113.89402770996094, 22.288194656372127], [113.89402770996094, 22.28763961792015], [113.89430236816452, 22.28763961792015], [113.89430236816452, 22.287082672119197], [113.89458465576172, 22.287082672119197], [113.89458465576172, 22.28652763366722], [113.89430236816452, 22.28652763366722], [113.89430236816452, 22.285972595214844], [113.89402770996094, 22.285972595214844], [113.89402770996094, 22.284582138061694], [113.89430236816452, 22.284582138061694], [113.89428710937523, 22.28430557250971], [113.89402770996094, 22.28430557250971], [113.89402770996094, 22.284027099609375], [113.89375305175793, 22.284027099609375], [113.89375305175793, 22.28347206115734], [113.89402770996094, 22.28347206115734], [113.89402770996094, 22.282363891601562], [113.89375305175793, 22.282363891601562], [113.89375305175793, 22.282083511352596], [113.89347076416016, 22.282083511352596], [113.89347076416016, 22.281805038452205], [113.89319610595703, 22.281805038452205], [113.89319610595703, 22.281528472900618], [113.89263916015636, 22.281528472900618], [113.89263916015636, 22.280971527099837], [113.89236450195324, 22.280971527099837], [113.89236450195324, 22.28069496154785], [113.89208221435581, 22.28069496154785], [113.89208221435581, 22.28041648864769], [113.89199066162132, 22.28041648864769], [113.89097595214844, 22.28041648864769], [113.89097595214844, 22.280139923095703], [113.89041900634766, 22.280139923095703], [113.89041900634766, 22.279861450195483], [113.89013671875, 22.279861450195483], [113.89013671875, 22.279582977294922], [113.8898620605471, 22.279582977294922], [113.8898620605471, 22.279306411743164], [113.88930511474621, 22.279306411743164], [113.88930511474621, 22.27902984619169], [113.88874816894554, 22.27902984619169], [113.88874816894554, 22.278747558593977], [113.8879165649414, 22.278747558593977], [113.8879165649414, 22.27847290039074], [113.88680267333984, 22.27847290039074], [113.88680267333984, 22.278194427490178], [113.88625335693371, 22.278194427490178], [113.88625335693371, 22.277915954589787], [113.88597106933605, 22.277915954589787], [113.88597106933605, 22.276529312134016], [113.88569641113304, 22.276529312134016], [113.88569641113304, 22.27458381652832], [113.88597106933605, 22.27458381652832], [113.88597106933605, 22.274026870727766], [113.88625335693371, 22.274026870727766], [113.88625335693371, 22.27347183227556], [113.88652801513683, 22.27347183227556], [113.88652801513683, 22.273193359375], [113.88680267333984, 22.273193359375], [113.88680267333984, 22.27263832092285], [113.8870849609375, 22.27263832092285], [113.8870849609375, 22.272361755371207], [113.8876419067384, 22.272361755371207], [113.8876419067384, 22.27041625976574], [113.88735961914062, 22.27041625976574], [113.88735961914062, 22.269582748413143], [113.8876419067384, 22.269582748413143], [113.8876419067384, 22.269306182861555], [113.88680267333984, 22.269306182861555], [113.88680267333984, 22.269027709961165], [113.88625335693371, 22.269027709961165], [113.88623809814476, 22.26847267150879], [113.88569641113304, 22.26847267150879], [113.88569641113304, 22.269861221313704], [113.8848648071289, 22.269861221313704], [113.8848648071289, 22.270139694214095], [113.8845825195317, 22.270139694214095], [113.8845825195317, 22.270694732666072], [113.88430786132812, 22.270694732666072], [113.88430786132812, 22.271804809570256], [113.88375091552734, 22.271804809570256], [113.88375091552734, 22.272083282470817], [113.88346862792969, 22.272083282470817], [113.88346862792969, 22.272361755371207], [113.88291931152355, 22.272361755371207], [113.88291931152355, 22.27263832092285], [113.88208007812523, 22.27263832092285], [113.88208007812523, 22.272361755371207], [113.88180541992188, 22.272361755371207], [113.88180541992188, 22.272083282470817], [113.8815307617192, 22.272083282470817], [113.8815307617192, 22.271804809570256], [113.8812484741211, 22.271804809570256], [113.8812484741211, 22.27152824401867], [113.88097381591808, 22.27152824401867], [113.88097381591808, 22.271249771118278], [113.88069152832031, 22.271249771118278], [113.88069152832031, 22.270694732666072], [113.88041687011719, 22.270694732666072], [113.88041687011719, 22.27041625976574], [113.87875366210938, 22.27041625976574], [113.87874603271484, 22.270139694214095], [113.87763977050781, 22.270139694214095], [113.87763977050781, 22.269861221313704], [113.87735748291016, 22.269861221313704], [113.87735748291016, 22.269582748413143], [113.87680816650402, 22.269582748413143], [113.87680816650402, 22.269306182861555], [113.87625122070347, 22.269306182861555], [113.87625122070347, 22.269027709961165], [113.87569427490234, 22.269027709961165], [113.87569427490234, 22.268749237060774], [113.87236022949241, 22.268749237060774], [113.87236022949241, 22.269027709961165], [113.87152862548828, 22.269027709961165], [113.87152862548828, 22.268749237060774], [113.8709716796875, 22.268749237060774], [113.8709716796875, 22.26847267150879], [113.87014007568371, 22.26847267150879], [113.87014007568371, 22.2681941986084], [113.86985778808605, 22.2681941986084], [113.86985778808605, 22.267915725708008], [113.86958312988315, 22.267915725708008], [113.86958312988315, 22.266250610351847], [113.86930847167991, 22.266250610351847], [113.86930847167991, 22.265693664550895], [113.86902618408203, 22.265693664550895], [113.86902618408203, 22.264862060546932], [113.86846923828125, 22.26485824584961], [113.86846923828125, 22.26430511474615], [113.86819458007824, 22.26430511474615], [113.86819458007824, 22.263748168945426], [113.867919921875, 22.263748168945426], [113.867919921875, 22.263471603393782], [113.86763763427734, 22.263471603393782], [113.8676223754884, 22.26291847229004], [113.86736297607445, 22.26291847229004], [113.86736297607445, 22.26263618469244], [113.86708068847668, 22.26263618469244], [113.86708068847668, 22.262083053588867], [113.86653137207065, 22.262083053588867], [113.86653137207065, 22.261808395385856], [113.86624908447288, 22.261804580688477], [113.86624908447288, 22.261249542236328], [113.86569213867233, 22.261249542236328], [113.86569213867233, 22.260414123535156], [113.86541748046875, 22.260414123535156], [113.86541748046875, 22.259860992431925], [113.86486053466797, 22.259860992431925], [113.86486053466797, 22.259304046630973], [113.86458587646484, 22.259304046630973], [113.86458587646484, 22.259027481079215], [113.8629150390625, 22.259027481079215], [113.8629150390625, 22.259860992431925], [113.86264038085983, 22.259860992431925], [113.86264038085983, 22.260139465332145], [113.86235809326172, 22.260139465332145], [113.86231994628918, 22.260972976684684], [113.86180877685547, 22.260972976684684], [113.86180877685547, 22.261249542236328], [113.86096954345714, 22.261249542236328], [113.86096954345714, 22.261526107788086], [113.85930633544922, 22.261526107788086], [113.85930633544922, 22.261249542236328], [113.85847473144531, 22.261249542236328], [113.8584671020509, 22.260972976684684], [113.85819244384766, 22.260972976684684], [113.85819244384766, 22.260694503784123], [113.85736083984386, 22.260694503784123], [113.85736083984386, 22.260414123535156], [113.85624694824219, 22.260414123535156], [113.85624694824219, 22.260139465332145], [113.85514068603516, 22.260139465332145], [113.85514068603516, 22.259304046630973], [113.8548583984375, 22.259304046630973], [113.8548583984375, 22.25875091552757], [113.8545837402346, 22.25875091552757], [113.85457611084007, 22.258192062378214], [113.85430908203136, 22.258192062378214], [113.85430908203136, 22.257917404175032], [113.85375213623081, 22.257917404175032], [113.85375213623081, 22.25763893127464], [113.85346984863304, 22.25763893127464], [113.85346984863304, 22.25736045837425], [113.8526382446289, 22.25736045837425], [113.8526382446289, 22.257083892822266], [113.8523635864259, 22.257083892822266], [113.85234069824264, 22.256805419921875], [113.85208129882812, 22.256805419921875], [113.85208129882812, 22.25652694702171], [113.851806640625, 22.25652694702171], [113.851806640625, 22.254861831665153], [113.85208129882812, 22.254861831665153], [113.85208129882812, 22.254583358764762], [113.8523635864259, 22.254583358764762], [113.8523635864259, 22.2537517547608], [113.8526382446289, 22.2537517547608], [113.8526382446289, 22.252916336059684], [113.85291290283249, 22.252916336059684], [113.85291290283249, 22.252641677856445], [113.85569763183594, 22.252641677856445], [113.85569763183594, 22.252916336059684], [113.85597229003952, 22.252916336059684], [113.85597229003952, 22.253194808960018], [113.85624694824219, 22.253194808960018], [113.85624694824219, 22.253469467163086], [113.85736083984386, 22.253469467163086], [113.85736083984386, 22.254028320312614], [113.8576354980471, 22.254028320312614], [113.8576354980471, 22.254583358764762], [113.85874938964844, 22.254583358764762], [113.85874938964844, 22.2543048858642], [113.85986328125, 22.2543048858642], [113.85986328125, 22.254028320312614], [113.86069488525402, 22.254028320312614], [113.86069488525402, 22.253469467163086], [113.86042022705112, 22.253469467163086], [113.86042022705112, 22.253194808960018], [113.86013793945335, 22.253194808960018], [113.86013793945335, 22.252641677856445], [113.86042022705112, 22.252641677856445], [113.86042022705112, 22.25236129760765], [113.86152648925781, 22.25236129760765], [113.86152648925781, 22.252082824707088], [113.86264038085983, 22.252082824707088], [113.86264038085983, 22.249307632446403], [113.8629150390625, 22.249307632446403], [113.8629150390625, 22.24819374084484], [113.86264038085983, 22.24819374084484], [113.86264038085983, 22.24791526794428], [113.86208343505871, 22.24791526794428], [113.86208343505871, 22.247638702392692], [113.86180877685547, 22.247638702392692], [113.86180877685547, 22.2473602294923], [113.86152648925781, 22.2473602294923], [113.86152648925781, 22.247083663940487], [113.86096954345714, 22.247083663940487], [113.86096954345714, 22.246805191040096], [113.86069488525402, 22.246805191040096], [113.86069488525402, 22.24652862548851], [113.86042022705112, 22.24652862548851], [113.86042022705112, 22.246250152588118], [113.86013793945335, 22.246250152588118], [113.86013793945335, 22.245971679687727], [113.85958099365257, 22.245971679687727], [113.85958099365257, 22.245693206787166], [113.85791778564464, 22.245693206787166], [113.85791778564464, 22.24541664123558], [113.85569763183594, 22.24542045593273], [113.85569763183594, 22.245693206787166], [113.8554153442384, 22.245693206787166], [113.8554153442384, 22.24541664123558], [113.8548583984375, 22.24541664123558], [113.8548583984375, 22.24513816833519], [113.85430908203136, 22.24513816833519], [113.85430908203136, 22.244861602783374], [113.85402679443371, 22.244861602783374], [113.85402679443371, 22.244583129882812], [113.85346984863304, 22.244583129882812], [113.85346984863304, 22.244304656982422], [113.85208129882812, 22.244304656982422], [113.85208129882812, 22.244028091430664], [113.851806640625, 22.244028091430664], [113.851806640625, 22.243471145629883], [113.85152435302757, 22.243471145629883], [113.85152435302757, 22.243194580078068], [113.85124969482433, 22.243194580078068], [113.85124969482433, 22.24263954162609], [113.85097503662121, 22.24263954162609], [113.85097503662121, 22.24208259582531], [113.85069274902378, 22.24208259582531], [113.85069274902378, 22.240972518920955], [113.85097503662121, 22.240972518920955], [113.85097503662121, 22.240694046020565], [113.85152435302757, 22.240694046020565], [113.85152435302757, 22.240140914917163], [113.85208129882812, 22.240140914917163], [113.85208129882812, 22.238195419311467], [113.8523635864259, 22.23819351196289], [113.8523635864259, 22.237361907959098], [113.85208129882812, 22.237361907959098], [113.85208129882812, 22.237083435058707], [113.8523635864259, 22.237083435058707], [113.8523635864259, 22.235696792602766], [113.8526382446289, 22.235696792602766], [113.8526382446289, 22.235139846801985], [113.85291290283249, 22.23513793945324], [113.85291290283249, 22.234582901001033], [113.8526382446289, 22.234582901001033], [113.8526382446289, 22.23347282409668], [113.8523635864259, 22.23347282409668], [113.8523635864259, 22.23319435119629], [113.85208129882812, 22.23319435119629], [113.85208129882812, 22.2329158782959], [113.851806640625, 22.2329158782959], [113.851806640625, 22.232084274291935], [113.85152435302757, 22.23208236694353], [113.85152435302757, 22.231805801391545], [113.85124969482433, 22.231805801391545], [113.85124969482433, 22.23152732849121], [113.85069274902378, 22.23152732849121], [113.85069274902378, 22.230972290039176], [113.85013580322266, 22.230972290039176], [113.85013580322266, 22.231250762939737], [113.8495864868164, 22.231250762939737], [113.8495864868164, 22.23208236694353], [113.84902954101562, 22.232084274291935], [113.84902954101562, 22.23263931274414], [113.84847259521507, 22.232641220092887], [113.84847259521507, 22.2329158782959], [113.84819793701183, 22.2329158782959], [113.84819793701183, 22.23347282409668], [113.84791564941418, 22.23347282409668], [113.84791564941418, 22.233749389648665], [113.84764099121128, 22.233749389648665], [113.84764099121128, 22.234304428100643], [113.84708404541016, 22.234304428100643], [113.84708404541016, 22.234861373901595], [113.84625244140636, 22.234861373901595], [113.84625244140636, 22.23541641235363], [113.84569549560547, 22.23541641235363], [113.84569549560547, 22.235696792602766], [113.84486389160168, 22.235696792602766], [113.84484100341797, 22.23541641235363], [113.84458160400402, 22.23541641235363], [113.84458160400402, 22.23513793945324], [113.84375000000023, 22.23513793945324], [113.84375000000023, 22.23541641235363], [113.84319305419967, 22.23541641235363], [113.84319305419967, 22.23513793945324], [113.84263610839855, 22.23513793945324], [113.84263610839855, 22.234861373901595], [113.84180450439476, 22.234861373901595], [113.84180450439476, 22.234304428100643], [113.84152984619152, 22.234304428100643], [113.84152984619152, 22.23319435119629], [113.84124755859386, 22.23319435119629], [113.84124755859386, 22.232084274291935], [113.8411331176759, 22.232084274291935], [113.84097290039097, 22.23208236694353], [113.84097290039097, 22.230693817138786], [113.84069824218773, 22.230693817138786], [113.84069824218773, 22.229583740234432], [113.84041595458984, 22.229583740234432], [113.84041595458984, 22.229028701782454], [113.84014129638717, 22.229028701782454], [113.84014129638717, 22.228471755981673], [113.83985900878906, 22.228471755981673], [113.83985900878906, 22.228195190429688], [113.83958435058605, 22.228195190429688], [113.83958435058605, 22.227916717529524], [113.83902740478516, 22.227916717529524], [113.83902740478516, 22.226251602172965], [113.83930206298828, 22.226251602172965], [113.83930206298828, 22.22652816772461], [113.83985900878906, 22.22652816772461], [113.83985900878906, 22.225973129272575], [113.84014129638717, 22.225973129272575], [113.84014129638717, 22.225694656372013], [113.83985900878906, 22.225694656372013], [113.83985900878906, 22.225139617920036], [113.83958435058605, 22.225139617920036], [113.83958435058605, 22.224029541015852], [113.83985900878906, 22.224029541015852], [113.83985900878906, 22.223747253417912], [113.83958435058605, 22.223747253417912], [113.83958435058605, 22.219028472900504], [113.83985900878906, 22.219028472900504], [113.83985900878906, 22.218750000000114], [113.84014129638717, 22.218750000000114], [113.84014129638717, 22.218471527099894], [113.84041595458984, 22.218471527099894], [113.84041595458984, 22.218193054199332], [113.84097290039097, 22.218193054199332], [113.84099578857422, 22.217916488647575], [113.84124755859386, 22.217916488647575], [113.84124755859386, 22.217638015747184], [113.84152984619152, 22.217638015747184], [113.84152984619152, 22.21736145019554], [113.8420867919923, 22.21736145019554], [113.8420867919923, 22.217084884643555], [113.84263610839855, 22.217084884643555], [113.84267425537121, 22.21680641174339], [113.8429183959961, 22.21680641174339], [113.8429183959961, 22.21624946594261], [113.84319305419967, 22.21624946594261], [113.84319305419967, 22.215972900390625], [113.84347534179688, 22.215972900390625], [113.84347534179688, 22.213750839233683], [113.84319305419967, 22.213750839233683], [113.84319305419967, 22.21264076232933], [113.8420867919923, 22.21264076232933], [113.8420867919923, 22.211805343627987], [113.84180450439476, 22.211805343627987], [113.84180450439476, 22.210971832275618], [113.84152984619152, 22.210971832275618], [113.84152984619152, 22.210695266723633], [113.84124755859386, 22.210695266723633], [113.84124755859386, 22.210136413574276], [113.84152984619152, 22.210136413574276], [113.84152984619152, 22.209583282470703], [113.84180450439476, 22.209583282470703], [113.84180450439476, 22.208471298217773], [113.84152984619152, 22.208471298217773], [113.84152984619152, 22.20763969421398], [113.84180450439476, 22.20763969421398], [113.84180450439476, 22.20736122131376], [113.84236145019531, 22.20736122131376], [113.84236145019531, 22.2070827484132], [113.84263610839855, 22.2070827484132], [113.84263610839855, 22.20680427551281], [113.84319305419967, 22.20680427551281], [113.84319305419967, 22.20652770996105], [113.84402465820347, 22.20652770996105], [113.84402465820347, 22.205972671508846], [113.84430694580101, 22.205972671508846], [113.84432983398483, 22.205417633056868], [113.84458160400402, 22.205415725708065], [113.84458160400402, 22.205139160156477], [113.84486389160168, 22.205139160156477], [113.84486389160168, 22.204860687256087], [113.8459701538086, 22.204860687256087], [113.8459701538086, 22.20430564880371], [113.84625244140636, 22.20430564880371], [113.84625244140636, 22.204027175903548], [113.84652709960938, 22.204027175903548], [113.84652709960938, 22.204582214355696], [113.84680175781273, 22.204582214355696], [113.84680175781273, 22.204860687256087], [113.84847259521507, 22.204860687256087], [113.84847259521507, 22.204582214355696], [113.84902954101562, 22.204582214355696], [113.84902954101562, 22.204027175903548], [113.84930419921886, 22.204027175903548], [113.84929656982467, 22.20319366455078], [113.84902954101562, 22.20319366455078], [113.84902954101562, 22.201805114746037], [113.84680938720749, 22.201805114746037], [113.84680175781273, 22.200557708740348], [113.84680175781273, 22.199861526489485], [113.84652709960938, 22.199861526489485], [113.84652709960938, 22.199306488037337], [113.84680175781273, 22.199306488037337], [113.84680175781273, 22.19819450378418], [113.84652709960938, 22.19819450378418], [113.84652709960938, 22.197917938232422], [113.84625244140636, 22.197917938232422], [113.84625244140636, 22.19763946533203], [113.84569549560547, 22.19763946533203], [113.84569549560547, 22.197359085083235], [113.84541320800781, 22.197359085083235], [113.84541320800781, 22.19708251953142], [113.84458160400402, 22.19708251953142], [113.84458160400402, 22.19680786132824], [113.84430694580101, 22.19680786132824], [113.84430694580101, 22.196529388427848], [113.84458160400402, 22.196529388427848], [113.84458160400402, 22.195972442627067], [113.8451385498048, 22.195972442627067], [113.8451385498048, 22.195693969726676], [113.84541320800781, 22.195693969726676], [113.84541320800781, 22.195138931274528], [113.84569549560547, 22.195138931274528], [113.845703125, 22.194860458374137], [113.8459701538086, 22.194860458374137], [113.8459701538086, 22.194305419921932], [113.84680175781273, 22.194305419921932], [113.84680175781273, 22.194583892822322], [113.84708404541016, 22.194583892822322], [113.84708404541016, 22.195693969726676], [113.84680175781273, 22.195693969726676], [113.84680175781273, 22.195972442627067], [113.84708404541016, 22.195972442627067], [113.84708404541016, 22.196529388427848], [113.84735870361351, 22.196529388427848], [113.84735870361351, 22.19680786132824], [113.84791564941418, 22.19680786132824], [113.84791564941418, 22.19708251953142], [113.84986114501999, 22.19708251953142], [113.84986114501999, 22.19680786132824], [113.85069274902378, 22.19680786132824], [113.85069274902378, 22.196529388427848], [113.85152435302757, 22.196529388427848], [113.85152435302757, 22.196250915527628], [113.8523635864259, 22.196250915527628], [113.8523635864259, 22.195972442627067], [113.8526382446289, 22.195972442627067], [113.8526382446289, 22.196529388427848], [113.85291290283249, 22.196529388427848], [113.85291290283249, 22.19680786132824], [113.85319519042969, 22.19680786132824], [113.85319519042969, 22.197359085083235], [113.85430908203136, 22.197359085083235], [113.85430908203136, 22.19847297668457], [113.85402679443371, 22.19847297668457], [113.85402679443371, 22.19874763488781], [113.85375213623081, 22.19874763488781], [113.85375213623081, 22.19902992248535], [113.85291290283249, 22.19902992248535], [113.85291290283249, 22.199304580688533], [113.85276794433605, 22.199308395385742], [113.8526382446289, 22.19931030273449], [113.8526382446289, 22.20041656494152], [113.85291290283249, 22.200420379638842], [113.85291290283249, 22.200695037841854], [113.85319519042969, 22.200695037841854], [113.85319519042969, 22.20097160339384], [113.85346984863304, 22.20097160339384], [113.85346984863304, 22.20125007629406], [113.85375213623081, 22.20125007629406], [113.85375213623081, 22.20152854919445], [113.85430908203136, 22.201539993286133], [113.85430908203136, 22.201805114746037], [113.8545837402346, 22.201805114746037], [113.8545837402346, 22.202083587646598], [113.85708618164085, 22.202083587646598], [113.85708618164085, 22.202638626098633], [113.85736083984386, 22.20264053344755], [113.85736083984386, 22.202917098999023], [113.85930633544922, 22.202917098999023], [113.85930633544922, 22.202638626098633], [113.85986328125, 22.202638626098633], [113.85986328125, 22.202917098999023], [113.86013793945335, 22.202917098999023], [113.86013793945335, 22.20319366455078], [113.86042022705112, 22.20319366455078], [113.86042022705112, 22.203472137451342], [113.86069488525402, 22.203472137451342], [113.86069488525402, 22.203750610351562], [113.86180877685547, 22.203750610351562], [113.86180877685547, 22.204027175903548], [113.86235809326172, 22.204027175903548], [113.86235809326172, 22.203750610351562], [113.86430358886741, 22.203750610351562], [113.86429595947266, 22.20319366455078], [113.86402893066418, 22.20319366455078], [113.86402893066418, 22.20152854919445], [113.86513519287121, 22.20152854919445], [113.86513519287121, 22.202083587646598], [113.86624908447288, 22.202083587646598], [113.86624908447288, 22.201805114746037], [113.86653137207065, 22.201805114746037], [113.86653137207065, 22.20152854919445], [113.86680603027355, 22.20152854919445], [113.86680603027355, 22.202083587646598], [113.86736297607445, 22.202083587646598], [113.86736297607445, 22.20236206054699], [113.86763763427734, 22.20236206054699], [113.86763763427734, 22.202638626098633], [113.867919921875, 22.20264053344755], [113.867919921875, 22.203750610351562], [113.86846923828125, 22.203750610351562], [113.86846923828125, 22.204027175903548], [113.86875152587936, 22.204027175903548], [113.86875152587936, 22.205415725708065], [113.86902618408203, 22.205417633056868], [113.86902618408203, 22.205694198608455], [113.86985778808605, 22.205694198608455], [113.86985778808605, 22.205972671508846], [113.87014007568371, 22.205972671508846], [113.87014007568371, 22.20680427551281], [113.87041473388695, 22.20680427551281], [113.87041473388695, 22.2070827484132], [113.87069702148449, 22.2070827484132], [113.87069702148449, 22.20763969421398], [113.8709716796875, 22.20763969421398], [113.8709716796875, 22.207914352416992], [113.87124633789074, 22.207914352416992], [113.87124633789074, 22.208471298217773], [113.87152862548828, 22.208471298217773], [113.87152862548828, 22.208749771118164], [113.87180328369186, 22.208749771118164], [113.87180328369186, 22.209026336669922], [113.87208557128906, 22.209026336669922], [113.87208557128906, 22.209304809570312], [113.87236022949241, 22.209304809570312], [113.87236022949241, 22.209583282470703], [113.87319183349621, 22.209583282470703], [113.87319183349621, 22.209861755371264], [113.87347412109386, 22.209861755371264], [113.87347412109386, 22.210136413574276], [113.87374877929699, 22.210136413574276], [113.87374877929699, 22.210418701171875], [113.87403106689476, 22.210418701171875], [113.87403106689476, 22.210695266723633], [113.87430572509766, 22.210695266723633], [113.87430572509766, 22.210971832275618], [113.87513732910156, 22.210971832275618], [113.87513732910156, 22.21125030517601], [113.87708282470726, 22.21125030517601], [113.87708282470726, 22.210971832275618], [113.87735748291016, 22.210971832275618], [113.87735748291016, 22.210695266723633], [113.87763977050781, 22.210695266723633], [113.87763977050781, 22.210418701171875], [113.87791442871105, 22.210418701171875], [113.87791442871105, 22.210136413574276], [113.87847137451217, 22.210136413574276], [113.87847137451217, 22.210418701171875], [113.87930297851597, 22.210418701171875], [113.87930297851597, 22.210695266723633], [113.8795852661134, 22.210695266723633], [113.8795852661134, 22.2115287780764], [113.87930297851597, 22.2115287780764], [113.87930297851597, 22.212083816528377], [113.87902832031273, 22.212083816528377], [113.87902832031273, 22.212917327880973], [113.87875366210938, 22.212917327880973], [113.87875366210938, 22.21347236633312], [113.87847137451217, 22.213481903076286], [113.87847137451217, 22.21430587768549], [113.87902832031273, 22.21430587768549], [113.87902832031273, 22.214582443237475], [113.8795852661134, 22.214582443237475], [113.8795852661134, 22.214862823486442], [113.88014221191429, 22.214862823486442], [113.88014221191429, 22.215139389038086], [113.88041687011719, 22.215139389038086], [113.88041687011719, 22.215415954589844], [113.88069152832031, 22.215415954589844], [113.88069152832031, 22.215972900390625], [113.88097381591808, 22.215972900390625], [113.88097381591808, 22.21680641174339], [113.8812484741211, 22.21680641174339], [113.8812484741211, 22.217638015747184], [113.8815307617192, 22.217638015747184], [113.8815307617192, 22.217916488647575], [113.88208007812523, 22.217916488647575], [113.88208007812523, 22.218193054199332], [113.882362365723, 22.218193054199332], [113.882362365723, 22.218471527099894], [113.8826370239259, 22.218471527099894], [113.8826370239259, 22.218750000000114], [113.88291931152355, 22.218750000000114], [113.88291931152355, 22.219028472900504], [113.88346862792969, 22.219028472900504], [113.88346862792969, 22.219303131103686], [113.88375091552734, 22.219303131103686], [113.88375091552734, 22.219583511352653], [113.88402557373058, 22.219583511352653], [113.88402557373058, 22.219861984253043], [113.8845825195317, 22.219861984253043], [113.8845825195317, 22.220138549804688], [113.8848648071289, 22.220138549804688], [113.8848648071289, 22.220415115356445], [113.88513946533226, 22.220415115356445], [113.88513946533226, 22.220693588256836], [113.8854141235355, 22.220693588256836], [113.8854141235355, 22.220972061157397], [113.88565063476562, 22.220972061157397], [113.8876419067384, 22.220972061157397], [113.8876419067384, 22.221250534057617], [113.88819122314476, 22.221250534057617], [113.88819122314476, 22.219861984253043], [113.88874816894554, 22.219861984253043], [113.88874816894554, 22.219303131103686], [113.88957977294933, 22.219303131103686], [113.88957977294933, 22.219583511352653], [113.8898620605471, 22.219583511352653], [113.8898620605471, 22.219861984253043], [113.89013671875, 22.219861984253043], [113.89013671875, 22.220138549804688], [113.89097595214844, 22.220140457153605], [113.89097595214844, 22.220415115356445], [113.89125061035202, 22.220415115356445], [113.89125061035202, 22.220693588256836], [113.89180755615257, 22.220693588256836], [113.89180755615257, 22.221250534057617], [113.89208221435581, 22.221250534057617], [113.89208221435581, 22.2215251922608], [113.89180755615257, 22.2215251922608], [113.89180755615257, 22.221805572509766], [113.89152526855469, 22.221805572509766], [113.89152526855469, 22.222919464111328], [113.89180755615257, 22.222919464111328], [113.89180755615257, 22.22319412231451], [113.89263916015636, 22.22319412231451], [113.89263916015636, 22.222919464111328], [113.89347076416016, 22.222919464111328], [113.89347076416016, 22.222637176513786], [113.89375305175793, 22.222637176513786], [113.89375305175793, 22.22208595275879], [113.89402770996094, 22.22208595275879], [113.89402770996094, 22.221250534057617], [113.89430236816452, 22.221250534057617], [113.89430236816452, 22.221805572509766], [113.89819335937534, 22.221805572509766], [113.89819335937534, 22.220693588256836], [113.89847564697288, 22.220693588256836], [113.89847564697288, 22.220415115356445], [113.89819335937534, 22.220415115356445], [113.89819335937534, 22.220138549804688], [113.89763641357422, 22.220138549804688], [113.89763641357422, 22.219583511352653], [113.89736175537155, 22.219583511352653], [113.89736175537155, 22.219303131103686], [113.89708709716797, 22.219303131103686], [113.89708709716797, 22.218193054199332], [113.89680480957043, 22.218193054199332], [113.89682769775402, 22.217916488647575], [113.89708709716797, 22.217916488647575], [113.89708709716797, 22.217638015747184], [113.89736175537155, 22.217638015747184], [113.89736175537155, 22.21736145019554], [113.89763641357422, 22.21736145019554], [113.89763641357422, 22.217084884643555], [113.8979187011721, 22.217084884643555], [113.8979187011721, 22.215415954589844], [113.89819335937534, 22.215415954589844], [113.89819335937534, 22.215139389038086], [113.89847564697288, 22.215139389038086], [113.89847564697288, 22.21430587768549], [113.8987503051759, 22.21430587768549], [113.8987503051759, 22.214027404785156], [113.89902496337913, 22.214027404785156], [113.89902496337913, 22.213750839233683], [113.90125274658203, 22.213750839233683], [113.90125274658203, 22.21347236633312], [113.90152740478538, 22.21347236633312], [113.90152740478538, 22.21319389343273], [113.9018020629884, 22.21319389343273], [113.9018020629884, 22.21264076232933], [113.90208435058605, 22.21264076232933], [113.90208435058605, 22.212358474731445], [113.90291595458984, 22.212358474731445], [113.90291595458984, 22.21125030517601], [113.9031982421875, 22.21125030517601], [113.9031982421875, 22.210695266723633], [113.90347290039074, 22.210695266723633], [113.90347290039074, 22.210136413574276], [113.90430450439453, 22.210136413574276], [113.90430450439453, 22.210695266723633], [113.90486145019565, 22.210695266723633], [113.90486145019565, 22.210418701171875], [113.90513610839855, 22.210418701171875], [113.90513610839855, 22.210136413574276], [113.90569305419945, 22.210136413574276], [113.90569305419945, 22.209861755371264], [113.90625, 22.209861755371264], [113.90625, 22.209583282470703], [113.90652465820324, 22.209583282470703], [113.90652465820324, 22.209304809570312], [113.90680694580078, 22.209304809570312], [113.90680694580078, 22.208749771118164], [113.90708160400436, 22.208749771118164], [113.90708160400436, 22.208471298217773], [113.90736389160156, 22.208471298217773], [113.90736389160156, 22.20819473266596], [113.90763854980491, 22.20819473266596], [113.90763854980491, 22.207914352416992], [113.90819549560558, 22.207914352416992], [113.90820312500023, 22.20763969421398], [113.90875244140648, 22.20763969421398], [113.90875244140648, 22.20736122131376], [113.90902709960938, 22.20736122131376], [113.90902709960938, 22.2070827484132], [113.91041564941406, 22.2070827484132], [113.91041564941406, 22.20680427551281], [113.91097259521518, 22.20680427551281], [113.91097259521518, 22.20652770996105], [113.91124725341808, 22.20652770996105], [113.91124725341808, 22.20624923706066], [113.91152954101574, 22.20624923706066], [113.91152954101574, 22.205972671508846], [113.91180419921898, 22.205972671508846], [113.91180419921898, 22.20624923706066], [113.91208648681652, 22.20624923706066], [113.91208648681652, 22.20652770996105], [113.91236114501953, 22.206529617309798], [113.91236114501953, 22.20680427551281], [113.9134750366211, 22.20680427551281], [113.9134750366211, 22.20763969421398], [113.91374969482445, 22.20763969421398], [113.91374969482445, 22.20819473266596], [113.91402435302768, 22.20819473266596], [113.91402435302768, 22.209026336669922], [113.91430664062523, 22.209026336669922], [113.91430664062523, 22.21125030517601], [113.91513824462902, 22.21125030517601], [113.91513824462902, 22.2115287780764], [113.9165267944336, 22.2115287780764], [113.9165267944336, 22.21125030517601], [113.9176406860355, 22.21125030517601], [113.9176406860355, 22.210695266723633], [113.9179153442384, 22.210695266723633], [113.9179153442384, 22.210136413574276], [113.91819763183605, 22.210136413574276], [113.91819763183605, 22.209861755371264], [113.91847229003929, 22.209861755371264], [113.91847229003929, 22.209026336669922], [113.9198608398442, 22.209026336669922], [113.9198608398442, 22.208471298217773], [113.92013549804688, 22.208471298217773], [113.92013549804688, 22.20763969421398], [113.92041778564476, 22.20763969421398], [113.92041778564476, 22.20736122131376], [113.92097473144543, 22.20736122131376], [113.92097473144543, 22.2070827484132], [113.92124938964855, 22.2070827484132], [113.92124938964855, 22.20736122131376], [113.92208099365234, 22.20736122131376], [113.92208099365234, 22.20763969421398], [113.92346954345726, 22.20763969421398], [113.92346954345726, 22.207914352416992], [113.92402648925793, 22.207914352416992], [113.92402648925793, 22.20819473266596], [113.92514038085938, 22.20819473266596], [113.92514038085938, 22.208749771118164], [113.92569732666016, 22.208749771118164], [113.92569732666016, 22.209026336669922], [113.92652893066429, 22.209026336669922], [113.92652893066429, 22.209304809570312], [113.92708587646507, 22.209304809570312], [113.92708587646507, 22.209026336669922], [113.92763519287132, 22.209026336669922], [113.92763519287132, 22.209304809570312], [113.92819213867188, 22.209304809570312], [113.92819213867188, 22.209583282470703], [113.92930603027344, 22.209583282470703], [113.92930603027344, 22.209861755371264], [113.93041992187534, 22.209861755371264], [113.93041992187534, 22.209583282470703], [113.93235778808594, 22.209583282470703], [113.93235778808594, 22.209861755371264], [113.93264007568405, 22.209861755371264], [113.93264007568405, 22.210136413574276], [113.93235778808594, 22.210136413574276], [113.93235778808594, 22.210418701171875], [113.93180847167969, 22.210418701171875], [113.93180847167969, 22.210695266723633], [113.93125152587913, 22.210695266723633], [113.93125152587913, 22.210971832275618], [113.93096923828136, 22.210971832275618], [113.93096923828136, 22.21125030517601], [113.93069458007824, 22.21125030517601], [113.93068695068382, 22.21264076232933], [113.93041992187534, 22.21264076232933], [113.93041992187534, 22.212917327880973], [113.93069458007824, 22.212917327880973], [113.93069458007824, 22.21347236633312], [113.93096923828136, 22.21347236633312], [113.93096923828136, 22.214862823486442], [113.93125152587913, 22.214862823486442], [113.93125152587913, 22.21680641174339], [113.93096923828136, 22.21680641174339], [113.93096923828136, 22.217084884643555], [113.93069458007824, 22.217084884643555], [113.93069458007824, 22.21736145019554], [113.92958068847679, 22.21736145019554], [113.92958068847679, 22.217638015747184], [113.92903137207043, 22.21763992309593], [113.92903137207043, 22.217916488647575], [113.92819213867188, 22.217916488647575], [113.92819213867188, 22.218193054199332], [113.92791748046886, 22.218193054199332], [113.92791748046886, 22.218471527099894], [113.92736053466808, 22.218471527099894], [113.92736053466808, 22.218750000000114], [113.9262466430664, 22.218750000000114], [113.9262466430664, 22.219303131103686], [113.92569732666016, 22.219303131103686], [113.92569732666016, 22.219028472900504], [113.92541503906261, 22.219028472900504], [113.92540740966808, 22.218471527099894], [113.92514038085938, 22.218471527099894], [113.92514038085938, 22.218193054199332], [113.92458343505882, 22.218193054199332], [113.92458343505882, 22.217916488647575], [113.92402648925793, 22.217916488647575], [113.92402648925793, 22.217084884643555], [113.9231948852539, 22.217084884643555], [113.9231948852539, 22.21736145019554], [113.92208099365234, 22.21736145019554], [113.92208099365234, 22.217638015747184], [113.92180633544922, 22.217638015747184], [113.92180633544922, 22.217916488647575], [113.92124938964855, 22.217916488647575], [113.92124938964855, 22.217638015747184], [113.920692443848, 22.21763992309593], [113.920692443848, 22.217916488647575], [113.92041778564476, 22.217916488647575], [113.92041778564476, 22.218193054199332], [113.91958618164062, 22.218193054199332], [113.91958618164062, 22.218471527099894], [113.91874694824219, 22.218471527099894], [113.91874694824219, 22.218750000000114], [113.91902923583984, 22.218750000000114], [113.91902923583984, 22.219861984253043], [113.91874694824219, 22.219861984253043], [113.91874694824219, 22.220693588256836], [113.91902923583984, 22.220693588256836], [113.91902923583984, 22.220972061157397], [113.91958618164062, 22.220972061157397], [113.91958618164062, 22.221250534057617], [113.92097473144543, 22.221250534057617], [113.92097473144543, 22.2215251922608], [113.92152404785179, 22.2215251922608], [113.92152404785179, 22.22208595275879], [113.92180633544922, 22.22208595275879], [113.92180633544922, 22.222919464111328], [113.92208099365234, 22.222919464111328], [113.92208099365234, 22.224029541015852], [113.92236328125011, 22.224029541015852], [113.92236328125011, 22.224306106567496], [113.92292022705124, 22.224306106567496], [113.92292022705124, 22.225139617920036], [113.9231948852539, 22.225139617920036], [113.9231948852539, 22.225416183471623], [113.92375183105503, 22.225416183471623], [113.92375183105503, 22.225694656372013], [113.92430877685558, 22.225694656372013], [113.92430877685558, 22.225973129272575], [113.92569732666016, 22.225973129272575], [113.92569732666016, 22.225694656372013], [113.92597198486374, 22.225694656372013], [113.92597198486374, 22.225416183471623], [113.9262466430664, 22.225416183471623], [113.9262466430664, 22.224582672119254], [113.92652893066429, 22.224582672119254], [113.92652893066429, 22.224306106567496], [113.92680358886753, 22.224306106567496], [113.92680358886753, 22.224029541015852], [113.92763519287132, 22.224029541015852], [113.92763519287132, 22.223747253417912], [113.92791748046886, 22.223747253417912], [113.92791748046886, 22.2234725952149], [113.92847442626953, 22.2234725952149], [113.92847442626953, 22.223747253417912], [113.92930603027344, 22.223747253417912], [113.92930603027344, 22.224029541015852], [113.92986297607422, 22.224029541015852], [113.92986297607422, 22.224306106567496], [113.93096923828136, 22.224306106567496], [113.93096923828136, 22.224582672119254], [113.93180847167969, 22.224582672119254], [113.93180847167969, 22.2248592376709], [113.93264007568405, 22.2248592376709], [113.93264007568405, 22.225139617920036], [113.9331970214846, 22.225139617920036], [113.9331970214846, 22.225416183471623], [113.93347167968784, 22.225416183471623], [113.93347167968784, 22.225694656372013], [113.9340286254884, 22.225694656372013], [113.9340286254884, 22.225973129272575], [113.93430328369163, 22.225973129272575], [113.93430328369163, 22.22652816772461], [113.93458557128906, 22.22652816772461], [113.93458557128906, 22.227083206176758], [113.93486022949219, 22.227083206176758], [113.93486022949219, 22.227638244629134], [113.93541717529297, 22.227638244629134], [113.93541717529297, 22.227916717529524], [113.93569183349655, 22.227916717529524], [113.93569183349655, 22.228195190429688], [113.9362487792971, 22.228195190429688], [113.9362487792971, 22.228471755981673], [113.93819427490246, 22.228471755981673], [113.93819427490246, 22.228195190429688], [113.93902587890625, 22.228195190429688], [113.93902587890625, 22.228471755981673], [113.93930816650413, 22.228479385376033], [113.93930816650413, 22.228750228882063], [113.93985748291027, 22.228750228882063], [113.93985748291027, 22.229028701782454], [113.94013977050793, 22.229028701782454], [113.94013977050793, 22.229583740234432], [113.94125366210938, 22.229583740234432], [113.94125366210938, 22.229860305786246], [113.9415283203125, 22.229860305786246], [113.9415283203125, 22.230138778686637], [113.94180297851608, 22.230138778686637], [113.94180297851608, 22.230972290039176], [113.94204711914074, 22.230972290039176], [113.94291687011741, 22.230972290039176], [113.94291687011741, 22.231250762939737], [113.94347381591808, 22.231250762939737], [113.94347381591808, 22.23152732849121], [113.94430541992188, 22.23152732849121], [113.94430541992188, 22.231805801391545], [113.94486236572277, 22.231805801391545], [113.94486236572277, 22.232084274291935], [113.94569396972656, 22.232084274291935], [113.94569396972656, 22.23236083984375], [113.94652557373058, 22.23236083984375], [113.94652557373058, 22.23263931274414], [113.94708251953148, 22.23263931274414], [113.94708251953148, 22.2329158782959], [113.94791412353527, 22.2329158782959], [113.94791412353527, 22.23319435119629], [113.94902801513695, 22.23319435119629], [113.94902801513695, 22.23347282409668], [113.9509735107423, 22.23347282409668], [113.9509735107423, 22.233749389648665], [113.95153045654342, 22.233749389648665], [113.95153045654342, 22.234027862549055], [113.95236206054722, 22.234027862549055], [113.95236206054722, 22.23347282409668], [113.95347595214855, 22.23347282409668], [113.95347595214855, 22.234027862549055], [113.95513916015648, 22.234027862549055], [113.95513916015648, 22.233749389648665], [113.95597076416027, 22.233749389648665], [113.95597076416027, 22.23347282409668], [113.95680236816406, 22.23347282409668], [113.95680236816406, 22.23319435119629], [113.95708465576172, 22.23319435119629], [113.95708465576172, 22.23263931274414], [113.95680236816406, 22.23263931274414], [113.95680236816406, 22.232084274291935], [113.95652770996105, 22.23208236694353], [113.95652770996105, 22.231805801391545], [113.95680236816406, 22.231805801391545], [113.95680236816406, 22.231250762939737], [113.95735931396484, 22.231250762939737], [113.95735931396484, 22.230972290039176], [113.95764160156261, 22.230972290039176], [113.95764160156261, 22.23152732849121], [113.95874786376976, 22.23152732849121], [113.95874786376976, 22.231805801391545], [113.95903015136753, 22.231805801391545], [113.95903015136753, 22.232084274291935], [113.95930480957043, 22.232084274291935], [113.95930480957043, 22.23236083984375], [113.95986175537132, 22.23236083984375], [113.95986175537132, 22.23263931274414], [113.96097564697266, 22.23263931274414], [113.96097564697266, 22.23236083984375], [113.96180725097679, 22.23236083984375], [113.96180725097679, 22.23263931274414], [113.96208190918003, 22.232641220092887], [113.96208190918003, 22.2329158782959], [113.96236419677746, 22.2329158782959], [113.96236419677746, 22.23319435119629], [113.96263885498058, 22.23319435119629], [113.96263122558605, 22.23347282409668], [113.96208190918003, 22.23347282409668], [113.96208190918003, 22.234304428100643], [113.96236419677746, 22.234304428100643], [113.96236419677746, 22.234861373901595], [113.96263885498058, 22.234861373901595], [113.96263885498058, 22.23513793945324], [113.96319580078125, 22.235139846801985], [113.96319580078125, 22.23541641235363], [113.96375274658214, 22.23541641235363], [113.96375274658214, 22.235696792602766], [113.96430206298874, 22.235696792602766], [113.96430206298874, 22.23597145080595], [113.96458435058594, 22.23597145080595], [113.96458435058594, 22.23624992370617], [113.96485900878929, 22.23624992370617], [113.96485900878929, 22.236526489257756], [113.96541595458996, 22.236526489257756], [113.96541595458996, 22.23624992370617], [113.96597290039085, 22.23624992370617], [113.96597290039085, 22.236526489257756], [113.96659851074264, 22.236526489257756], [113.96680450439464, 22.236526489257756], [113.96680450439464, 22.236804962158146], [113.96736145019577, 22.236804962158146], [113.96736145019577, 22.237083435058707], [113.96819305419956, 22.237083435058707], [113.96819305419956, 22.237361907959098], [113.96902465820335, 22.237361907959098], [113.96902465820335, 22.23791885375988], [113.9693069458009, 22.23791885375988], [113.9693069458009, 22.238470077514876], [113.9695816040039, 22.238470077514876], [113.9695816040039, 22.238750457763672], [113.97013854980469, 22.238750457763672], [113.97013854980469, 22.239028930664062], [113.97069549560547, 22.239028930664062], [113.97069549560547, 22.23930549621582], [113.97180175781261, 22.23930549621582], [113.97180175781261, 22.23958396911621], [113.97208404541027, 22.23958396911621], [113.97208404541027, 22.23985862731945], [113.9723587036134, 22.23985862731945], [113.9723587036134, 22.240140914917163], [113.97319793701172, 22.240140914917163], [113.97319793701172, 22.240417480468977], [113.97513580322277, 22.240417480468977], [113.97513580322277, 22.240140914917163], [113.9759750366211, 22.240140914917163], [113.97598266601574, 22.23985862731945], [113.97624969482422, 22.23985862731945], [113.97624969482422, 22.23958396911621], [113.976806640625, 22.23958396911621], [113.976806640625, 22.23930549621582], [113.97708129882858, 22.23930549621582], [113.97708129882858, 22.239028930664062], [113.97736358642578, 22.239028930664062], [113.97736358642578, 22.23930549621582], [113.97846984863293, 22.23930549621582], [113.97846984863293, 22.239028930664062], [113.9787521362307, 22.239028930664062], [113.9787521362307, 22.238750457763672], [113.97930908203125, 22.238750457763672], [113.97930908203125, 22.238470077514876], [113.97958374023449, 22.238470077514876], [113.97958374023449, 22.238195419311467], [113.97981262207043, 22.238195419311467], [113.98014068603561, 22.23819351196289], [113.98014068603561, 22.23791885375988], [113.98041534423828, 22.23791885375988], [113.98041534423828, 22.23764038085966], [113.9809722900394, 22.23764038085966], [113.9809722900394, 22.237361907959098], [113.9812469482423, 22.237361907959098], [113.9812469482423, 22.237083435058707], [113.98152923583996, 22.237083435058707], [113.98152923583996, 22.23597145080595], [113.9812469482423, 22.23597145080595], [113.98122406005882, 22.23541641235363], [113.9809722900394, 22.23541641235363], [113.9809722900394, 22.23513793945324], [113.98069763183616, 22.23513793945324], [113.98069763183616, 22.234582901001033], [113.98014068603561, 22.234582901001033], [113.98014068603561, 22.234304428100643], [113.97958374023449, 22.234304428100643], [113.97958374023449, 22.234027862549055], [113.97930908203125, 22.234027862549055], [113.97930908203125, 22.23347282409668], [113.9790267944336, 22.23347282409668], [113.9790267944336, 22.23319435119629], [113.9787521362307, 22.23319435119629], [113.9787521362307, 22.232084274291935], [113.97863006591808, 22.232084274291935], [113.97846984863293, 22.23208236694353], [113.97846984863293, 22.231805801391545], [113.9787521362307, 22.231805801391545], [113.9787521362307, 22.231250762939737], [113.97846984863293, 22.231250762939737], [113.97846984863293, 22.230417251587028], [113.9781951904298, 22.230417251587028], [113.9781951904298, 22.229860305786246], [113.97763824462913, 22.229860305786246], [113.97763824462913, 22.22930526733404], [113.97736358642578, 22.22930526733404], [113.97736358642578, 22.228471755981673], [113.97791290283237, 22.228471755981673], [113.97791290283237, 22.227916717529524], [113.9787521362307, 22.227916717529524], [113.9787521362307, 22.227638244629134], [113.9798583984375, 22.227638244629134], [113.9798583984375, 22.22736167907732], [113.98014068603561, 22.22736167907732], [113.98014068603561, 22.226804733276367], [113.98041534423828, 22.226804733276367], [113.98041534423828, 22.22652816772461], [113.98069763183616, 22.22652816772461], [113.98069763183616, 22.226251602172965], [113.9809722900394, 22.226251602172965], [113.9809722900394, 22.225973129272575], [113.9812469482423, 22.225973129272575], [113.9812469482423, 22.225694656372013], [113.9818038940432, 22.225694656372013], [113.9818038940432, 22.225416183471623], [113.98208618164074, 22.225416183471623], [113.98208618164074, 22.225139617920036], [113.98236083984375, 22.225139617920036], [113.98236083984375, 22.2248592376709], [113.98291778564453, 22.2248592376709], [113.98291778564453, 22.224582672119254], [113.98319244384811, 22.224582672119254], [113.98319244384811, 22.2234725952149], [113.98347473144531, 22.2234725952149], [113.98347473144531, 22.22319412231451], [113.9840240478519, 22.22319412231451], [113.9840240478519, 22.222637176513786], [113.98374938964866, 22.222637176513786], [113.98374938964866, 22.221805572509766], [113.98347473144531, 22.221805572509766], [113.98347473144531, 22.2215251922608], [113.98291778564453, 22.2215251922608], [113.98291778564453, 22.220972061157397], [113.98263549804699, 22.220972061157397], [113.98263549804699, 22.220415115356445], [113.98236083984375, 22.220415115356445], [113.98236083984375, 22.219861984253043], [113.98208618164074, 22.219861984253043], [113.98208618164074, 22.219303131103686], [113.9818038940432, 22.219303131103686], [113.9818038940432, 22.219028472900504], [113.9812469482423, 22.219028472900504], [113.9812469482423, 22.218750000000114], [113.9809722900394, 22.218750000000114], [113.9809722900394, 22.218471527099894], [113.98069763183616, 22.218471527099894], [113.98069763183616, 22.218193054199332], [113.98041534423828, 22.218193054199332], [113.98041534423828, 22.217084884643555], [113.98069763183616, 22.217084884643555], [113.9807357788086, 22.21680641174339], [113.9809722900394, 22.21680641174339], [113.9809722900394, 22.216527938843], [113.9812469482423, 22.216527938843], [113.9812469482423, 22.21624946594261], [113.98152923583996, 22.21624946594261], [113.98152923583996, 22.215972900390625], [113.98263549804699, 22.215972900390625], [113.98263549804699, 22.215694427490234], [113.98319244384811, 22.215694427490234], [113.98319244384811, 22.215415954589844], [113.98347473144531, 22.215415954589844], [113.98347473144531, 22.215139389038086], [113.98374938964866, 22.215139389038086], [113.98374938964866, 22.214862823486442], [113.9840240478519, 22.214862823486442], [113.9840240478519, 22.215139389038086], [113.9862518310548, 22.215139389038086], [113.9862518310548, 22.214862823486442], [113.98652648925781, 22.214862823486442], [113.98652648925781, 22.21430587768549], [113.98680877685592, 22.21430587768549], [113.98680877685592, 22.21264076232933], [113.98652648925781, 22.21264076232933], [113.98652648925781, 22.211805343627987], [113.98735809326195, 22.211805343627987], [113.98735809326195, 22.212083816528377], [113.98764038085972, 22.212083816528377], [113.98764038085972, 22.212358474731445], [113.98847198486351, 22.212358474731445], [113.98847198486351, 22.212083816528377], [113.9887466430664, 22.212083816528377], [113.9887466430664, 22.211805343627987], [113.98958587646484, 22.211809158325195], [113.98958587646484, 22.212917327880973], [113.9901351928711, 22.212917327880973], [113.9901351928711, 22.213750839233683], [113.98986053466842, 22.213750839233683], [113.98986053466842, 22.214027404785156], [113.9901351928711, 22.214027404785156], [113.9901351928711, 22.21430587768549], [113.99069213867222, 22.21430587768549], [113.99069213867222, 22.214582443237475], [113.99097442626964, 22.214582443237475], [113.99097442626964, 22.214862823486442], [113.99124908447277, 22.214862823486442], [113.99124908447277, 22.215139389038086], [113.99208068847656, 22.215139389038086], [113.99208068847656, 22.214862823486442], [113.99291992187545, 22.214862823486442], [113.99291992187545, 22.215139389038086], [113.99346923828148, 22.215139389038086], [113.99346923828148, 22.215415954589844], [113.99402618408214, 22.215415954589844], [113.99402618408214, 22.215972900390625], [113.9943084716798, 22.215972900390625], [113.9943084716798, 22.21624946594261], [113.99458312988304, 22.21624946594261], [113.99458312988304, 22.21680641174339], [113.9951400756836, 22.21680641174339], [113.9951400756836, 22.217084884643555], [113.99541473388683, 22.217084884643555], [113.99541473388683, 22.21736145019554], [113.99597167968795, 22.21736145019554], [113.99597167968795, 22.217638015747184], [113.99652862548851, 22.217638015747184], [113.99652862548851, 22.217916488647575], [113.99708557128929, 22.217916488647575], [113.99708557128929, 22.218193054199332], [113.99874877929688, 22.218193054199332], [113.99874877929688, 22.217638015747184], [113.99930572509766, 22.217638015747184], [113.99930572509766, 22.21736145019554], [113.99958038330101, 22.21736145019554], [113.99958038330101, 22.217084884643555], [114.00013732910179, 22.217084884643555], [114.00013732910179, 22.215694427490234], [114.00041961669956, 22.215694427490234], [114.00041961669956, 22.215415954589844], [114.00069427490246, 22.215415954589844], [114.00069427490246, 22.215139389038086], [114.00096893310558, 22.215139389038086], [114.00096893310558, 22.214862823486442], [114.00152587890625, 22.214862823486442], [114.00152587890625, 22.215139389038086], [114.00235748291016, 22.215139389038086], [114.00235748291016, 22.214862823486442], [114.00402832031261, 22.214862823486442], [114.00402832031261, 22.215415954589844], [114.00430297851585, 22.215415954589844], [114.00430297851585, 22.215694427490234], [114.00458526611328, 22.215694427490234], [114.00458526611328, 22.21624946594261], [114.0048599243164, 22.21624946594261], [114.0048599243164, 22.217084884643555], [114.00514221191418, 22.217084884643555], [114.00514221191418, 22.217916488647575], [114.00541687011719, 22.217916488647575], [114.00541687011719, 22.218471527099894], [114.00569152832077, 22.218471527099894], [114.00569152832077, 22.218750000000114], [114.00624847412132, 22.218750000000114], [114.00624847412132, 22.219028472900504], [114.00680541992199, 22.21903038024925], [114.00680541992199, 22.219303131103686], [114.00930786132835, 22.219303131103686], [114.00930786132835, 22.219583511352653], [114.00986480712913, 22.219583511352653], [114.00986480712913, 22.219861984253043], [114.01013946533214, 22.219861984253043], [114.01013946533214, 22.220415115356445], [114.00986480712913, 22.220415115356445], [114.00986480712913, 22.220972061157397], [114.00958251953159, 22.220972061157397], [114.00958251953159, 22.2215251922608], [114.00986480712913, 22.2215251922608], [114.00986480712913, 22.221805572509766], [114.01013946533214, 22.221805572509766], [114.01013946533214, 22.22208595275879], [114.01041412353538, 22.22208595275879], [114.01041412353538, 22.22236061096214], [114.01069641113293, 22.22236061096214], [114.01069641113293, 22.222637176513786], [114.01097106933594, 22.222637176513786], [114.01097106933594, 22.22319412231451], [114.0112533569336, 22.22319412231451], [114.0112533569336, 22.2234725952149], [114.01152801513672, 22.2234725952149], [114.01152801513672, 22.223747253417912], [114.0120849609375, 22.22375106811546], [114.0120849609375, 22.224029541015852], [114.01291656494163, 22.224029541015852], [114.01291656494163, 22.224306106567496], [114.01457977294922, 22.224306106567496], [114.01457977294922, 22.224582672119254], [114.01513671875, 22.224582672119254], [114.01513671875, 22.2248592376709], [114.01541900634811, 22.2248592376709], [114.01541900634811, 22.225139617920036], [114.0162506103519, 22.225139617920036], [114.0162506103519, 22.225416183471623], [114.01680755615246, 22.225416183471623], [114.01680755615246, 22.225694656372013], [114.0170822143557, 22.225694656372013], [114.0170822143557, 22.225973129272575], [114.01736450195312, 22.225973129272575], [114.01736450195312, 22.226251602172965], [114.0170822143557, 22.226251602172965], [114.0170822143557, 22.22652816772461], [114.01791381835949, 22.22652816772461], [114.01791381835949, 22.227083206176758], [114.01819610595703, 22.227083206176758], [114.01819610595703, 22.22736167907732], [114.01791381835949, 22.22736167907732], [114.01791381835949, 22.227916717529524], [114.01763916015625, 22.227916717529524], [114.01763916015625, 22.228471755981673], [114.01736450195312, 22.228479385376033], [114.01736450195312, 22.229028701782454], [114.01791381835949, 22.229028701782454], [114.01791381835949, 22.22930526733404], [114.01847076416061, 22.22930526733404], [114.01847076416061, 22.229583740234432], [114.01902770996116, 22.229583740234432], [114.01902770996116, 22.229860305786246], [114.01958465576183, 22.229860305786246], [114.0195770263673, 22.230417251587028], [114.01902770996116, 22.230417251587028], [114.01902770996116, 22.230693817138786], [114.01819610595703, 22.230693817138786], [114.01819610595703, 22.230972290039176], [114.01791381835949, 22.230972290039176], [114.01791381835949, 22.231250762939737], [114.01763916015625, 22.231250762939737], [114.01763916015625, 22.231805801391545], [114.01736450195312, 22.231805801391545], [114.0173568725586, 22.23152732849121], [114.01680755615246, 22.23152732849121], [114.01680755615246, 22.231250762939737], [114.0165252685548, 22.231250762939737], [114.0165252685548, 22.230693817138786], [114.0162506103519, 22.230693817138786], [114.0162506103519, 22.230972290039176], [114.01597595214866, 22.230972290039176], [114.01597595214866, 22.231250762939737], [114.01569366455078, 22.231250762939737], [114.01569366455078, 22.231805801391545], [114.01541900634811, 22.231805801391545], [114.01541900634811, 22.23208236694353], [114.01374816894543, 22.232084274291935], [114.01374816894543, 22.23236083984375], [114.0120849609375, 22.23236083984375], [114.0120849609375, 22.23263931274414], [114.01152801513672, 22.23263931274414], [114.01152801513672, 22.2329158782959], [114.0112533569336, 22.2329158782959], [114.0112533569336, 22.23319435119629], [114.01097106933594, 22.23319435119629], [114.01097106933594, 22.233749389648665], [114.01069641113293, 22.233749389648665], [114.01069641113293, 22.234027862549055], [114.01041412353538, 22.234027862549055], [114.01041412353538, 22.234582901001033], [114.01013946533214, 22.234582901001033], [114.01013946533214, 22.234861373901595], [114.00986480712913, 22.234861373901595], [114.00985717773449, 22.23513793945324], [114.00902557373047, 22.23513793945324], [114.00902557373047, 22.234582901001033], [114.0087509155278, 22.234582901001033], [114.0087509155278, 22.234304428100643], [114.00819396972668, 22.234304428100643], [114.00819396972668, 22.233749389648665], [114.00791931152344, 22.233749389648665], [114.00791931152344, 22.23347282409668], [114.00763702392578, 22.23347282409668], [114.00763702392578, 22.23319435119629], [114.00736236572288, 22.23319435119629], [114.00736236572288, 22.2329158782959], [114.00569152832077, 22.2329158782959], [114.00569152832077, 22.23319435119629], [114.00458526611328, 22.23319435119629], [114.00457763671875, 22.23347282409668], [114.00402832031261, 22.23347282409668], [114.00402832031261, 22.233749389648665], [114.00347137451206, 22.233749389648665], [114.00347137451206, 22.234582901001033], [114.00319671630882, 22.234582901001033], [114.00319671630882, 22.23513793945324], [114.00291442871094, 22.235139846801985], [114.00290679931675, 22.23541641235363], [114.00263977050827, 22.23541641235363], [114.00263977050827, 22.23597145080595], [114.00235748291016, 22.23597145080595], [114.00235748291016, 22.236804962158146], [114.00208282470714, 22.236804962158146], [114.00208282470714, 22.237083435058707], [114.0018081665039, 22.237083435058707], [114.0018081665039, 22.237361907959098], [114.00125122070335, 22.237361907959098], [114.00125122070335, 22.23764038085966], [114.00096893310558, 22.23764038085966], [114.00096893310558, 22.23791885375988], [114.00069427490246, 22.23791885375988], [114.00069427490246, 22.23819351196289], [114.00041961669956, 22.23819351196289], [114.00041961669956, 22.238750457763672], [113.99986267089844, 22.238750457763672], [113.99930572509766, 22.238750457763672], [113.99930572509766, 22.23930549621582], [113.99903106689464, 22.23930549621582], [113.99903106689464, 22.23985862731945], [113.99874877929688, 22.23985862731945], [113.99874877929688, 22.240694046020565], [113.9981918334961, 22.240694046020565], [113.99815368652344, 22.240417480468977], [113.99791717529308, 22.240417480468977], [113.99791717529308, 22.240140914917163], [113.99708557128929, 22.240140914917163], [113.99708557128929, 22.23985862731945], [113.99680328369175, 22.23985862731945], [113.99680328369175, 22.23958396911621], [113.99624633789062, 22.23958396911621], [113.99624633789062, 22.23985862731945], [113.99597167968795, 22.23985862731945], [113.99597167968795, 22.240140914917163], [113.99569702148438, 22.240140914917163], [113.99569702148438, 22.240417480468977], [113.99541473388683, 22.240417480468977], [113.99541473388683, 22.240140914917163], [113.9951400756836, 22.240140914917163], [113.9951400756836, 22.240417480468977], [113.99442291259788, 22.240417480468977], [113.9943084716798, 22.240417480468977], [113.9943084716798, 22.240694046020565], [113.99402618408214, 22.240694046020565], [113.99402618408214, 22.240972518920955], [113.99375152587925, 22.240972518920955], [113.99375152587925, 22.24263954162609], [113.99458312988304, 22.24263954162609], [113.99458312988304, 22.242916107177678], [113.99541473388683, 22.242916107177678], [113.99541473388683, 22.243194580078068], [113.99597167968795, 22.243194580078068], [113.99597167968795, 22.243749618530273], [113.99680328369175, 22.243749618530273], [113.99680328369175, 22.244028091430664], [113.99708557128929, 22.244028091430664], [113.99708557128929, 22.244304656982422], [113.9973602294923, 22.244304656982422], [113.9973602294923, 22.244583129882812], [113.99791717529308, 22.244583129882812], [113.99791717529308, 22.244861602783374], [113.99903106689464, 22.244861602783374], [113.99903106689464, 22.24513816833519], [113.99958038330101, 22.24513816833519], [113.99958038330101, 22.24541664123558], [113.99986267089844, 22.24542045593273], [113.99986267089844, 22.245693206787166], [113.99986267089844, 22.245971679687727], [114.00013732910179, 22.245971679687727], [114.00013732910179, 22.24652862548851], [114.00041961669956, 22.24652862548851], [114.00041961669956, 22.247083663940487], [114.00069427490246, 22.247083663940487], [114.00069427490246, 22.247638702392692], [114.00096893310558, 22.247638702392692], [114.00096893310558, 22.24819374084484], [114.00152587890625, 22.24819374084484], [114.00152587890625, 22.24847221374523], [114.00208282470714, 22.24847221374523], [114.00208282470714, 22.24819374084484], [114.00263977050827, 22.24819374084484], [114.00263977050827, 22.24847221374523], [114.00291442871094, 22.24847221374523], [114.00430297851585, 22.24847221374523], [114.00430297851585, 22.248750686645792], [114.00458526611328, 22.248750686645792], [114.00458526611328, 22.249025344848633], [114.0048599243164, 22.249025344848633], [114.0048599243164, 22.248750686645792], [114.00514221191418, 22.248750686645792], [114.00514221191418, 22.249025344848633], [114.00569152832077, 22.249025344848633], [114.00569152832077, 22.249307632446403], [114.00680541992199, 22.249307632446403], [114.00680541992199, 22.24958419799799], [114.00736236572288, 22.24958419799799], [114.00736236572288, 22.249860763549805], [114.00763702392578, 22.249860763549805], [114.00763702392578, 22.250415802001953], [114.00819396972668, 22.250415802001953], [114.00819396972668, 22.250694274902344], [114.0087509155278, 22.250694274902344], [114.0087509155278, 22.250972747802734], [114.00902557373047, 22.250972747802734], [114.00902557373047, 22.251247406005973], [114.00958251953159, 22.251247406005973], [114.00958251953159, 22.251529693603516], [114.01069641113293, 22.251529693603516], [114.01069641113293, 22.2518062591555], [114.0118026733403, 22.251808166503906], [114.0118026733403, 22.2537517547608], [114.01152801513672, 22.2537517547608], [114.01152801513672, 22.254028320312614], [114.0112533569336, 22.254028320312614], [114.0112533569336, 22.254583358764762], [114.01097106933594, 22.254583358764762], [114.01097106933594, 22.254861831665153], [114.00986480712913, 22.254861831665153], [114.00986480712913, 22.255416870117188], [114.00958251953159, 22.255416870117188], [114.0095672607423, 22.255973815917912], [114.00930786132835, 22.255973815917912], [114.00930786132835, 22.256250381469727], [114.00902557373047, 22.256250381469727], [114.00902557373047, 22.256805419921875], [114.0087509155278, 22.256805419921875], [114.0087509155278, 22.25736045837425], [114.00846862792969, 22.25736045837425], [114.00846862792969, 22.257917404175032], [114.00819396972668, 22.257917404175032], [114.00819396972668, 22.25847244262701], [114.00791931152344, 22.25847244262701], [114.00791931152344, 22.259027481079215], [114.00763702392578, 22.259027481079215], [114.00763702392578, 22.259582519531364], [114.00736236572288, 22.259582519531364], [114.00736236572288, 22.260139465332145], [114.00708007812511, 22.260139465332145], [114.00708007812511, 22.260414123535156], [114.00653076171909, 22.260414123535156], [114.00653076171909, 22.260694503784123], [114.00624847412132, 22.260694503784123], [114.00622558593761, 22.260972976684684], [114.00597381591797, 22.260972976684684], [114.00597381591797, 22.261526107788086], [114.00569152832077, 22.261526107788086], [114.00569152832077, 22.262083053588867], [114.00541687011719, 22.262083053588867], [114.00541687011719, 22.26236152648943], [114.00430297851585, 22.26236152648943], [114.00430297851585, 22.26263618469244], [114.00291442871094, 22.262638092041243], [114.00290679931675, 22.26291847229004], [114.00263977050827, 22.26291847229004], [114.00263977050827, 22.26319694519043], [114.00235748291016, 22.26319694519043], [114.00235748291016, 22.264862060546932], [114.00263977050827, 22.264862060546932], [114.00263977050827, 22.265417098999137], [114.00235748291016, 22.265417098999137], [114.00235748291016, 22.265693664550895], [114.0018081665039, 22.265693664550895], [114.00176239013706, 22.265972137451286], [114.00152587890625, 22.265972137451286], [114.00152587890625, 22.266250610351847], [114.00125122070335, 22.266250610351847], [114.00125122070335, 22.265972137451286], [114.00096893310558, 22.265972137451286], [114.00096893310558, 22.266250610351847], [114.00069427490246, 22.266250610351847], [114.00068664550804, 22.26652717590332], [114.00041961669956, 22.266529083252067], [114.00041961669956, 22.266805648803654], [113.99986267089844, 22.266805648803654], [113.99986267089844, 22.267084121704045], [113.99930572509766, 22.267084121704045], [113.99930572509766, 22.267362594604606], [113.99903106689464, 22.267362594604606], [113.99903106689464, 22.26763916015625], [113.99874877929688, 22.26763916015625], [113.99874877929688, 22.269306182861555], [113.99903106689464, 22.269306182861555], [113.99903106689464, 22.269861221313704], [113.99930572509766, 22.269861221313704], [113.99930572509766, 22.27041625976574], [113.99958038330101, 22.27041625976574], [113.99958038330101, 22.270694732666072], [113.99958038330101, 22.270971298218058], [113.99991607666038, 22.270971298218058], [114.00013732910179, 22.270971298218058], [114.00013732910179, 22.27152824401867], [114.00069427490246, 22.27152824401867], [114.00069427490246, 22.271804809570256], [114.00096893310558, 22.271804809570256], [114.00096893310558, 22.272083282470817], [114.00125122070335, 22.272083282470817], [114.00125122070335, 22.271804809570256], [114.00152587890625, 22.271804809570256], [114.00152587890625, 22.272083282470817], [114.00319671630882, 22.272083282470817], [114.00319671630882, 22.271804809570256], [114.00402832031261, 22.271804809570256], [114.00402832031261, 22.27152824401867], [114.00430297851585, 22.27152824401867], [114.00430297851585, 22.271249771118278], [114.0048599243164, 22.271249771118278], [114.0048599243164, 22.270971298218058], [114.00514221191418, 22.270971298218058], [114.00514221191418, 22.270694732666072], [114.00569152832077, 22.270694732666072], [114.00569152832077, 22.270139694214095], [114.00597381591797, 22.270139694214095], [114.00597381591797, 22.269861221313704], [114.00624847412132, 22.269861221313704], [114.00624847412132, 22.269306182861555], [114.00653076171909, 22.269306182861555], [114.00653076171909, 22.269027709961165], [114.0087509155278, 22.269027709961165], [114.0087509155278, 22.268749237060774], [114.00958251953159, 22.268749237060774], [114.00958251953159, 22.26847267150879], [114.00986480712913, 22.26847267150879], [114.00986480712913, 22.2681941986084], [114.01013946533214, 22.2681941986084], [114.01013946533214, 22.26652717590332], [114.01041412353538, 22.26652717590332], [114.01041412353538, 22.266250610351847], [114.01264190673828, 22.266250610351847], [114.01264190673828, 22.265972137451286], [114.01319122314464, 22.265972137451286], [114.01319122314464, 22.265693664550895], [114.01374816894543, 22.265693664550895], [114.01374816894543, 22.265417098999137], [114.01541900634811, 22.265417098999137], [114.01541900634811, 22.265140533447493], [114.01680755615246, 22.265140533447493], [114.01680755615246, 22.264862060546932], [114.0170822143557, 22.264862060546932], [114.0170822143557, 22.265140533447493], [114.01763916015625, 22.265140533447493], [114.01763916015625, 22.265417098999137], [114.01791381835949, 22.265417098999137], [114.01791381835949, 22.265693664550895], [114.01819610595703, 22.265693664550895], [114.01819610595703, 22.265972137451286], [114.01875305175781, 22.265972137451286], [114.01875305175781, 22.266250610351847], [114.0193023681644, 22.266250610351847], [114.0193023681644, 22.26652717590332], [114.02014160156273, 22.26652717590332], [114.02014160156273, 22.266250610351847], [114.02041625976562, 22.266250610351847], [114.02041625976562, 22.265972137451286], [114.02153015136764, 22.265972137451286], [114.02149963378929, 22.267084121704045], [114.02124786376953, 22.267084121704045], [114.02124786376953, 22.26763916015625], [114.02153015136764, 22.26765060424816], [114.02153015136764, 22.267915725708008], [114.02180480957031, 22.26791763305664], [114.02180480957031, 22.26847267150879], [114.0220870971682, 22.26847267150879], [114.0220870971682, 22.268749237060774], [114.02236175537143, 22.26875114440935], [114.02236175537143, 22.269027709961165], [114.02180480957031, 22.269027709961165], [114.02180480957031, 22.269582748413143], [114.02153015136764, 22.269582748413143], [114.02153015136764, 22.270971298218058], [114.02180480957031, 22.270971298218058], [114.02180480957031, 22.271804809570256], [114.0220870971682, 22.271804809570256], [114.0220870971682, 22.272083282470817], [114.02236175537143, 22.272083282470817], [114.02236175537143, 22.272361755371207], [114.02263641357433, 22.272361755371207], [114.02263641357433, 22.27375030517578], [114.02236175537143, 22.27375030517578], [114.02236175537143, 22.274026870727766], [114.0220870971682, 22.274026870727766], [114.0220870971682, 22.27430534362793], [114.02180480957031, 22.27430534362793], [114.02178955078159, 22.27458381652832], [114.02124786376953, 22.27458381652832], [114.02124786376953, 22.274860382080305], [114.02097320556652, 22.274860382080305], [114.02097320556652, 22.275138854980696], [114.02069091796875, 22.275138854980696], [114.02069091796875, 22.275415420532283], [114.02097320556652, 22.275415420532283], [114.02097320556652, 22.275693893432674], [114.02124786376953, 22.275693893432674], [114.02124786376953, 22.275972366333065], [114.02153015136764, 22.275972366333065], [114.02153015136764, 22.276529312134016], [114.02124786376953, 22.276529312134016], [114.02124786376953, 22.277637481689453], [114.02180480957031, 22.277637481689453], [114.02180480957031, 22.277915954589787], [114.02291870117199, 22.277915954589787], [114.02291870117199, 22.278194427490178], [114.02319335937523, 22.278194427490178], [114.02319335937523, 22.278747558593977], [114.02291870117199, 22.278747558593977], [114.02291870117199, 22.27902984619169], [114.02263641357433, 22.27902984619169], [114.02263641357433, 22.279306411743164], [114.02236175537143, 22.279306411743164], [114.02236175537143, 22.279861450195483], [114.0220870971682, 22.279861450195483], [114.0220870971682, 22.28069496154785], [114.02180480957031, 22.28069496154785], [114.02180480957031, 22.280971527099837], [114.02236175537143, 22.280971527099837], [114.02236175537143, 22.281251907348633], [114.02263641357433, 22.281251907348633], [114.02263641357433, 22.282363891601562], [114.02291870117199, 22.282363891601562], [114.02291870117199, 22.2837505340579], [114.02263641357433, 22.2837505340579], [114.02263641357433, 22.28430557250971], [114.02236175537143, 22.28430557250971], [114.02236175537143, 22.284582138061694], [114.02220916748047, 22.284582138061694], [114.02041625976562, 22.284582138061694], [114.02041625976562, 22.284860610961914], [114.02014160156273, 22.284860610961914], [114.02014160156273, 22.285139083862305], [114.01985931396496, 22.285139083862305], [114.01985931396496, 22.285694122314453], [114.01958465576183, 22.285694122314453], [114.01958465576183, 22.287082672119197], [114.0193023681644, 22.287082672119197], [114.0193023681644, 22.28736114501976], [114.01902770996116, 22.28736114501976], [114.01902770996116, 22.28791427612316], [114.01875305175781, 22.28791427612316], [114.01875305175781, 22.28930473327631], [114.01902770996116, 22.28930473327631], [114.01902770996116, 22.28958320617687], [114.01958465576183, 22.28958320617687], [114.01958465576183, 22.289861679077262], [114.01985931396496, 22.289861679077262], [114.01985931396496, 22.290418624878043], [114.02041625976562, 22.290418624878043], [114.02041625976562, 22.29069519042963], [114.02097320556652, 22.29069519042963], [114.02097320556652, 22.290971755981616], [114.02014160156273, 22.290971755981616], [114.02014160156273, 22.291530609130973], [114.01958465576183, 22.291530609130973], [114.01958465576183, 22.291805267333984], [114.0193023681644, 22.29182243347168], [114.0193023681644, 22.292358398437614], [114.01902770996116, 22.292358398437614], [114.01902770996116, 22.29291725158714], [114.0193023681644, 22.29291725158714], [114.0193023681644, 22.29347229003912], [114.01958465576183, 22.29347229003912], [114.01958465576183, 22.29375076293968], [114.02069091796875, 22.29375076293968], [114.02069091796875, 22.29347229003912], [114.02124786376953, 22.29347229003912], [114.02124786376953, 22.29319381713873], [114.02153015136764, 22.29319381713873], [114.02153015136764, 22.29291725158714], [114.02180480957031, 22.29291725158714], [114.02180480957031, 22.292358398437614], [114.0220870971682, 22.292358398437614], [114.0220870971682, 22.292083740234375], [114.02236175537143, 22.292083740234375], [114.02236175537143, 22.291805267333984], [114.02291870117199, 22.291805267333984], [114.02291870117199, 22.291530609130973], [114.02375030517578, 22.291530609130973], [114.02375030517578, 22.291805267333984], [114.02597045898449, 22.291805267333984], [114.02597045898449, 22.292083740234375], [114.02652740478527, 22.292083740234375], [114.02652740478527, 22.291530609130973], [114.02680206298828, 22.291530609130973], [114.02680206298828, 22.29124832153343], [114.02764129638683, 22.29124832153343], [114.02764129638683, 22.292640686035327], [114.02735900878906, 22.292640686035327], [114.02735900878906, 22.29319381713873], [114.02708435058594, 22.29319381713873], [114.02708435058594, 22.29375076293968], [114.02680206298828, 22.29375076293968], [114.02680206298828, 22.294027328491325], [114.02652740478527, 22.294027328491325], [114.02652740478527, 22.294305801391715], [114.02625274658214, 22.294305801391715], [114.02625274658214, 22.29486274719244], [114.02597045898449, 22.29486274719244], [114.02597045898449, 22.295139312744254], [114.02569580078148, 22.295139312744254], [114.02569580078148, 22.29541587829584], [114.02541351318393, 22.29541587829584], [114.0254058837894, 22.29680633544922], [114.0251388549807, 22.29680633544922], [114.0251388549807, 22.297361373901538], [114.02486419677734, 22.297361373901538], [114.02485656738281, 22.297637939453352], [114.02458190918014, 22.297637939453352], [114.02458190918014, 22.297916412353743], [114.02430725097656, 22.297916412353743], [114.02430725097656, 22.299028396606673], [114.02347564697277, 22.299028396606673], [114.02347564697277, 22.298749923706282], [114.02319335937523, 22.298749923706282], [114.02319335937523, 22.29847145080589], [114.02291870117199, 22.29847145080589], [114.02291870117199, 22.297916412353743], [114.02263641357433, 22.297916412353743], [114.02263641357433, 22.297361373901538], [114.02236175537143, 22.297361373901538], [114.02236175537143, 22.297084808349553], [114.0220870971682, 22.297084808349553], [114.0220870971682, 22.297361373901538], [114.02180480957031, 22.297361373901538], [114.02179718017578, 22.297637939453352], [114.02153015136764, 22.297637939453352], [114.02153015136764, 22.297916412353743], [114.02124786376953, 22.297916412353743], [114.02124786376953, 22.298194885253906], [114.02069091796875, 22.298194885253906], [114.02069091796875, 22.297916412353743], [114.02014160156273, 22.297916412353743], [114.02014160156273, 22.297637939453352], [114.01985931396496, 22.297637939453352], [114.01985931396496, 22.296527862548828], [114.01958465576183, 22.296527862548828], [114.0195770263673, 22.296249389648438], [114.0193023681644, 22.296249389648438], [114.0193023681644, 22.295972824096793], [114.01902770996116, 22.295972824096793], [114.01902770996116, 22.296249389648438], [114.01875305175781, 22.296249389648438], [114.01875305175781, 22.29680633544922], [114.01847076416061, 22.29680633544922], [114.01847076416061, 22.297084808349553], [114.01791381835949, 22.297084808349553], [114.01791381835949, 22.297361373901538], [114.01736450195312, 22.297361373901538], [114.01736450195312, 22.297084808349553], [114.0170822143557, 22.297084808349553], [114.0170822143557, 22.29680633544922], [114.01680755615246, 22.29680633544922], [114.01680755615246, 22.296527862548828], [114.01597595214866, 22.296527862548828], [114.01597595214866, 22.29680633544922], [114.01541900634811, 22.29680633544922], [114.01541900634811, 22.297084808349553], [114.01486206054699, 22.297084808349553], [114.01486206054699, 22.297361373901538], [114.01457977294922, 22.297361373901538], [114.01457977294922, 22.298749923706282], [114.01486206054699, 22.298749923706282], [114.01486206054699, 22.299303054809684], [114.01513671875, 22.299303054809684], [114.01513671875, 22.29958343505865], [114.01569366455078, 22.29958343505865], [114.01569366455078, 22.29986190795904], [114.0170822143557, 22.29986190795904], [114.0170822143557, 22.300138473510856], [114.01736450195312, 22.300138473510856], [114.01736450195312, 22.29986190795904], [114.01763916015625, 22.29986190795904], [114.01763916015625, 22.300138473510856], [114.01847076416061, 22.300138473510856], [114.01847076416061, 22.300416946411246], [114.01902770996116, 22.3004207611084], [114.01902770996116, 22.300693511963004], [114.01958465576183, 22.300695419311637], [114.01958465576183, 22.300971984863395], [114.01985931396496, 22.300971984863395], [114.01984405517578, 22.302083969116154], [114.01958465576183, 22.302083969116154], [114.0195770263673, 22.302637100219954], [114.0193023681644, 22.302640914917106], [114.0193023681644, 22.302919387817667], [114.01902770996116, 22.302919387817667], [114.01902770996116, 22.303194046020508], [114.01569366455078, 22.303194046020508], [114.01569366455078, 22.303747177124137], [114.01597595214866, 22.303747177124137], [114.01597595214866, 22.30402946472168], [114.0162506103519, 22.30402946472168], [114.0162506103519, 22.304582595825252], [114.0165252685548, 22.304582595825252], [114.0165252685548, 22.305416107177848], [114.0162506103519, 22.305416107177848], [114.0162506103519, 22.305694580078182], [114.01597595214866, 22.305694580078182], [114.01597595214866, 22.306528091430778], [114.01569366455078, 22.306528091430778], [114.01569366455078, 22.307361602783317], [114.01597595214866, 22.307361602783317], [114.01597595214866, 22.30763816833496], [114.01680755615246, 22.30763816833496], [114.01680755615246, 22.307361602783317], [114.0170822143557, 22.307361602783317], [114.0170822143557, 22.30763816833496], [114.01736450195312, 22.30763816833496], [114.01736450195312, 22.308195114135685], [114.01763916015625, 22.308195114135685], [114.01763916015625, 22.30847167968767], [114.01791381835949, 22.30847167968767], [114.01791381835949, 22.309860229492415], [114.01819610595703, 22.309860229492415], [114.01819610595703, 22.310138702392805], [114.01847076416061, 22.310138702392805], [114.01847076416061, 22.31042289733898], [114.01946258544922, 22.310417175293196], [114.01985931396496, 22.310417175293196], [114.01985931396496, 22.31014060974138], [114.02263641357433, 22.310138702392805], [114.02263641357433, 22.309860229492415], [114.02456665039085, 22.309860229492415], [114.02456665039085, 22.31014060974138], [114.0251388549807, 22.31014060974138], [114.0251388549807, 22.31042289733898], [114.02597045898449, 22.310417175293196], [114.02597045898449, 22.310693740844783], [114.02625274658214, 22.310693740844783], [114.02625274658214, 22.310972213745174], [114.02652740478527, 22.310972213745174], [114.02652740478527, 22.311250686645735], [114.02680206298828, 22.311250686645735], [114.02680206298828, 22.31153106689453], [114.02707672119152, 22.31153106689453], [114.02707672119152, 22.311809539795092], [114.02764129638683, 22.31180572509777], [114.02769470214878, 22.312084197998104], [114.0281906127932, 22.31211280822754], [114.02819824218795, 22.31236076355009], [114.02847290039062, 22.31236076355009], [114.02847290039062, 22.312931060791016], [114.0295867919923, 22.312915802001896], [114.0295867919923, 22.312641143798885], [114.03013610839844, 22.312641143798885], [114.03013610839844, 22.31236076355009], [114.03070068359386, 22.31236076355009], [114.03069305419933, 22.312084197998104], [114.03097534179688, 22.312084197998104], [114.03097534179688, 22.31180572509777], [114.03152465820312, 22.31180572509777], [114.03157043457031, 22.311561584472884], [114.03180694580101, 22.31153106689453], [114.03180694580101, 22.31116867065458], [114.03180694580101, 22.310972213745174], [114.03208160400425, 22.310972213745174], [114.03208160400425, 22.310693740844783], [114.03236389160168, 22.310693740844783], [114.03236389160168, 22.310314178467024], [114.03236389160168, 22.309860229492415], [114.0326385498048, 22.309860229492415], [114.0326385498048, 22.30958366394043], [114.03291320800804, 22.30958366394043], [114.03291320800804, 22.30930519104004], [114.03458404541016, 22.30930519104004], [114.03458404541016, 22.30958366394043], [114.03514099121128, 22.30958366394043], [114.03514099121128, 22.309860229492415], [114.03569793701183, 22.309860229492415], [114.03569793701183, 22.31014060974138], [114.03597259521507, 22.31014060974138], [114.03597259521507, 22.31042289733898], [114.03652954101562, 22.310417175293196], [114.03652954101562, 22.310693740844783], [114.0370864868164, 22.310693740844783], [114.0370864868164, 22.311250686645735], [114.03679656982433, 22.311250686645735], [114.03679656982433, 22.31152725219738], [114.03652954101562, 22.31153106689453], [114.03652954101562, 22.31180572509777], [114.03624725341797, 22.311809539795092], [114.03624725341797, 22.312915802001896], [114.03597259521507, 22.312931060791016], [114.03597259521507, 22.31375122070324], [114.03624725341797, 22.313749313354492], [114.03624725341797, 22.314035415649414], [114.03624725341797, 22.31430435180664], [114.03597259521507, 22.31430435180664], [114.03597259521507, 22.31569480895996], [114.03624725341797, 22.31569480895996], [114.03624725341797, 22.317083358764705], [114.03652954101562, 22.317083358764705], [114.03652954101562, 22.317636489868107], [114.03624725341797, 22.317636489868107], [114.03624725341797, 22.317918777466048], [114.03597259521507, 22.317918777466048], [114.03597259521507, 22.31847190856945], [114.03569793701183, 22.31847190856945], [114.03569793701183, 22.31958389282221], [114.03541564941418, 22.31958389282221], [114.03541564941418, 22.320417404174805], [114.03514099121128, 22.320417404174805], [114.03514099121128, 22.32180595397972], [114.03458404541016, 22.32180595397972], [114.03458404541016, 22.322082519531307], [114.03485870361351, 22.322082519531307], [114.03485870361351, 22.322916030883903], [114.03458404541016, 22.322916030883903], [114.03458404541016, 22.323194503784237], [114.03430175781295, 22.323194503784237], [114.03430175781295, 22.32486152648937], [114.03402709960938, 22.32486152648937], [114.03402709960938, 22.325138092041016], [114.03514099121128, 22.325138092041016], [114.03514099121128, 22.325416564941406], [114.03624725341797, 22.325416564941406], [114.03624725341797, 22.325138092041016], [114.03652954101562, 22.325138092041016], [114.03652954101562, 22.32486152648937], [114.0370864868164, 22.32486152648937], [114.0370864868164, 22.325138092041016], [114.03763580322266, 22.325138092041016], [114.03763580322266, 22.32486152648937], [114.03819274902378, 22.32486152648937], [114.03819274902378, 22.32458305358898], [114.03847503662132, 22.32458305358898], [114.03847503662132, 22.324306488037223], [114.03874969482433, 22.324306488037223], [114.03874969482433, 22.324028015136832], [114.03902435302757, 22.324028015136832], [114.03902435302757, 22.323749542236442], [114.03930664062511, 22.323749542236442], [114.03930664062511, 22.32347106933622], [114.03958129882812, 22.32347106933622], [114.03958129882812, 22.322362899780273], [114.03986358642578, 22.322362899780273], [114.03986358642578, 22.32180595397972], [114.0401382446289, 22.32180595397972], [114.0401382446289, 22.320693969726562], [114.04041290283249, 22.320693969726562], [114.04041290283249, 22.320417404174805], [114.04069519042969, 22.320417404174805], [114.04069519042969, 22.32014083862316], [114.04096984863304, 22.32014083862316], [114.04096984863304, 22.319858551025618], [114.04125213623047, 22.319858551025618], [114.04125213623047, 22.31958389282221], [114.04152679443382, 22.31958389282221], [114.04152679443382, 22.31902885437023], [114.04180908203159, 22.31902885437023], [114.04180908203159, 22.318748474121094], [114.04208374023449, 22.318748474121094], [114.04208374023449, 22.31847190856945], [114.04235839843761, 22.31847190856945], [114.04235839843761, 22.318195343017692], [114.04264068603538, 22.318195343017692], [114.04264068603538, 22.317361831665096], [114.04291534423828, 22.317361831665096], [114.04291534423828, 22.316804885864315], [114.04319763183594, 22.316804885864315], [114.04319763183594, 22.31652641296398], [114.04374694824219, 22.31652641296398], [114.04374694824219, 22.316249847412337], [114.04486083984409, 22.316249847412337], [114.04486083984409, 22.315971374511946], [114.04513549804699, 22.315971374511946], [114.04513549804699, 22.316249847412337], [114.04569244384788, 22.316249847412337], [114.04569244384788, 22.31652641296398], [114.04624938964844, 22.31652641296398], [114.04624938964844, 22.318195343017692], [114.04652404785168, 22.318195343017692], [114.04652404785168, 22.31847190856945], [114.04958343505871, 22.31847190856945], [114.04958343505871, 22.318195343017692], [114.05069732666038, 22.318195343017692], [114.05069732666038, 22.31847190856945], [114.05097198486362, 22.31847190856945], [114.05097198486362, 22.3188667297365], [114.05097198486362, 22.31902885437023], [114.05124664306652, 22.31902885437023], [114.05124664306652, 22.319305419921818], [114.05152130126964, 22.319305419921818], [114.05208587646496, 22.319305419921818], [114.05208587646496, 22.31958389282221], [114.05236053466797, 22.31958389282221], [114.05236053466797, 22.319858551025618], [114.05263519287121, 22.319858551025618], [114.05263519287121, 22.320196151733512], [114.05263519287121, 22.320693969726562], [114.05291748046875, 22.320693969726562], [114.05291748046875, 22.320972442626953], [114.05347442626953, 22.32097434997553], [114.05347442626953, 22.32152748107933], [114.05430603027366, 22.32152748107933], [114.05430603027366, 22.32125282287592], [114.05486297607433, 22.32125282287592], [114.05486297607433, 22.320972442626953], [114.05513763427746, 22.320972442626953], [114.05513763427746, 22.320693969726562], [114.05569458007812, 22.320693969726562], [114.05569458007812, 22.32125282287592], [114.05541992187523, 22.32125282287592], [114.05541992187523, 22.32180595397972], [114.05513763427746, 22.32180595397972], [114.05513763427746, 22.322082519531307], [114.05486297607433, 22.322082519531307], [114.05486297607433, 22.322362899780273], [114.05458068847668, 22.322362899780273], [114.05458068847668, 22.32263946533226], [114.05430603027366, 22.32263946533226], [114.05430603027366, 22.322916030883903], [114.05374908447288, 22.322916030883903], [114.05374908447288, 22.323194503784237], [114.05347442626953, 22.323194503784237], [114.05347442626953, 22.32347106933622], [114.05374908447288, 22.32347106933622], [114.05374908447288, 22.323749542236442], [114.05403137207031, 22.323749542236442], [114.05403137207031, 22.324028015136832], [114.05430603027366, 22.324028015136832], [114.05430603027366, 22.32486152648937], [114.05458068847668, 22.32486152648937], [114.05458068847668, 22.325138092041016], [114.05486297607433, 22.325138092041016], [114.05486297607433, 22.327083587646484], [114.05513763427746, 22.327083587646484], [114.05513763427746, 22.32763862609886], [114.05596923828125, 22.32763862609886], [114.05596923828125, 22.32847213745123], [114.05625152587902, 22.32847213745123], [114.05625152587902, 22.32875061035179], [114.05652618408203, 22.32875061035179], [114.05652618408203, 22.32902526855463], [114.05680847168014, 22.32902526855463], [114.05680847168014, 22.329860687256144], [114.05652618408203, 22.329860687256144], [114.05652618408203, 22.330137252807617], [114.05596923828125, 22.330137252807617], [114.05596923828125, 22.33041572570795], [114.05569458007812, 22.33041572570795], [114.05569458007812, 22.33069419860834], [114.05541992187523, 22.33069419860834], [114.05541992187523, 22.330972671508903], [114.05513763427746, 22.330972671508903], [114.05513763427746, 22.332916259765852], [114.05486297607433, 22.332916259765852], [114.05486297607433, 22.333005905151367], [114.05486297607433, 22.333194732666016], [114.05458068847668, 22.333194732666016], [114.05458068847668, 22.334028244018782], [114.05541992187523, 22.334028244018782], [114.05541992187523, 22.33430480957037], [114.05569458007812, 22.33430480957037], [114.05569458007812, 22.33458328247076], [114.05652618408203, 22.33458328247076], [114.05652618408203, 22.33486175537115], [114.05708312988281, 22.33486175537115], [114.05708312988281, 22.335138320922965], [114.05791473388683, 22.335138320922965], [114.05791473388683, 22.335416793823356], [114.05764007568393, 22.335416793823356], [114.05764007568393, 22.33597373962408], [114.05735778808616, 22.33597373962408], [114.05735778808616, 22.33652687072754], [114.05708312988281, 22.33652687072754], [114.05708312988281, 22.336805343627873], [114.05680847168014, 22.336805343627873], [114.05680847168014, 22.337360382080078], [114.05652618408203, 22.337360382080078], [114.05652618408203, 22.33763885498047], [114.05625152587902, 22.33763885498047], [114.05625152587902, 22.33791732788086], [114.05596923828125, 22.33791732788086], [114.05596923828125, 22.338472366333008], [114.05569458007812, 22.338472366333008], [114.05569458007812, 22.339027404785384], [114.05541992187523, 22.339027404785384], [114.05541992187523, 22.33958244323736], [114.05513763427746, 22.33958244323736], [114.05513763427746, 22.339860916137923], [114.05541992187523, 22.339860916137923], [114.05541992187523, 22.340139389038313], [114.05513763427746, 22.340139389038313], [114.05513763427746, 22.34069442749029], [114.05486297607433, 22.34069442749029], [114.05486297607433, 22.341808319092024], [114.05458068847668, 22.341808319092024], [114.05458068847668, 22.342082977295036], [114.05430603027366, 22.342082977295036], [114.05430603027366, 22.342361450195426], [114.05374908447288, 22.342361450195426], [114.05374908447288, 22.342636108398438], [114.05347442626953, 22.342636108398438], [114.05347442626953, 22.343196868896598], [114.05319213867233, 22.343196868896598], [114.05319213867233, 22.34347152709978], [114.05263519287121, 22.34347152709978], [114.05263519287121, 22.343748092651595], [114.05236053466797, 22.343748092651595], [114.05236053466797, 22.344026565551985], [114.05208587646496, 22.344026565551985], [114.05208587646496, 22.34430503845215], [114.05180358886741, 22.34430503845215], [114.05180358886741, 22.34458351135254], [114.05152893066418, 22.34458351135254], [114.05152893066418, 22.34486198425293], [114.05124664306652, 22.34486198425293], [114.05124664306652, 22.34514045715349], [114.05069732666038, 22.34514045715349], [114.05069732666038, 22.34541893005371], [114.04985809326172, 22.34541893005371], [114.04985809326172, 22.345693588256893], [114.04930877685547, 22.345693588256893], [114.04930877685547, 22.345970153808707], [114.04902648925781, 22.345970153808707], [114.04902648925781, 22.346250534057845], [114.04846954345714, 22.346250534057845], [114.04846954345714, 22.34612083435087], [114.04846954345714, 22.345970153808707], [114.04763793945335, 22.345970153808707], [114.04763793945335, 22.34612083435087], [114.04763793945335, 22.346250534057845], [114.04652404785168, 22.346290588379134], [114.04652404785168, 22.34652709960949], [114.04597473144531, 22.34652709960949], [114.04597473144531, 22.34680557250988], [114.04569244384788, 22.34680557250988], [114.04569244384788, 22.347084045410213]]], [[[113.88819122314476, 22.34763908386242], [113.8879165649414, 22.34764289855957], [113.8879165649414, 22.348194122314396], [113.88680267333984, 22.348194122314396], [113.88680267333984, 22.34791755676281], [113.88652801513683, 22.34791755676281], [113.88652801513683, 22.34763908386242], [113.88625335693371, 22.34763908386242], [113.88625335693371, 22.347084045410213], [113.88652801513683, 22.347078323364485], [113.88652801513683, 22.34680557250988], [113.88680267333984, 22.346809387207202], [113.88680267333984, 22.347084045410213], [113.8876419067384, 22.347078323364485], [113.8876419067384, 22.34652709960949], [113.88819122314476, 22.34652709960949], [113.88819122314476, 22.345970153808707], [113.88847351074219, 22.345970153808707], [113.88847351074219, 22.34541893005371], [113.88874816894554, 22.34541893005371], [113.88874816894554, 22.34430503845215], [113.88903045654331, 22.34430503845215], [113.88903045654331, 22.343748092651595], [113.88930511474621, 22.343748092651595], [113.88930511474621, 22.343196868896598], [113.88957977294933, 22.343196868896598], [113.88957977294933, 22.342082977295036], [113.89041900634766, 22.342082977295036], [113.89041900634766, 22.342361450195426], [113.8906936645509, 22.342361450195426], [113.8906936645509, 22.342636108398438], [113.89097595214844, 22.342639923095987], [113.89097595214844, 22.343748092651595], [113.8906936645509, 22.343748092651595], [113.8906936645509, 22.34458351135254], [113.89097595214844, 22.34458351135254], [113.89097595214844, 22.34486198425293], [113.89125061035202, 22.34486198425293], [113.89125061035202, 22.34514045715349], [113.89152526855469, 22.34514045715349], [113.89152526855469, 22.345693588256893], [113.89180755615257, 22.345693588256893], [113.89180755615257, 22.345970153808707], [113.89125061035202, 22.345970153808707], [113.89125061035202, 22.34735870361328], [113.89097595214844, 22.34735870361328], [113.89097595214844, 22.347084045410213], [113.89041900634766, 22.347084045410213], [113.89041900634766, 22.346250534057845], [113.88957977294933, 22.346250534057845], [113.88957977294933, 22.34680557250988], [113.88874816894554, 22.34680557250988], [113.88874816894554, 22.347084045410213], [113.88847351074219, 22.347084045410213], [113.88847351074219, 22.34735870361328], [113.88819122314476, 22.34735870361328], [113.88819122314476, 22.34763908386242]]], [[[113.88625335693371, 22.35069465637207], [113.88625335693371, 22.35097312927246], [113.88680267333984, 22.35097312927246], [113.88680267333984, 22.351249694824446], [113.88735961914062, 22.351249694824446], [113.88735961914062, 22.351528167724837], [113.8876419067384, 22.351530075073413], [113.8876419067384, 22.351804733276424], [113.88819122314476, 22.351804733276424], [113.88819122314476, 22.352083206176815], [113.88874816894554, 22.352083206176815], [113.88874816894554, 22.35291671752941], [113.88847351074219, 22.352920532226562], [113.888465881348, 22.35319328308117], [113.8879165649414, 22.35320091247553], [113.8879165649414, 22.35375022888212], [113.88735961914062, 22.35375022888212], [113.88735961914062, 22.35347175598156], [113.88652801513683, 22.35347175598156], [113.88652801513683, 22.35319328308117], [113.88625335693371, 22.35319328308117], [113.88623809814476, 22.352361679077205], [113.88597106933605, 22.352361679077205], [113.88597106933605, 22.35069465637207], [113.88625335693371, 22.35069465637207]]], [[[114.0604171752932, 22.35652732849144], [114.05819702148449, 22.35652732849144], [114.05819702148449, 22.356250762939624], [114.05764007568393, 22.356250762939624], [114.05764007568393, 22.355972290039062], [114.05708312988281, 22.355972290039062], [114.05708312988281, 22.355693817138672], [114.05652618408203, 22.355693817138672], [114.05652618408203, 22.355138778686523], [114.05625152587902, 22.355138778686523], [114.05625152587902, 22.354583740234318], [114.05596923828125, 22.354583740234318], [114.05596923828125, 22.35402870178234], [114.05569458007812, 22.35402870178234], [114.05569458007812, 22.35375022888212], [114.05596923828125, 22.35375022888212], [114.05596923828125, 22.35347175598156], [114.05680847168014, 22.35347175598156], [114.05680847168014, 22.35319328308117], [114.05735778808616, 22.35319328308117], [114.05735778808616, 22.351528167724837], [114.05708312988281, 22.351528167724837], [114.05708312988281, 22.350416183471907], [114.05680847168014, 22.350416183471907], [114.05680847168014, 22.349861145019702], [114.05430603027366, 22.349861145019702], [114.05430603027366, 22.34958267211914], [114.05403137207031, 22.34958267211914], [114.05403137207031, 22.3487491607666], [114.05430603027366, 22.3487491607666], [114.05430603027366, 22.348472595214957], [114.05458068847668, 22.348472595214957], [114.05458068847668, 22.348194122314396], [114.05486297607433, 22.348190307617415], [114.05486297607433, 22.34791755676281], [114.05541992187523, 22.34791755676281], [114.05541992187523, 22.34763908386242], [114.05569458007812, 22.34763908386242], [114.05569458007812, 22.34735870361328], [114.05625152587902, 22.34735870361328], [114.05625152587902, 22.347084045410213], [114.05652618408203, 22.347084045410213], [114.05652618408203, 22.34680557250988], [114.05680847168014, 22.34680557250988], [114.05680847168014, 22.34541893005371], [114.05708312988281, 22.34541893005371], [114.05708312988281, 22.34514045715349], [114.05764007568393, 22.34514045715349], [114.05764007568393, 22.34486198425293], [114.05791473388683, 22.34486198425293], [114.05791473388683, 22.34458351135254], [114.05819702148449, 22.344579696655387], [114.05819702148449, 22.34347152709978], [114.05847167968773, 22.343469619751204], [114.05847167968773, 22.343196868896598], [114.05874633789062, 22.343196868896598], [114.05874633789062, 22.342636108398438], [114.05902862548828, 22.342636108398438], [114.05902862548828, 22.342361450195426], [114.05986022949264, 22.342361450195426], [114.05986022949264, 22.342636108398438], [114.06014251708984, 22.342636108398438], [114.06014251708984, 22.34291648864746], [114.0604171752932, 22.34291648864746], [114.0604171752932, 22.343196868896598], [114.06097412109386, 22.343196868896598], [114.06097412109386, 22.34347152709978], [114.06208038330078, 22.34347152709978], [114.06208038330078, 22.343748092651595], [114.06319427490234, 22.343748092651595], [114.06319427490234, 22.344026565551985], [114.06375122070347, 22.344026565551985], [114.06375122070347, 22.34430503845215], [114.06430816650402, 22.344310760498104], [114.06430816650402, 22.34486198425293], [114.06485748291016, 22.34486198425293], [114.06485748291016, 22.34514045715349], [114.0656967163086, 22.34514045715349], [114.0656967163086, 22.34541893005371], [114.06597137451217, 22.34541893005371], [114.06597137451217, 22.34652709960949], [114.0656967163086, 22.34652709960949], [114.0656967163086, 22.34680557250988], [114.06541442871105, 22.346809387207202], [114.06541442871105, 22.34735870361328], [114.06513977050781, 22.34735870361328], [114.06513977050781, 22.34763908386242], [114.06485748291016, 22.34764289855957], [114.06485748291016, 22.34791755676281], [114.06458282470726, 22.34791755676281], [114.06458282470726, 22.348472595214957], [114.06430816650402, 22.348472595214957], [114.06430816650402, 22.349027633666992], [114.06319427490234, 22.349027633666992], [114.06319427490234, 22.3487491607666], [114.06263732910156, 22.348751068115348], [114.06263732910156, 22.349306106567383], [114.06208038330078, 22.349309921264705], [114.06208038330078, 22.350139617919922], [114.06180572509766, 22.350139617919922], [114.06180572509766, 22.35069465637207], [114.06236267089855, 22.35069465637207], [114.06236267089855, 22.351528167724837], [114.06263732910156, 22.351528167724837], [114.06263732910156, 22.351804733276424], [114.06319427490234, 22.351804733276424], [114.06319427490234, 22.352083206176815], [114.0634689331057, 22.352083206176815], [114.0634689331057, 22.354583740234318], [114.06485748291016, 22.354583740234318], [114.06485748291016, 22.354860305786133], [114.06513977050781, 22.354860305786133], [114.06513977050781, 22.355693817138672], [114.06430816650402, 22.355693817138672], [114.06430816650402, 22.355972290039062], [114.06375122070347, 22.355972290039062], [114.06375122070347, 22.355693817138672], [114.06319427490234, 22.355693817138672], [114.06319427490234, 22.35541534423828], [114.06236267089855, 22.35541534423828], [114.06236267089855, 22.355138778686523], [114.06180572509766, 22.355138778686523], [114.06180572509766, 22.354860305786133], [114.06097412109386, 22.354860305786133], [114.06096649169933, 22.355138778686523], [114.06069183349643, 22.35514068603527], [114.06069183349643, 22.355693817138672], [114.0604171752932, 22.355693817138672], [114.0604171752932, 22.35652732849144]]], [[[114.10041809082031, 22.364027023315543], [114.0987472534182, 22.364027023315543], [114.0987472534182, 22.3637504577639], [114.09847259521484, 22.3637504577639], [114.09847259521484, 22.363473892211914], [114.09791564941406, 22.363473892211914], [114.09791564941406, 22.36319541931175], [114.09458160400436, 22.363193511962947], [114.09458160400436, 22.36291694641136], [114.09430694580078, 22.36291694641136], [114.09430694580078, 22.36263847351097], [114.09375, 22.36263847351097], [114.09375, 22.36236381530756], [114.09347534179699, 22.36236381530756], [114.09347534179699, 22.362083435058594], [114.09319305419945, 22.362083435058594], [114.09319305419945, 22.361804962158203], [114.09180450439453, 22.361804962158203], [114.09180450439453, 22.361528396606445], [114.09152984619186, 22.361528396606445], [114.09152984619186, 22.3612518310548], [114.09041595458984, 22.3612518310548], [114.09041595458984, 22.361528396606445], [114.08985900878918, 22.361528396606445], [114.08985900878918, 22.361804962158203], [114.08958435058605, 22.361804962158203], [114.08958435058605, 22.363193511962947], [114.08930206298862, 22.36319541931175], [114.08930206298862, 22.363473892211914], [114.08819580078125, 22.363473892211914], [114.08819580078125, 22.3637504577639], [114.08736419677734, 22.3637504577639], [114.08736419677734, 22.36291694641136], [114.08680725097668, 22.36291694641136], [114.08680725097668, 22.362083435058594], [114.08652496337902, 22.362083435058594], [114.08652496337902, 22.361804962158203], [114.08486175537121, 22.361804962158203], [114.08486175537121, 22.361528396606445], [114.08403015136741, 22.361528396606445], [114.08403015136741, 22.3612518310548], [114.08364868164085, 22.3612518310548], [114.08347320556652, 22.3612518310548], [114.08347320556652, 22.36096954345726], [114.08291625976585, 22.36096954345726], [114.08291625976585, 22.36069488525385], [114.0826416015625, 22.36069488525385], [114.0826416015625, 22.360416412353516], [114.08235931396507, 22.360416412353516], [114.08235931396507, 22.3602752685548], [114.08235931396507, 22.360141754150447], [114.08194732666027, 22.360139846802042], [114.08180236816452, 22.360139846802042], [114.08180236816452, 22.35986137390148], [114.08111572265625, 22.35986137390148], [114.08097076416016, 22.35986137390148], [114.08097076416016, 22.35958290100109], [114.08069610595714, 22.35958290100109], [114.08069610595714, 22.359306335449332], [114.08013916015636, 22.359306335449332], [114.08013916015636, 22.35902976989769], [114.07974243164074, 22.35902976989769], [114.07958221435581, 22.35902976989769], [114.07958221435581, 22.358871459961165], [114.07958221435581, 22.358747482299805], [114.0794601440432, 22.358747482299805], [114.07930755615257, 22.358747482299805], [114.07930755615257, 22.358596801757756], [114.07930755615257, 22.357915878296012], [114.07986450195335, 22.357915878296012], [114.07986450195335, 22.35680580139183], [114.0804138183596, 22.35680580139183], [114.0804138183596, 22.35652732849144], [114.08069610595714, 22.35652732849144], [114.08069610595714, 22.355972290039062], [114.08097076416016, 22.355972290039062], [114.08097076416016, 22.35541534423828], [114.08125305175781, 22.35541534423828], [114.08125305175781, 22.35402870178234], [114.08152770996094, 22.35402870178234], [114.08152770996094, 22.35347175598156], [114.08180236816452, 22.35347175598156], [114.08180236816452, 22.35263824462902], [114.08152770996094, 22.35263824462902], [114.08152770996094, 22.352361679077205], [114.08125305175781, 22.352361679077205], [114.08125305175781, 22.352083206176815], [114.08097076416016, 22.352083206176815], [114.08097076416016, 22.350139617919922], [114.08125305175781, 22.350139617919922], [114.08125305175781, 22.34958267211914], [114.08152770996094, 22.34958267211914], [114.08152770996094, 22.3487491607666], [114.08180236816452, 22.3487491607666], [114.08180236816452, 22.34791755676281], [114.08391571044933, 22.34791755676281], [114.08403015136741, 22.34791755676281], [114.08403015136741, 22.34735870361328], [114.08430480957031, 22.34735870361328], [114.08430480957031, 22.34680557250988], [114.08403015136741, 22.34680557250988], [114.08403015136741, 22.34541893005371], [114.08430480957031, 22.34541893005371], [114.08430480957031, 22.34514045715349], [114.08458709716797, 22.34514045715349], [114.08458709716797, 22.34476661682129], [114.08458709716797, 22.34458351135254], [114.08486175537121, 22.34458351135254], [114.08486175537121, 22.344026565551985], [114.08513641357422, 22.344026565551985], [114.08513641357422, 22.343748092651595], [114.08625030517612, 22.343748092651595], [114.08625030517612, 22.34347152709978], [114.08791351318371, 22.34347152709978], [114.08791351318371, 22.343196868896598], [114.08930206298862, 22.343196868896598], [114.08930206298862, 22.34291648864746], [114.08985900878918, 22.34291648864746], [114.08985900878918, 22.342636108398438], [114.09041595458984, 22.342636108398438], [114.09041595458984, 22.342361450195426], [114.09069061279297, 22.342361450195426], [114.09069061279297, 22.342082977295036], [114.08902740478538, 22.342082977295036], [114.08902740478538, 22.341249465942496], [114.08930206298862, 22.341249465942496], [114.08930206298862, 22.340414047241325], [114.08902740478538, 22.340414047241325], [114.08902740478538, 22.340139389038313], [114.08875274658203, 22.340139389038313], [114.08875274658203, 22.33958244323736], [114.08902740478538, 22.33958244323736], [114.08902740478538, 22.338472366333008], [114.08958435058605, 22.338472366333008], [114.08958435058605, 22.33875083923357], [114.09014129638695, 22.33875083923357], [114.09014129638695, 22.338193893432617], [114.08930206298862, 22.338193893432617], [114.08930206298862, 22.33791732788086], [114.08902740478538, 22.33791732788086], [114.08902740478538, 22.337083816528263], [114.08930206298862, 22.337083816528263], [114.08930206298862, 22.336805343627873], [114.08958435058605, 22.336805343627873], [114.08958435058605, 22.337083816528263], [114.08985900878918, 22.337083816528263], [114.08985900878918, 22.33763885498047], [114.09041595458984, 22.33763885498047], [114.09041595458984, 22.337360382080078], [114.09069061279297, 22.337360382080078], [114.0906982421875, 22.337083816528263], [114.09097290039074, 22.337083816528263], [114.09097290039074, 22.336250305176065], [114.0906982421875, 22.336250305176065], [114.09069061279297, 22.33597373962408], [114.09041595458984, 22.33597373962408], [114.09041595458984, 22.335416793823356], [114.09014129638695, 22.335416793823356], [114.09014129638695, 22.335138320922965], [114.08985900878918, 22.335138320922965], [114.08985900878918, 22.33458328247076], [114.08958435058605, 22.33458328247076], [114.08958435058605, 22.333751678466797], [114.08930206298862, 22.333751678466797], [114.08930206298862, 22.333194732666016], [114.08902740478538, 22.333194732666016], [114.08902740478538, 22.33235931396507], [114.08875274658203, 22.33235931396507], [114.08875274658203, 22.33124732971214], [114.08847045898483, 22.33124732971214], [114.08847045898483, 22.33041572570795], [114.08875274658203, 22.33041572570795], [114.08875274658203, 22.330137252807617], [114.08902740478538, 22.330137252807617], [114.08902740478538, 22.32958412170416], [114.08930206298862, 22.32958412170416], [114.08930206298862, 22.329305648803825], [114.08958435058605, 22.329305648803825], [114.08958435058605, 22.32902526855463], [114.08985900878918, 22.32902526855463], [114.08985900878918, 22.32847213745123], [114.09014129638695, 22.32847213745123], [114.09014129638695, 22.328193664550838], [114.09041595458984, 22.328193664550838], [114.09041595458984, 22.327915191650447], [114.09069061279297, 22.327899932861385], [114.0906982421875, 22.32763862609886], [114.09080505371105, 22.32763862609886], [114.09097290039074, 22.32763862609886], [114.09097290039074, 22.327362060546875], [114.09124755859375, 22.32736015319847], [114.09124755859375, 22.326805114746094], [114.09152984619186, 22.326805114746094], [114.09152984619186, 22.326250076293945], [114.09180450439453, 22.326250076293945], [114.09180450439453, 22.325971603393725], [114.09208679199241, 22.325971603393725], [114.09208679199241, 22.325693130493164], [114.09291839599621, 22.325693130493164], [114.09291839599621, 22.325971603393725], [114.09541320800815, 22.325971603393725], [114.09541320800815, 22.326250076293945], [114.09513854980491, 22.326250076293945], [114.09513854980491, 22.32875061035179], [114.0956954956057, 22.32875061035179], [114.0956954956057, 22.329305648803825], [114.09597015380871, 22.329305648803825], [114.09597015380871, 22.32958412170416], [114.09819793701217, 22.32958412170416], [114.09819793701217, 22.329305648803825], [114.09847259521484, 22.329305648803825], [114.09847259521484, 22.32902526855463], [114.0987472534182, 22.32902526855463], [114.0987472534182, 22.32847213745123], [114.09902954101597, 22.32847213745123], [114.09902954101597, 22.327777862548942], [114.09902954101597, 22.32763862609886], [114.09986114501976, 22.32763862609886], [114.09986114501976, 22.327362060546875], [114.10041809082031, 22.32736015319847], [114.10041809082031, 22.327083587646484], [114.1009750366211, 22.327083587646484], [114.1009750366211, 22.326805114746094], [114.10208129882847, 22.326805114746094], [114.10208129882847, 22.327083587646484], [114.1023635864259, 22.327083587646484], [114.1023635864259, 22.32736015319847], [114.10263824462902, 22.327362060546875], [114.10263824462902, 22.32763862609886], [114.10291290283226, 22.32763862609886], [114.10291290283226, 22.327915191650447], [114.10485839843773, 22.327915191650447], [114.10485839843773, 22.32763862609886], [114.1054153442384, 22.32763862609886], [114.1054153442384, 22.327083587646484], [114.10597229003929, 22.327083587646484], [114.10597229003929, 22.326805114746094], [114.10624694824219, 22.326805114746094], [114.10624694824219, 22.326528549194336], [114.10652923583984, 22.326528549194336], [114.10652923583984, 22.325971603393725], [114.10680389404308, 22.325971603393725], [114.10680389404308, 22.325693130493164], [114.10708618164062, 22.325693130493164], [114.10708618164062, 22.325138092041016], [114.10874938964855, 22.325138092041016], [114.10874938964855, 22.326250076293945], [114.10902404785179, 22.326250076293945], [114.10902404785179, 22.327083587646484], [114.10930633544933, 22.327083587646484], [114.10930633544933, 22.32763862609886], [114.10958099365234, 22.32763862609886], [114.10958099365234, 22.328193664550838], [114.11013793945312, 22.328193664550838], [114.11013793945312, 22.32847213745123], [114.1106948852539, 22.32847213745123], [114.1106948852539, 22.32902526855463], [114.11096954345726, 22.32902526855463], [114.11096954345726, 22.329305648803825], [114.11152648925804, 22.329305648803825], [114.11152648925804, 22.329860687256144], [114.11180877685581, 22.329860687256144], [114.11180877685581, 22.330972671508903], [114.11208343505871, 22.330972671508903], [114.11208343505871, 22.331529617309855], [114.11235809326183, 22.331529617309855], [114.11235809326183, 22.33235931396507], [114.1126403808596, 22.33235931396507], [114.1126403808596, 22.332641601562614], [114.1134719848634, 22.332641601562614], [114.1134719848634, 22.332916259765852], [114.11319732666016, 22.332916259765852], [114.11319732666016, 22.334028244018782], [114.1129150390625, 22.334028244018782], [114.1129150390625, 22.33458328247076], [114.11319732666016, 22.33458328247076], [114.11319732666016, 22.335695266723746], [114.1137466430664, 22.335695266723746], [114.1137466430664, 22.33597373962408], [114.11402893066452, 22.33597373962408], [114.11402893066452, 22.336805343627873], [114.11430358886719, 22.336805343627873], [114.11430358886719, 22.337083816528263], [114.11458587646507, 22.337083816528263], [114.11458587646507, 22.337360382080078], [114.11430358886719, 22.337360382080078], [114.11430358886719, 22.338193893432617], [114.1137466430664, 22.338193893432617], [114.1137466430664, 22.339027404785384], [114.1134719848634, 22.339027404785384], [114.1134719848634, 22.33958244323736], [114.11319732666016, 22.33958244323736], [114.11319732666016, 22.339860916137923], [114.1134719848634, 22.339860916137923], [114.1134719848634, 22.340972900390682], [114.1137466430664, 22.340972900390682], [114.1137466430664, 22.341249465942496], [114.1134719848634, 22.341249465942496], [114.1134719848634, 22.341527938842887], [114.1137466430664, 22.341527938842887], [114.1137466430664, 22.341808319092024], [114.1134719848634, 22.341808319092024], [114.1134719848634, 22.342082977295036], [114.1129150390625, 22.342082977295036], [114.1129150390625, 22.342361450195426], [114.1126403808596, 22.342361450195426], [114.1126403808596, 22.34291648864746], [114.11208343505871, 22.34291648864746], [114.11208343505871, 22.343196868896598], [114.11180877685581, 22.343196868896598], [114.11180877685581, 22.34430503845215], [114.11152648925804, 22.34430503845215], [114.11152648925804, 22.345693588256893], [114.11180877685581, 22.345693588256893], [114.11180877685581, 22.346509933471793], [114.11180877685581, 22.34680557250988], [114.11208343505871, 22.34680557250988], [114.11208343505871, 22.347084045410213], [114.11235809326183, 22.347084045410213], [114.11235809326183, 22.34763908386242], [114.1126403808596, 22.34763908386242], [114.1126403808596, 22.3487491607666], [114.1122970581057, 22.3487491607666], [114.11208343505871, 22.3487491607666], [114.11208343505871, 22.349027633666992], [114.11180877685581, 22.349027633666992], [114.11180877685581, 22.349306106567383], [114.11125183105469, 22.349306106567383], [114.11125183105469, 22.34958267211914], [114.11096954345726, 22.34958267211914], [114.11096954345726, 22.350139617919922], [114.1106948852539, 22.350139617919922], [114.1106948852539, 22.350416183471907], [114.1104202270509, 22.350416183471907], [114.1104202270509, 22.35097312927246], [114.11013793945312, 22.35097312927246], [114.11013793945312, 22.351249694824446], [114.10986328125, 22.351249694824446], [114.10986328125, 22.351528167724837], [114.11013793945312, 22.351528167724837], [114.11013793945312, 22.35291671752941], [114.10986328125, 22.35291671752941], [114.10986328125, 22.35347175598156], [114.10958099365234, 22.35347175598156], [114.10958099365234, 22.35375022888212], [114.10930633544933, 22.35375022888212], [114.10930633544933, 22.354305267333928], [114.10902404785179, 22.354305267333928], [114.10902404785179, 22.354583740234318], [114.10874938964855, 22.354583740234318], [114.10874938964855, 22.355138778686523], [114.10847473144554, 22.355138778686523], [114.10847473144554, 22.355693817138672], [114.108192443848, 22.355693817138672], [114.108192443848, 22.35680580139183], [114.10847473144554, 22.35680580139183], [114.10847473144554, 22.361070632934684], [114.10847473144554, 22.3612518310548], [114.10834503173828, 22.3612518310548], [114.108192443848, 22.3612518310548], [114.10814666748047, 22.361528396606445], [114.10763549804688, 22.361528396606445], [114.10763549804688, 22.361804962158203], [114.1073608398442, 22.361804962158203], [114.1073608398442, 22.362083435058594], [114.10708618164062, 22.362083435058594], [114.10708618164062, 22.36236381530756], [114.10652923583984, 22.36236381530756], [114.10652923583984, 22.36263847351097], [114.1054153442384, 22.36263847351097], [114.1054153442384, 22.36291694641136], [114.10485839843773, 22.36291694641136], [114.10485839843773, 22.363193511962947], [114.10458374023438, 22.36319541931175], [114.10458374023438, 22.363473892211914], [114.10401916503906, 22.363473892211914], [114.10152435302734, 22.363473892211914], [114.10152435302734, 22.3637504577639], [114.10041809082031, 22.3637504577639], [114.10041809082031, 22.364027023315543]]], [[[114.28708648681652, 22.364027023315543], [114.28763580322266, 22.364027023315543], [114.28763580322266, 22.364305496215934], [114.28680419921886, 22.364305496215934], [114.28680419921886, 22.364027023315543], [114.28652954101597, 22.364027023315543], [114.28652954101597, 22.363473892211914], [114.2862472534182, 22.363473892211914], [114.2862472534182, 22.36319541931175], [114.28541564941406, 22.363193511962947], [114.28541564941406, 22.36291694641136], [114.28569793701217, 22.36291694641136], [114.28569793701217, 22.36263847351097], [114.28597259521484, 22.36263847351097], [114.28597259521484, 22.36236381530756], [114.28652954101597, 22.36236381530756], [114.28652954101597, 22.362083435058594], [114.28680419921886, 22.362083435058594], [114.28680419921886, 22.36263847351097], [114.28708648681652, 22.36263847351097], [114.28708648681652, 22.364027023315543]]], [[[114.29458618164062, 22.374305725097884], [114.29486083984386, 22.374305725097884], [114.29486083984386, 22.375415802002067], [114.2937469482423, 22.375415802002067], [114.2937469482423, 22.375139236450423], [114.29319763183628, 22.375139236450423], [114.29319763183628, 22.374862670898438], [114.29291534423851, 22.374862670898438], [114.29291534423851, 22.374305725097884], [114.29180908203136, 22.374305725097884], [114.29180908203136, 22.374027252197493], [114.2915267944336, 22.374027252197493], [114.2915267944336, 22.37375068664568], [114.29125213623047, 22.37375068664568], [114.29125213623047, 22.373472213745117], [114.29096984863281, 22.373472213745117], [114.29096984863281, 22.37291717529297], [114.2906951904298, 22.37291717529297], [114.2906951904298, 22.372358322143782], [114.29041290283226, 22.372358322143782], [114.29041290283226, 22.372083663940373], [114.29096984863281, 22.372083663940373], [114.29096984863281, 22.37153053283697], [114.2906951904298, 22.37153053283697], [114.2906951904298, 22.370971679687614], [114.29041290283226, 22.370971679687614], [114.29041290283226, 22.370695114135856], [114.29013824462902, 22.370695114135856], [114.29013824462902, 22.37013626098627], [114.28986358642601, 22.37013626098627], [114.28986358642601, 22.36986160278326], [114.29013824462902, 22.36986160278326], [114.29013824462902, 22.36930465698248], [114.28958129882847, 22.36930465698248], [114.28958129882847, 22.3687496185305], [114.28930664062523, 22.3687496185305], [114.28930664062523, 22.368194580078125], [114.28874969482467, 22.368194580078125], [114.28874969482467, 22.36791419982916], [114.28819274902355, 22.36791419982916], [114.28819274902355, 22.367639541625977], [114.28763580322266, 22.367639541625977], [114.28763580322266, 22.367361068725756], [114.28708648681652, 22.367361068725756], [114.28708648681652, 22.367082595825195], [114.28791809082031, 22.367082595825195], [114.28791809082031, 22.366527557373047], [114.28819274902355, 22.366527557373047], [114.28819274902355, 22.365972518921012], [114.2884750366211, 22.365972518921012], [114.2884750366211, 22.365695953369254], [114.28902435302734, 22.365695953369254], [114.28902435302734, 22.365139007568473], [114.28930664062523, 22.365139007568473], [114.28930664062523, 22.364860534668253], [114.28986358642601, 22.364860534668253], [114.28986358642601, 22.364582061767692], [114.29041290283226, 22.364582061767692], [114.29041290283226, 22.364305496215934], [114.29071807861362, 22.364305496215934], [114.29096984863281, 22.364305496215934], [114.29100036621105, 22.364027023315543], [114.29125213623047, 22.364027023315543], [114.29127502441418, 22.3637504577639], [114.2915267944336, 22.3637504577639], [114.2915267944336, 22.363193511962947], [114.29180908203136, 22.363193511962947], [114.29180908203136, 22.36291694641136], [114.29210662841797, 22.36291694641136], [114.29235839843773, 22.36291694641136], [114.29235839843773, 22.3626651763916], [114.29235839843773, 22.36236381530756], [114.29264068603516, 22.36236381530756], [114.29264068603516, 22.362083435058594], [114.29235839843773, 22.362083435058594], [114.29235839843773, 22.36069488525385], [114.29208374023438, 22.36069488525385], [114.29208374023438, 22.360416412353516], [114.29235839843773, 22.360416412353516], [114.29235839843773, 22.360139846802042], [114.29264068603516, 22.360139846802042], [114.29264068603516, 22.35958290100109], [114.29291534423851, 22.35958290100109], [114.29291534423851, 22.359306335449332], [114.29319763183628, 22.359306335449332], [114.29319763183628, 22.358472824096737], [114.29291534423851, 22.358472824096737], [114.29291534423851, 22.357360839843977], [114.29347229003918, 22.357360839843977], [114.29347229003918, 22.35763740539562], [114.29430389404297, 22.35763740539562], [114.29430389404297, 22.35748672485363], [114.29430389404297, 22.357360839843977], [114.29458618164062, 22.357360839843977], [114.29458618164062, 22.357084274291992], [114.29513549804688, 22.357082366943416], [114.29513549804688, 22.35680580139183], [114.29569244384766, 22.35680580139183], [114.29569244384766, 22.35652732849144], [114.29597473144554, 22.35652732849144], [114.29597473144554, 22.35541534423828], [114.29541778564499, 22.35541534423828], [114.29541778564499, 22.355138778686523], [114.29513549804688, 22.355138778686523], [114.29513549804688, 22.354860305786133], [114.29486083984386, 22.354860305786133], [114.29486083984386, 22.354583740234318], [114.29513549804688, 22.354583740234318], [114.29513549804688, 22.354305267333928], [114.29486083984386, 22.354305267333928], [114.29486083984386, 22.35319328308117], [114.29569244384766, 22.35319328308117], [114.29569244384766, 22.35263824462902], [114.29624938964878, 22.35263824462902], [114.29624938964878, 22.35319328308117], [114.29652404785168, 22.35319328308117], [114.29652404785168, 22.35347175598156], [114.29680633544933, 22.35347175598156], [114.29680633544933, 22.35402870178234], [114.29736328125, 22.35402870178234], [114.29736328125, 22.354583740234318], [114.29708099365257, 22.354583740234318], [114.29708099365257, 22.354860305786133], [114.29736328125, 22.354860305786133], [114.29736328125, 22.35541534423828], [114.29708099365257, 22.35541534423828], [114.29708099365257, 22.355693817138672], [114.29736328125, 22.355693817138672], [114.29736328125, 22.355972290039062], [114.29708099365257, 22.355972290039062], [114.29708099365257, 22.35652732849144], [114.29680633544933, 22.35652732849144], [114.29680633544933, 22.35680580139183], [114.29652404785168, 22.35680580139183], [114.29652404785168, 22.357082366943416], [114.29680633544933, 22.357084274291992], [114.29680633544933, 22.357185363769588], [114.29680633544933, 22.35763740539562], [114.29652404785168, 22.35763740539562], [114.29652404785168, 22.357915878296012], [114.29624938964878, 22.357915878296012], [114.29624938964878, 22.358194351196346], [114.29652404785168, 22.358194351196346], [114.29652404785168, 22.35902976989769], [114.29624938964878, 22.35902976989769], [114.29624938964878, 22.359306335449332], [114.29652404785168, 22.359306335449332], [114.29652404785168, 22.35958290100109], [114.29624938964878, 22.35958290100109], [114.29624938964878, 22.360416412353516], [114.29597473144554, 22.360416412353516], [114.29597473144554, 22.36096954345726], [114.29624938964878, 22.36096954345726], [114.29624938964878, 22.361528396606445], [114.29597473144554, 22.361528396606445], [114.29597473144554, 22.36236381530756], [114.29569244384766, 22.36236381530756], [114.29569244384766, 22.36263847351097], [114.29597473144554, 22.36263847351097], [114.29597473144554, 22.36291694641136], [114.29624938964878, 22.36291694641136], [114.29624938964878, 22.3637504577639], [114.29736328125, 22.3637504577639], [114.29736328125, 22.36385726928711], [114.29736328125, 22.364027023315543], [114.29747009277366, 22.364027023315543], [114.29763793945312, 22.364027023315543], [114.29763793945312, 22.365972518921012], [114.29708099365257, 22.36600494384794], [114.29708099365257, 22.366249084472656], [114.29647064208984, 22.366249084472656], [114.29569244384766, 22.366249084472656], [114.29569244384766, 22.366804122924805], [114.29513549804688, 22.366804122924805], [114.29513549804688, 22.367361068725756], [114.29569244384766, 22.367361068725756], [114.29569244384766, 22.367639541625977], [114.29513549804688, 22.367639541625977], [114.29513549804688, 22.36791419982916], [114.29486083984386, 22.367919921875114], [114.29486083984386, 22.368194580078125], [114.29458618164062, 22.368194580078125], [114.29458618164062, 22.368473052978516], [114.29430389404297, 22.368473052978516], [114.29430389404297, 22.369026184082145], [114.2937469482423, 22.369026184082145], [114.2937469482423, 22.36986160278326], [114.29347229003918, 22.36986160278326], [114.29347229003918, 22.37013626098627], [114.2937469482423, 22.37013626098627], [114.2937469482423, 22.370695114135856], [114.29402923584007, 22.370723724365234], [114.29402923584007, 22.370971679687614], [114.2937469482423, 22.370971679687614], [114.2937469482423, 22.371101379394588], [114.2937469482423, 22.371248245239258], [114.29363250732422, 22.371248245239258], [114.29347229003918, 22.371248245239258], [114.29347229003918, 22.372083663940373], [114.29291534423851, 22.372083663940373], [114.29291534423851, 22.37291717529297], [114.29264068603516, 22.37291717529297], [114.29264068603516, 22.373193740844727], [114.29347229003918, 22.373193740844727], [114.29347229003918, 22.373472213745117], [114.29402923584007, 22.373472213745117], [114.29402923584007, 22.373193740844727], [114.29430389404297, 22.373193740844727], [114.29430389404297, 22.373472213745117], [114.29458618164062, 22.373472213745117], [114.29458618164062, 22.373193740844727], [114.29486083984386, 22.373193740844727], [114.29486083984386, 22.37291717529297], [114.29513549804688, 22.37291717529297], [114.29513549804688, 22.373193740844727], [114.29541778564499, 22.373193740844727], [114.29541778564499, 22.37291717529297], [114.29597473144554, 22.37291717529297], [114.29597473144554, 22.373193740844727], [114.29624938964878, 22.373193740844727], [114.29624938964878, 22.373472213745117], [114.29597473144554, 22.373472213745117], [114.29597473144554, 22.374027252197493], [114.29513549804688, 22.374027252197493], [114.29513549804688, 22.37375068664568], [114.29486083984386, 22.37375068664568], [114.29486083984386, 22.374027252197493], [114.29458618164062, 22.374027252197493], [114.29458618164062, 22.374305725097884]]], [[[114.28652954101597, 22.37597274780279], [114.2862472534182, 22.37597274780279], [114.2862472534182, 22.3756942749024], [114.28597259521484, 22.3756942749024], [114.28597259521484, 22.375415802002067], [114.28569793701217, 22.375415802002067], [114.28569793701217, 22.374862670898438], [114.28485870361328, 22.374862670898438], [114.28485870361328, 22.374584197998047], [114.28430175781273, 22.374584197998047], [114.28430175781273, 22.374027252197493], [114.28458404541016, 22.374027252197493], [114.28458404541016, 22.37375068664568], [114.28541564941406, 22.37375068664568], [114.28541564941406, 22.373472213745117], [114.28597259521484, 22.373472213745117], [114.28597259521484, 22.374027252197493], [114.28652954101597, 22.374027252197493], [114.28652954101597, 22.375139236450423], [114.28680419921886, 22.375139236450423], [114.28680419921886, 22.3756942749024], [114.28652954101597, 22.3756942749024], [114.28652954101597, 22.37597274780279]]], [[[114.32291412353516, 22.376806259155387], [114.32180786132847, 22.376806259155387], [114.32180786132847, 22.37597274780279], [114.32096862792991, 22.37597274780279], [114.32096862792991, 22.376249313354606], [114.32069396972656, 22.376249313354606], [114.32069396972656, 22.375139236450423], [114.32096862792991, 22.375139236450423], [114.32096862792991, 22.374862670898438], [114.32125091552734, 22.374862670898438], [114.32125091552734, 22.374584197998047], [114.32069396972656, 22.374584197998047], [114.32069396972656, 22.374027252197493], [114.32096862792991, 22.374027252197493], [114.32096862792991, 22.373193740844727], [114.32069396972656, 22.373193740844727], [114.32069396972656, 22.37291717529297], [114.32041931152355, 22.37291717529297], [114.32041931152355, 22.372640609741325], [114.32069396972656, 22.372640609741325], [114.32069396972656, 22.372358322143782], [114.32125091552734, 22.372358322143782], [114.32125091552734, 22.372083663940373], [114.32180786132847, 22.372083663940373], [114.32180786132847, 22.37153053283697], [114.32263946533226, 22.37153053283697], [114.32263946533226, 22.370416641235465], [114.32291412353516, 22.370416641235465], [114.32291412353516, 22.370695114135856], [114.32347106933605, 22.370695114135856], [114.32347106933605, 22.370971679687614], [114.32319641113281, 22.370971679687614], [114.32319641113281, 22.371248245239258], [114.32347106933605, 22.371248245239258], [114.32347106933605, 22.37153053283697], [114.3237533569336, 22.37153053283697], [114.3237533569336, 22.371805191039982], [114.32402801513717, 22.371805191039982], [114.32402801513717, 22.372083663940373], [114.32430267333984, 22.372083663940373], [114.32430267333984, 22.374027252197493], [114.32485961914097, 22.374027252197493], [114.32485961914097, 22.37375068664568], [114.3251419067384, 22.37375068664568], [114.3251419067384, 22.373472213745117], [114.32541656494152, 22.373472213745117], [114.32541656494152, 22.373193740844727], [114.32597351074219, 22.373193740844727], [114.32597351074219, 22.37291717529297], [114.32624816894531, 22.37291717529297], [114.32624816894531, 22.372640609741325], [114.32569122314476, 22.372640609741325], [114.32569122314476, 22.372358322143782], [114.32597351074219, 22.372358322143782], [114.32597351074219, 22.370695114135856], [114.32569122314476, 22.370695114135856], [114.32569122314476, 22.36986160278326], [114.32597351074219, 22.36986160278326], [114.32597351074219, 22.36958312988287], [114.32569122314476, 22.36958312988287], [114.32569122314476, 22.369026184082145], [114.32624816894531, 22.369026184082145], [114.32624816894531, 22.3687496185305], [114.32653045654308, 22.3687496185305], [114.32653045654308, 22.36791419982916], [114.32624816894531, 22.36791419982916], [114.32624816894531, 22.367639541625977], [114.32653045654308, 22.367639541625977], [114.32653045654308, 22.367361068725756], [114.3268051147461, 22.367361068725756], [114.3268051147461, 22.366804122924805], [114.32707977294967, 22.366804122924805], [114.32707977294967, 22.366249084472656], [114.3268051147461, 22.366249084472656], [114.3268051147461, 22.365139007568473], [114.32707977294967, 22.365139007568473], [114.32707977294967, 22.365417480468864], [114.32763671875023, 22.365417480468864], [114.32763671875023, 22.365695953369254], [114.32847595214855, 22.365695953369254], [114.32847595214855, 22.366249084472656], [114.32875061035179, 22.366249084472656], [114.32875061035179, 22.366527557373047], [114.32847595214855, 22.366527557373047], [114.32847595214855, 22.367082595825195], [114.32875061035179, 22.367082595825195], [114.32875061035179, 22.36791419982916], [114.32847595214855, 22.36791419982916], [114.32847595214855, 22.3687496185305], [114.32875061035179, 22.3687496185305], [114.32875061035179, 22.36930465698248], [114.32847595214855, 22.36930465698248], [114.32847595214855, 22.37013626098627], [114.32958221435558, 22.37013626098627], [114.32958221435558, 22.37153053283697], [114.32986450195312, 22.37153053283697], [114.32986450195312, 22.371805191039982], [114.32958221435558, 22.371805191039982], [114.32958221435558, 22.37291717529297], [114.32930755615234, 22.37291717529297], [114.32930755615234, 22.37375068664568], [114.32847595214855, 22.37375068664568], [114.32847595214855, 22.374027252197493], [114.32763671875023, 22.374027252197493], [114.32763671875023, 22.374305725097884], [114.32736206054688, 22.374305725097884], [114.32736206054688, 22.374584197998047], [114.32707977294967, 22.374584197998047], [114.32707977294967, 22.374862670898438], [114.3268051147461, 22.374862670898438], [114.3268051147461, 22.375139236450423], [114.32653045654308, 22.375139236450423], [114.32653045654308, 22.375415802002067], [114.32569122314476, 22.375415802002067], [114.32569122314476, 22.3756942749024], [114.32541656494152, 22.3756942749024], [114.32541656494152, 22.37597274780279], [114.32458496093773, 22.37597274780279], [114.32458496093773, 22.376249313354606], [114.32402801513717, 22.376249313354606], [114.32402801513717, 22.37597274780279], [114.32319641113281, 22.37597274780279], [114.32319641113281, 22.376249313354606], [114.32291412353516, 22.376249313354606], [114.32291412353516, 22.376806259155387]]], [[[114.28819274902355, 22.380138397217024], [114.28791809082031, 22.380138397217024], [114.28791809082031, 22.37986183166504], [114.28736114501976, 22.37986183166504], [114.28736114501976, 22.379304885864258], [114.28791809082031, 22.379304885864258], [114.28791809082031, 22.37874984741211], [114.2884750366211, 22.37874984741211], [114.2884750366211, 22.37847137451189], [114.28902435302734, 22.37847137451189], [114.28902435302734, 22.37791633605957], [114.28930664062523, 22.37791633605957], [114.28930664062523, 22.378194808959904], [114.28958129882847, 22.378194808959904], [114.28958129882847, 22.3790283203125], [114.28930664062523, 22.3790283203125], [114.28930664062523, 22.37958335876465], [114.28819274902355, 22.37958335876465], [114.28819274902355, 22.380138397217024]]], [[[114.30791473388672, 22.380971908569393], [114.30735778808594, 22.380971908569393], [114.30735778808594, 22.380695343017805], [114.30708312988281, 22.380695343017805], [114.30708312988281, 22.380416870117415], [114.30764007568371, 22.380416870117415], [114.30764007568371, 22.379304885864258], [114.30735778808594, 22.379304885864258], [114.30735778808594, 22.3790283203125], [114.30764007568371, 22.3790283203125], [114.30764007568371, 22.378194808959904], [114.30791473388672, 22.378194808959904], [114.30791473388672, 22.377639770508097], [114.30819702148483, 22.377639770508097], [114.30819702148483, 22.377082824707145], [114.30791473388672, 22.377082824707145], [114.30791473388672, 22.376527786254996], [114.30764007568371, 22.376527786254996], [114.30764007568371, 22.37597274780279], [114.30735778808594, 22.37597274780279], [114.30735778808594, 22.375139236450423], [114.30708312988281, 22.375139236450423], [114.30708312988281, 22.374862670898438], [114.30652618408214, 22.374862670898438], [114.30652618408214, 22.375139236450423], [114.30625152587902, 22.375139236450423], [114.30625152587902, 22.3756942749024], [114.30596923828136, 22.3756942749024], [114.30596923828136, 22.376249313354606], [114.30625152587902, 22.376249313354606], [114.30625152587902, 22.377639770508097], [114.30652618408214, 22.377639770508097], [114.30652618408214, 22.378194808959904], [114.30625152587902, 22.378194808959904], [114.30625152587902, 22.3790283203125], [114.30596923828136, 22.3790283203125], [114.30596923828136, 22.37958335876465], [114.30486297607422, 22.37958335876465], [114.30486297607422, 22.37986183166504], [114.30458068847702, 22.37986183166504], [114.30458068847702, 22.380138397217024], [114.30347442626964, 22.380138397217024], [114.30347442626964, 22.380416870117415], [114.30291748046886, 22.380416870117415], [114.30291748046886, 22.380971908569393], [114.30208587646507, 22.380971908569393], [114.30208587646507, 22.380695343017805], [114.3009719848634, 22.380695343017805], [114.3009719848634, 22.380416870117415], [114.3004150390625, 22.380416870117415], [114.3004150390625, 22.376527786254996], [114.3001403808596, 22.376527786254996], [114.3001403808596, 22.375415802002067], [114.29985809326183, 22.375415802002067], [114.29985809326183, 22.375139236450423], [114.29958343505871, 22.375139236450423], [114.29958343505871, 22.374584197998047], [114.29985809326183, 22.374584197998047], [114.29985809326183, 22.37375068664568], [114.3001403808596, 22.37375068664568], [114.3001403808596, 22.373472213745117], [114.3004150390625, 22.373472213745117], [114.3004150390625, 22.372640609741325], [114.30069732666016, 22.372640609741325], [114.30069732666016, 22.371248245239258], [114.3009719848634, 22.371248245239258], [114.3009719848634, 22.370695114135856], [114.30069732666016, 22.370695114135856], [114.30069732666016, 22.368194580078125], [114.3012466430664, 22.368194580078125], [114.3012466430664, 22.367639541625977], [114.30152893066452, 22.367639541625977], [114.30152893066452, 22.367361068725756], [114.30208587646507, 22.367361068725756], [114.30208587646507, 22.367082595825195], [114.30236053466831, 22.367082595825195], [114.30236053466831, 22.366804122924805], [114.30291748046886, 22.366804122924805], [114.30291748046886, 22.366527557373047], [114.30347442626964, 22.366527557373047], [114.30347442626964, 22.366249084472656], [114.30430603027344, 22.366249084472656], [114.30430603027344, 22.365695953369254], [114.30458068847702, 22.365695953369254], [114.30458068847702, 22.364860534668253], [114.30486297607422, 22.364860534668253], [114.30486297607422, 22.364582061767692], [114.305419921875, 22.364582061767692], [114.305419921875, 22.3637504577639], [114.30569458007835, 22.3637504577639], [114.30569458007835, 22.36291694641136], [114.30596923828136, 22.36291694641136], [114.30596923828136, 22.361804962158203], [114.30625152587902, 22.361804962158203], [114.30625152587902, 22.361528396606445], [114.30596923828136, 22.361528396606445], [114.30596923828136, 22.36069488525385], [114.305419921875, 22.36069488525385], [114.305419921875, 22.360416412353516], [114.30513763427757, 22.360416412353516], [114.30513763427757, 22.35958290100109], [114.305419921875, 22.35958290100109], [114.305419921875, 22.358747482299805], [114.30569458007835, 22.358747482299805], [114.30569458007835, 22.358194351196346], [114.30596923828136, 22.358194351196346], [114.30596923828136, 22.357360839843977], [114.30569458007835, 22.357360839843977], [114.30569458007835, 22.35652732849144], [114.305419921875, 22.35652732849144], [114.305419921875, 22.355972290039062], [114.30513763427757, 22.355972290039062], [114.30513763427757, 22.35541534423828], [114.30430603027344, 22.35541534423828], [114.30430603027344, 22.355138778686523], [114.30403137207031, 22.355138778686523], [114.30403137207031, 22.354860305786133], [114.30374908447266, 22.354860305786133], [114.30374908447266, 22.35402870178234], [114.30347442626964, 22.35402870178234], [114.30347442626964, 22.352361679077205], [114.3031921386721, 22.352361679077205], [114.3031921386721, 22.352083206176815], [114.30347442626964, 22.352083206176815], [114.30347442626964, 22.351249694824446], [114.30374908447266, 22.351249694824446], [114.30374908447266, 22.35097312927246], [114.30403137207031, 22.35097312927246], [114.30403137207031, 22.350416183471907], [114.30458068847702, 22.350416183471907], [114.30458068847702, 22.34958267211914], [114.30486297607422, 22.34958267211914], [114.30486297607422, 22.349027633666992], [114.30513763427757, 22.349027633666992], [114.30513763427757, 22.3487491607666], [114.30486297607422, 22.3487491607666], [114.30486297607422, 22.348472595214957], [114.30513763427757, 22.348472595214957], [114.30513763427757, 22.34791755676281], [114.305419921875, 22.34791755676281], [114.305419921875, 22.34763908386242], [114.30569458007835, 22.34763908386242], [114.30569458007835, 22.34735870361328], [114.30625152587902, 22.34735870361328], [114.30625152587902, 22.34680557250988], [114.30652618408214, 22.34680557250988], [114.30652618408214, 22.34652709960949], [114.30680847167991, 22.34652709960949], [114.30680847167991, 22.346250534057845], [114.30708312988281, 22.346250534057845], [114.30708312988281, 22.345693588256893], [114.30764007568371, 22.345693588256893], [114.30764007568371, 22.34541893005371], [114.30819702148483, 22.34541893005371], [114.30819702148483, 22.34514045715349], [114.30920410156261, 22.34514045715349], [114.30930328369152, 22.34514045715349], [114.30930328369152, 22.345031738281364], [114.30930328369152, 22.34486198425293], [114.3095321655278, 22.34486198425293], [114.30986022949241, 22.34486198425293], [114.30986022949241, 22.34458351135254], [114.31014251708984, 22.34458351135254], [114.31014251708984, 22.3443355560305], [114.31014251708984, 22.344026565551985], [114.31041717529297, 22.344026565551985], [114.31041717529297, 22.343748092651595], [114.31069183349621, 22.343748092651595], [114.31069183349621, 22.34347152709978], [114.31097412109375, 22.34347152709978], [114.31097412109375, 22.343196868896598], [114.31153106689453, 22.343196868896598], [114.31153106689453, 22.34291648864746], [114.31236267089855, 22.34291648864746], [114.31236267089855, 22.343196868896598], [114.31263732910168, 22.343196868896598], [114.31263732910168, 22.34347152709978], [114.31291961669945, 22.34347152709978], [114.31291961669945, 22.34430503845215], [114.31346893310547, 22.34430503845215], [114.31346893310547, 22.34486198425293], [114.31375122070324, 22.34486198425293], [114.31375122070324, 22.345693588256893], [114.31430816650436, 22.345693588256893], [114.31430816650436, 22.34541893005371], [114.31513977050815, 22.34541893005371], [114.31513977050815, 22.34486198425293], [114.31541442871105, 22.34486198425293], [114.31541442871105, 22.34458351135254], [114.31597137451195, 22.34458351135254], [114.31597137451195, 22.344026565551985], [114.31625366210949, 22.344026565551985], [114.31625366210949, 22.343748092651595], [114.3165283203125, 22.343748092651595], [114.3165283203125, 22.343196868896598], [114.3184738159182, 22.343196868896598], [114.3184738159182, 22.342361450195426], [114.31819152832065, 22.342361450195426], [114.31819152832065, 22.342082977295036], [114.31708526611328, 22.342082977295036], [114.31708526611328, 22.342361450195426], [114.31680297851574, 22.342361450195426], [114.31680297851574, 22.342082977295036], [114.3165283203125, 22.342082977295036], [114.3165283203125, 22.340139389038313], [114.31625366210949, 22.340139389038313], [114.31625366210949, 22.339305877685774], [114.31597137451195, 22.339305877685774], [114.31597137451195, 22.339027404785384], [114.31569671630871, 22.339027404785384], [114.31569671630871, 22.33875083923357], [114.31541442871105, 22.33875083923357], [114.31541442871105, 22.33791732788086], [114.31569671630871, 22.33791732788086], [114.31569671630871, 22.337360382080078], [114.31597137451195, 22.337360382080078], [114.31597137451195, 22.336805343627873], [114.31625366210949, 22.336805343627873], [114.31625366210949, 22.33652687072754], [114.3165283203125, 22.33652687072754], [114.3165283203125, 22.33597373962408], [114.31680297851574, 22.33597373962408], [114.31680297851574, 22.335416793823356], [114.31708526611328, 22.335416793823356], [114.31708526611328, 22.332916259765852], [114.31764221191406, 22.332916259765852], [114.31764221191406, 22.332082748413086], [114.31791687011741, 22.332082748413086], [114.31791687011741, 22.331806182861328], [114.31819152832065, 22.331806182861328], [114.31819152832065, 22.330972671508903], [114.3184738159182, 22.330972671508903], [114.3184738159182, 22.33069419860834], [114.31819152832065, 22.33069419860834], [114.31819152832065, 22.33041572570795], [114.3184738159182, 22.33041572570795], [114.3184738159182, 22.329305648803825], [114.31874847412121, 22.329305648803825], [114.31874847412121, 22.32902526855463], [114.31903076171886, 22.32902526855463], [114.31903076171886, 22.32875061035179], [114.31874847412121, 22.32875061035179], [114.31874847412121, 22.32847213745123], [114.31930541992199, 22.32847213745123], [114.31930541992199, 22.327915191650447], [114.319580078125, 22.327915191650447], [114.319580078125, 22.326805114746094], [114.31986236572266, 22.326805114746094], [114.31986236572266, 22.326528549194336], [114.319580078125, 22.326528549194336], [114.319580078125, 22.326250076293945], [114.31986236572266, 22.326250076293945], [114.31986236572266, 22.325971603393725], [114.3215255737307, 22.325971603393725], [114.3215255737307, 22.326250076293945], [114.32180786132847, 22.326250076293945], [114.32180786132847, 22.326528549194336], [114.3220443725586, 22.326528549194336], [114.32263946533226, 22.326528549194336], [114.32263946533226, 22.326250076293945], [114.32347106933605, 22.326250076293945], [114.32347106933605, 22.326528549194336], [114.32402801513717, 22.326528549194336], [114.32402801513717, 22.326805114746094], [114.32458496093773, 22.326805114746094], [114.32458496093773, 22.326528549194336], [114.32485961914097, 22.326528549194336], [114.32485961914097, 22.326250076293945], [114.32541656494152, 22.326250076293945], [114.32541656494152, 22.325971603393725], [114.32569122314476, 22.325971603393725], [114.32569122314476, 22.325693130493164], [114.32597351074219, 22.325693130493164], [114.32597351074219, 22.325416564941406], [114.3268051147461, 22.325416564941406], [114.3268051147461, 22.325693130493164], [114.32707977294967, 22.325693130493164], [114.32707977294967, 22.325971603393725], [114.32736206054688, 22.325971603393725], [114.32736206054688, 22.326250076293945], [114.32763671875023, 22.326250076293945], [114.32763671875023, 22.326528549194336], [114.32786560058605, 22.326578140258903], [114.327919006348, 22.3266277313233], [114.327919006348, 22.326805114746094], [114.3281936645509, 22.326805114746094], [114.3281936645509, 22.32696914672863], [114.3281936645509, 22.32736015319847], [114.32847595214855, 22.327362060546875], [114.32847595214855, 22.32763862609886], [114.32882690429688, 22.32763862609886], [114.32902526855469, 22.32763862609886], [114.32902526855469, 22.327362060546875], [114.32986450195312, 22.327362060546875], [114.32986450195312, 22.32763862609886], [114.33041381835938, 22.32763862609886], [114.33041381835938, 22.32816886901867], [114.33041381835938, 22.32847213745123], [114.3301391601567, 22.32847213745123], [114.3301391601567, 22.32875061035179], [114.33041381835938, 22.32875061035179], [114.33041381835938, 22.33124732971214], [114.33069610595726, 22.33124732971214], [114.33069610595726, 22.334028244018782], [114.33041381835938, 22.334028244018782], [114.33041381835938, 22.33430480957037], [114.3301391601567, 22.33430480957037], [114.3301391601567, 22.33486175537115], [114.32986450195312, 22.33486175537115], [114.32986450195312, 22.335138320922965], [114.32958221435558, 22.335138320922965], [114.32958221435558, 22.335416793823356], [114.32930755615234, 22.335416793823356], [114.32930755615234, 22.33597373962408], [114.32902526855469, 22.33597373962408], [114.32902526855469, 22.336250305176065], [114.32875061035179, 22.336250305176065], [114.32875061035179, 22.33652687072754], [114.32847595214855, 22.33652687072754], [114.32847595214855, 22.337083816528263], [114.3281936645509, 22.337083816528263], [114.3281936645509, 22.337360382080078], [114.327919006348, 22.337360382080078], [114.327919006348, 22.33763885498047], [114.32763671875023, 22.33763885498047], [114.32763671875023, 22.338193893432617], [114.32736206054688, 22.338193893432617], [114.32736206054688, 22.338472366333008], [114.32707977294967, 22.338472366333008], [114.32707977294967, 22.339027404785384], [114.3268051147461, 22.339027404785384], [114.32674407958996, 22.33958244323736], [114.32653045654308, 22.33958244323736], [114.32653045654308, 22.340414047241325], [114.32624816894531, 22.340414047241325], [114.32624816894531, 22.340972900390682], [114.32597351074219, 22.340972900390682], [114.32597351074219, 22.341249465942496], [114.32485961914097, 22.341249465942496], [114.32485961914097, 22.341808319092024], [114.32458496093773, 22.341808319092024], [114.32458496093773, 22.342082977295036], [114.32430267333984, 22.342082977295036], [114.32430267333984, 22.34291648864746], [114.32458496093773, 22.34291648864746], [114.32458496093773, 22.34430503845215], [114.32485961914097, 22.34430503845215], [114.32485961914097, 22.34478187561035], [114.32485961914097, 22.344940185547102], [114.32485961914097, 22.34541893005371], [114.32458496093773, 22.34541893005371], [114.32458496093773, 22.345493316650504], [114.32458496093773, 22.345970153808707], [114.32430267333984, 22.345970153808707], [114.32430267333984, 22.346055984497013], [114.32430267333984, 22.34680557250988], [114.32402801513717, 22.34680557250988], [114.32402801513717, 22.34735870361328], [114.3251419067384, 22.34735870361328], [114.3251419067384, 22.34763908386242], [114.32528686523438, 22.34763908386242], [114.32597351074219, 22.34763908386242], [114.32597351074219, 22.348194122314396], [114.32612609863327, 22.348194122314396], [114.32624816894531, 22.348194122314396], [114.32624816894531, 22.3487491607666], [114.32616424560547, 22.3487491607666], [114.32597351074219, 22.3487491607666], [114.32597351074219, 22.349306106567383], [114.32624816894531, 22.349306106567383], [114.32624816894531, 22.350139617919922], [114.32653045654308, 22.350139617919922], [114.32653045654308, 22.350416183471907], [114.3268051147461, 22.350416183471907], [114.3268051147461, 22.35097312927246], [114.32707977294967, 22.35097312927246], [114.32707977294967, 22.351169586181697], [114.32707977294967, 22.35186958313011], [114.32707977294967, 22.35263824462902], [114.3268051147461, 22.35263824462902], [114.3268051147461, 22.35319328308117], [114.32707977294967, 22.35319328308117], [114.32707977294967, 22.35347175598156], [114.3268051147461, 22.35347175598156], [114.3268051147461, 22.353906631469727], [114.3268051147461, 22.35402870178234], [114.32707977294967, 22.35402870178234], [114.32707977294967, 22.354860305786133], [114.32736206054688, 22.354860305786133], [114.32736206054688, 22.355138778686523], [114.32763671875023, 22.355138778686523], [114.32763671875023, 22.355693817138672], [114.327919006348, 22.355693817138672], [114.327919006348, 22.35590934753418], [114.327919006348, 22.35680580139183], [114.32736206054688, 22.35680580139183], [114.32736206054688, 22.357360839843977], [114.3268051147461, 22.357360839843977], [114.3268051147461, 22.35763740539562], [114.32624816894531, 22.35763740539562], [114.32624816894531, 22.357915878296012], [114.32541656494152, 22.357915878296012], [114.32541656494152, 22.358194351196346], [114.32485961914097, 22.358194351196346], [114.32485961914097, 22.358472824096737], [114.32458496093773, 22.358472824096737], [114.32458496093773, 22.358747482299805], [114.32430267333984, 22.358747482299805], [114.32430267333984, 22.35902976989769], [114.3237533569336, 22.35902976989769], [114.3237533569336, 22.35958290100109], [114.32319641113281, 22.35958290100109], [114.32319641113281, 22.35986137390148], [114.32236480712902, 22.35986137390148], [114.32236480712902, 22.360139846802042], [114.32180786132847, 22.360141754150447], [114.32180786132847, 22.360416412353516], [114.32013702392578, 22.360416412353516], [114.32013702392578, 22.36069488525385], [114.31986236572266, 22.36069488525385], [114.31986236572266, 22.3612518310548], [114.319580078125, 22.3612518310548], [114.319580078125, 22.36236381530756], [114.31986236572266, 22.36236381530756], [114.31986236572266, 22.36263847351097], [114.32013702392578, 22.36263847351097], [114.32013702392578, 22.3637504577639], [114.32041931152355, 22.3637504577639], [114.32041931152355, 22.364027023315543], [114.32069396972656, 22.364027023315543], [114.32069396972656, 22.365972518921012], [114.32041931152355, 22.365972518921012], [114.32041931152355, 22.36677360534668], [114.32041931152355, 22.367361068725756], [114.32013702392578, 22.367361068725756], [114.32013702392578, 22.368194580078125], [114.31986236572266, 22.368194580078125], [114.31986236572266, 22.3687496185305], [114.319580078125, 22.3687496185305], [114.319580078125, 22.36958312988287], [114.31930541992199, 22.36958312988287], [114.31930541992199, 22.36986160278326], [114.31903076171886, 22.36986160278326], [114.31903076171886, 22.370416641235465], [114.3184738159182, 22.370416641235465], [114.3184738159182, 22.370695114135856], [114.31819152832065, 22.370695114135856], [114.31819152832065, 22.371248245239258], [114.31791687011741, 22.371248245239258], [114.31791687011741, 22.37153053283697], [114.31764221191406, 22.37153053283697], [114.31764221191406, 22.372083663940373], [114.31735992431686, 22.372083663940373], [114.31735992431686, 22.37299346923851], [114.31735992431686, 22.37375068664568], [114.31708526611328, 22.37375068664568], [114.31708526611328, 22.374027252197493], [114.31735992431686, 22.374027252197493], [114.31735992431686, 22.374584197998047], [114.31791687011741, 22.374584197998047], [114.31791687011741, 22.375415802002067], [114.31819152832065, 22.375415802002067], [114.31819152832065, 22.37597274780279], [114.3184738159182, 22.37597274780279], [114.3184738159182, 22.376249313354606], [114.31819152832065, 22.376249313354606], [114.31819152832065, 22.376806259155387], [114.31791687011741, 22.376806259155387], [114.31791687011741, 22.377082824707145], [114.31764221191406, 22.377082824707145], [114.31764221191406, 22.377639770508097], [114.31755828857433, 22.377639770508097], [114.31735992431686, 22.377639770508097], [114.31735992431686, 22.377756118774585], [114.31735992431686, 22.37847137451189], [114.31680297851574, 22.37847137451189], [114.31680297851574, 22.37874984741211], [114.31625366210949, 22.37874984741211], [114.31625366210949, 22.37847137451189], [114.31616973876964, 22.37847137451189], [114.3159866333009, 22.37847137451189], [114.31541442871105, 22.37847137451189], [114.31541442871105, 22.378194808959904], [114.31458282470703, 22.378194808959904], [114.31458282470703, 22.37791633605957], [114.31430816650436, 22.37791633605957], [114.31430816650436, 22.377639770508097], [114.31402587890625, 22.377639770508097], [114.31402587890625, 22.377082824707145], [114.31375122070324, 22.377082824707145], [114.31375122070324, 22.376806259155387], [114.31346893310547, 22.376806259155387], [114.31346893310547, 22.376527786254996], [114.31263732910168, 22.376527786254996], [114.31263732910168, 22.377082824707145], [114.31291961669945, 22.377082824707145], [114.31291961669945, 22.377361297607536], [114.31319427490234, 22.377361297607536], [114.31319427490234, 22.377639770508097], [114.31346893310547, 22.377639770508097], [114.31346893310547, 22.378194808959904], [114.31375122070324, 22.378194808959904], [114.31375122070324, 22.378646850585938], [114.31375122070324, 22.37874984741211], [114.31402587890625, 22.37874984741211], [114.31402587890625, 22.379304885864258], [114.31375122070324, 22.379304885864258], [114.31375122070324, 22.380138397217024], [114.31319427490234, 22.380138397217024], [114.31319427490234, 22.380416870117415], [114.31153106689453, 22.380416870117415], [114.31153106689453, 22.380138397217024], [114.31097412109375, 22.380138397217024], [114.31097412109375, 22.37986183166504], [114.30958557128918, 22.37986183166504], [114.30958557128918, 22.37958335876465], [114.30930328369152, 22.37958335876465], [114.30930328369152, 22.37986183166504], [114.30902862548862, 22.37986183166504], [114.30902862548862, 22.380138397217024], [114.30874633789085, 22.380138397217024], [114.30874633789085, 22.380416870117415], [114.3084716796875, 22.380416870117415], [114.3084716796875, 22.380695343017805], [114.30791473388672, 22.380695343017805], [114.30791473388672, 22.380971908569393]]], [[[114.28041839599643, 22.38180541992199], [114.27958679199264, 22.38180541992199], [114.27958679199264, 22.381526947021598], [114.27902984619152, 22.381526947021598], [114.27902984619152, 22.381250381469954], [114.27930450439453, 22.381250381469954], [114.27930450439453, 22.380971908569393], [114.27958679199264, 22.380971908569393], [114.27958679199264, 22.37986183166504], [114.27986145019531, 22.37986183166504], [114.27986145019531, 22.380138397217024], [114.28069305419933, 22.380138397217024], [114.28069305419933, 22.37986183166504], [114.28097534179699, 22.37986183166504], [114.28097534179699, 22.37874984741211], [114.28180694580078, 22.37874984741211], [114.28180694580078, 22.37847137451189], [114.28208160400402, 22.37847137451189], [114.28208160400402, 22.37874984741211], [114.28236389160156, 22.37874984741211], [114.28236389160156, 22.37847137451189], [114.28263854980514, 22.37847137451189], [114.28263854980514, 22.37986183166504], [114.28291320800781, 22.37986183166504], [114.28291320800781, 22.380416870117415], [114.28263854980514, 22.380416870117415], [114.28263854980514, 22.380695343017805], [114.28236389160156, 22.380695343017805], [114.28236389160156, 22.380416870117415], [114.28208160400402, 22.380416870117415], [114.28208160400402, 22.380695343017805], [114.28180694580078, 22.380695343017805], [114.28180694580078, 22.380971908569393], [114.28125000000023, 22.380971908569393], [114.28125000000023, 22.381250381469954], [114.28069305419933, 22.381250381469954], [114.28069305419933, 22.381526947021598], [114.28041839599643, 22.381526947021598], [114.28041839599643, 22.38180541992199]]], [[[113.87985992431652, 22.382080078125], [113.87708282470726, 22.382083892822322], [113.87708282470726, 22.38180541992199], [113.87680816650402, 22.38180541992199], [113.87680816650402, 22.380971908569393], [113.87708282470726, 22.380970001220817], [113.87708282470726, 22.37958335876465], [113.87735748291016, 22.37958335876465], [113.87735748291016, 22.379304885864258], [113.87875366210938, 22.379304885864258], [113.87875366210938, 22.3790283203125], [113.87930297851597, 22.3790283203125], [113.87930297851597, 22.37874984741211], [113.8795852661134, 22.37874984741211], [113.87959289550804, 22.37847137451189], [113.88041687011719, 22.37847137451189], [113.88041687011719, 22.378194808959904], [113.88097381591808, 22.378194808959904], [113.88097381591808, 22.37791633605957], [113.8812484741211, 22.37791633605957], [113.8812484741211, 22.377639770508097], [113.8815307617192, 22.377639770508097], [113.8815307617192, 22.377361297607536], [113.88180541992188, 22.37735939025879], [113.88180541992188, 22.376527786254996], [113.88208007812523, 22.376527786254996], [113.88208007812523, 22.374584197998047], [113.8815307617192, 22.374584197998047], [113.8815307617192, 22.374305725097884], [113.88097381591808, 22.374305725097884], [113.88097381591808, 22.372358322143782], [113.88069152832031, 22.372358322143782], [113.88069152832031, 22.371805191039982], [113.88041687011719, 22.371805191039982], [113.88041687011719, 22.370971679687614], [113.88014221191429, 22.370971679687614], [113.88014221191429, 22.370416641235465], [113.88041687011719, 22.370416641235465], [113.88041687011719, 22.37013626098627], [113.88097381591808, 22.37013626098627], [113.88097381591808, 22.36958312988287], [113.8826370239259, 22.36958312988287], [113.8826370239259, 22.36986160278326], [113.88291931152355, 22.36986160278326], [113.88291931152355, 22.37013626098627], [113.88319396972679, 22.37013626098627], [113.88319396972679, 22.370416641235465], [113.88346862792969, 22.370416641235465], [113.88346862792969, 22.370695114135856], [113.88375091552734, 22.370700836181584], [113.88375091552734, 22.371805191039982], [113.88402557373058, 22.371805191039982], [113.884033203125, 22.372640609741325], [113.88430786132812, 22.372640609741325], [113.88430786132812, 22.373193740844727], [113.8845825195317, 22.373193740844727], [113.8845825195317, 22.374027252197493], [113.88430786132812, 22.374027252197493], [113.88430786132812, 22.374305725097884], [113.88402557373058, 22.374305725097884], [113.88402557373058, 22.374584197998047], [113.88375091552734, 22.374584197998047], [113.88375091552734, 22.375415802002067], [113.88402557373058, 22.37541961669939], [113.88402557373058, 22.377361297607536], [113.88430786132812, 22.377361297607536], [113.88430786132812, 22.377639770508097], [113.8845825195317, 22.377639770508097], [113.8845825195317, 22.37791633605957], [113.8848648071289, 22.37791633605957], [113.8848648071289, 22.378194808959904], [113.88513946533226, 22.378194808959904], [113.88513946533226, 22.37847137451189], [113.8854141235355, 22.37847137451189], [113.8854141235355, 22.37958335876465], [113.88513946533226, 22.37958335876465], [113.88513946533226, 22.380138397217024], [113.8848648071289, 22.3801403045656], [113.88485717773438, 22.380416870117415], [113.88430786132812, 22.380416870117415], [113.88430786132812, 22.380695343017805], [113.882362365723, 22.380701065063533], [113.882362365723, 22.380971908569393], [113.8815307617192, 22.380971908569393], [113.8815307617192, 22.380695343017805], [113.8812484741211, 22.380701065063533], [113.8812484741211, 22.381250381469954], [113.88097381591808, 22.381250381469954], [113.88096618652355, 22.381526947021598], [113.88014221191429, 22.38153076171875], [113.88014221191429, 22.38180541992199], [113.87985992431652, 22.38180541992199], [113.87985992431652, 22.382080078125]]], [[[114.38597106933616, 22.40374946594261], [114.38513946533237, 22.40374946594261], [114.38513946533237, 22.403472900390625], [114.38486480712913, 22.403472900390625], [114.38486480712913, 22.402639389038086], [114.38513946533237, 22.402639389038086], [114.38513946533237, 22.401805877685547], [114.38541412353527, 22.401805877685547], [114.38541412353527, 22.40069389343256], [114.38652801513672, 22.40069389343256], [114.38652801513672, 22.403194427490234], [114.38625335693371, 22.403194427490234], [114.38625335693371, 22.403472900390625], [114.38597106933616, 22.403472900390625], [114.38597106933616, 22.40374946594261]]], [[[114.22264099121094, 22.440694808960075], [114.22291564941429, 22.440694808960075], [114.22291564941429, 22.440969467163086], [114.22319793701206, 22.440969467163086], [114.22319793701206, 22.4412517547608], [114.22180175781295, 22.4412517547608], [114.22180175781295, 22.440694808960075], [114.22152709960938, 22.440694808960075], [114.22152709960938, 22.439029693603686], [114.22125244140625, 22.439029693603686], [114.22125244140625, 22.438194274902344], [114.22152709960938, 22.438194274902344], [114.22152709960938, 22.43791580200218], [114.22235870361351, 22.43791580200218], [114.22235870361351, 22.438472747802734], [114.22264099121094, 22.438472747802734], [114.22264099121094, 22.439029693603686], [114.22319793701206, 22.439029693603686], [114.22319793701206, 22.439582824707088], [114.22291564941429, 22.439582824707088], [114.22291564941429, 22.439859390258903], [114.22264099121094, 22.439859390258903], [114.22264099121094, 22.440694808960075]]], [[[114.23236083984409, 22.45874977111845], [114.23069763183594, 22.45874977111845], [114.23069763183594, 22.458471298217887], [114.23041534423828, 22.458471298217887], [114.23041534423828, 22.45819473266613], [114.22985839843761, 22.45819473266613], [114.22985839843761, 22.45791625976574], [114.22958374023449, 22.45791625976574], [114.22957611083996, 22.457639694214095], [114.22902679443382, 22.457639694214095], [114.22902679443382, 22.457361221313533], [114.22875213623047, 22.457361221313533], [114.22875213623047, 22.457082748413143], [114.22846984863327, 22.457082748413143], [114.22846984863327, 22.456527709961165], [114.22791290283214, 22.456527709961165], [114.22791290283214, 22.45597267150879], [114.22736358642578, 22.45597267150879], [114.22736358642578, 22.454862594604435], [114.22708129882835, 22.454862594604435], [114.22708129882835, 22.45430564880371], [114.22680664062511, 22.45430564880371], [114.22680664062511, 22.453750610351676], [114.22652435302746, 22.453750610351676], [114.22652435302746, 22.452640533447322], [114.22624969482456, 22.452640533447322], [114.22624969482456, 22.452362060546932], [114.22552490234375, 22.452362060546932], [114.22541809082077, 22.452362060546932], [114.22541809082077, 22.45208358764654], [114.22486114501964, 22.45208358764654], [114.22486114501964, 22.451805114746207], [114.2245864868164, 22.451805114746207], [114.2245864868164, 22.451248168945426], [114.22402954101585, 22.451248168945426], [114.22402954101585, 22.45097160339361], [114.22374725341808, 22.45097160339361], [114.22374725341808, 22.450695037842024], [114.22319793701206, 22.450695037842024], [114.22319793701206, 22.449861526489258], [114.22347259521496, 22.449861526489258], [114.22347259521496, 22.449583053588867], [114.22374725341808, 22.449583053588867], [114.22374725341808, 22.44930648803711], [114.22430419921875, 22.449304580688477], [114.22430419921875, 22.449026107788313], [114.22486114501964, 22.449026107788313], [114.22486114501964, 22.448749542236328], [114.22569274902344, 22.448749542236328], [114.22569274902344, 22.449026107788313], [114.22624969482456, 22.449026107788313], [114.22624969482456, 22.449583053588867], [114.22652435302746, 22.449583053588867], [114.22652435302746, 22.449861526489258], [114.22708129882835, 22.449861526489258], [114.22708129882835, 22.450136184692496], [114.2276382446289, 22.450136184692496], [114.2276382446289, 22.450416564941634], [114.22791290283214, 22.450416564941634], [114.22791290283214, 22.450136184692496], [114.22819519042969, 22.450136184692496], [114.22820281982422, 22.450416564941634], [114.22930908203159, 22.450420379638786], [114.22930908203159, 22.450695037842024], [114.23014068603538, 22.450695037842024], [114.23014068603538, 22.45097160339361], [114.23041534423828, 22.45097160339361], [114.23042297363293, 22.451248168945426], [114.23069763183594, 22.451261520385742], [114.23069763183594, 22.45153045654297], [114.23097229003918, 22.45153045654297], [114.23097229003918, 22.451805114746207], [114.23124694824219, 22.451805114746207], [114.23124694824219, 22.45208358764654], [114.23180389404297, 22.45208358764654], [114.23180389404297, 22.452640533447322], [114.23208618164085, 22.452640533447322], [114.23208618164085, 22.453193664550724], [114.23236083984409, 22.453193664550724], [114.23236083984409, 22.45347023010254], [114.23263549804699, 22.45347023010254], [114.23263549804699, 22.45402717590332], [114.23291778564464, 22.45402717590332], [114.23291778564464, 22.45430564880371], [114.23319244384788, 22.45430564880371], [114.23319244384788, 22.454584121704045], [114.23347473144543, 22.454584121704045], [114.23347473144543, 22.45513916015625], [114.23374938964844, 22.45513916015625], [114.23374938964844, 22.455415725708235], [114.23402404785168, 22.455415725708235], [114.23402404785168, 22.4556941986084], [114.23430633544922, 22.4556941986084], [114.23430633544922, 22.456249237060774], [114.2345809936528, 22.45625114440918], [114.2345809936528, 22.456527709961165], [114.23430633544922, 22.456527709961165], [114.23430633544922, 22.457082748413143], [114.23402404785168, 22.457082748413143], [114.23402404785168, 22.457639694214095], [114.23374938964844, 22.457639694214095], [114.23374938964844, 22.45819473266613], [114.23291778564464, 22.45819473266613], [114.23291778564464, 22.458471298217887], [114.2327880859375, 22.458471298217887], [114.23236083984409, 22.458471298217887], [114.23236083984409, 22.45874977111845]]], [[[114.22180175781295, 22.463472366333065], [114.22125244140625, 22.463472366333065], [114.22125244140625, 22.463193893432674], [114.22069549560558, 22.463193893432674], [114.22069549560558, 22.462638854980696], [114.22041320800804, 22.462638854980696], [114.22041320800804, 22.462360382080305], [114.2201385498048, 22.462360382080305], [114.2201385498048, 22.46208381652832], [114.21986389160179, 22.46208381652832], [114.21986389160179, 22.461526870727766], [114.2201385498048, 22.461526870727766], [114.2201385498048, 22.460695266723633], [114.22041320800804, 22.460695266723633], [114.22041320800804, 22.46013832092285], [114.2209701538086, 22.46013832092285], [114.2209701538086, 22.459861755371207], [114.22264099121094, 22.459861755371207], [114.22264099121094, 22.46013832092285], [114.22374725341808, 22.46013832092285], [114.22374725341808, 22.461250305175952], [114.22347259521496, 22.461250305175952], [114.22347259521496, 22.461805343628157], [114.22319793701206, 22.461805343628157], [114.22319793701206, 22.46208381652832], [114.22291564941429, 22.46208381652832], [114.22291564941429, 22.462638854980696], [114.22264099121094, 22.462638854980696], [114.22264099121094, 22.46291542053234], [114.22208404541016, 22.46291542053234], [114.22208404541016, 22.463193893432674], [114.22180938720714, 22.463193893432674], [114.22180175781295, 22.463472366333065]]], [[[114.42819213867199, 22.467081069946516], [114.4268035888673, 22.467081069946516], [114.4268035888673, 22.46625137329113], [114.42708587646496, 22.466239929199446], [114.42708587646496, 22.465972900390568], [114.4273605346682, 22.465972900390568], [114.4273605346682, 22.465415954589844], [114.4276351928711, 22.465415954589844], [114.42764282226574, 22.465137481689453], [114.42791748046875, 22.465137481689453], [114.42791748046875, 22.46486091613781], [114.42819213867199, 22.46486091613781], [114.42819213867199, 22.46458244323742], [114.42903137207031, 22.46458244323742], [114.42903137207031, 22.465137481689453], [114.42874908447311, 22.465137481689453], [114.42874908447311, 22.465694427490178], [114.42847442626953, 22.465694427490178], [114.42847442626953, 22.465972900390568], [114.42819213867199, 22.465972900390568], [114.42819213867199, 22.467081069946516]]], [[[114.33125305175804, 22.48097229003912], [114.33069610595726, 22.48097229003912], [114.33069610595726, 22.480140686035156], [114.33041381835938, 22.480140686035156], [114.33041381835938, 22.4770832061767], [114.33069610595726, 22.4770832061767], [114.33069610595726, 22.476526260375977], [114.33125305175804, 22.476526260375977], [114.33125305175804, 22.47680473327631], [114.33180236816429, 22.47680473327631], [114.33180236816429, 22.4776363372805], [114.33208465576183, 22.4776363372805], [114.33208465576183, 22.48041725158714], [114.33180236816429, 22.48041725158714], [114.33180236816429, 22.48069381713873], [114.33125305175804, 22.48069381713873], [114.33125305175804, 22.48097229003912]]], [[[114.37152862548874, 22.484027862548828], [114.36985778808605, 22.484027862548828], [114.36985778808605, 22.483472824096623], [114.37014007568382, 22.483472824096623], [114.37014770507824, 22.4829158782959], [114.37097167968761, 22.4829158782959], [114.37097167968761, 22.482639312744425], [114.3718032836914, 22.482639312744425], [114.3718032836914, 22.48236274719244], [114.37264251709007, 22.48236274719244], [114.37264251709007, 22.483194351196232], [114.37152862548874, 22.483194351196232], [114.37152862548874, 22.484027862548828]]], [[[114.35986328125023, 22.486528396606673], [114.35930633544945, 22.486528396606673], [114.35930633544945, 22.486249923706282], [114.35874938964889, 22.486249923706282], [114.35874938964889, 22.48597145080572], [114.35847473144531, 22.48597145080572], [114.35847473144531, 22.485416412353743], [114.35791778564453, 22.485416412353743], [114.35791778564453, 22.48513984680193], [114.35763549804688, 22.485137939453352], [114.35763549804688, 22.48430633544922], [114.35708618164074, 22.48430633544922], [114.35708618164074, 22.483749389648438], [114.35680389404308, 22.483749389648438], [114.35680389404308, 22.483194351196232], [114.35624694824241, 22.483194351196232], [114.35624694824241, 22.4829158782959], [114.35541534423828, 22.4829158782959], [114.35541534423828, 22.48236274719244], [114.3548583984375, 22.48236274719244], [114.3548583984375, 22.482084274292106], [114.35458374023438, 22.482084274292106], [114.35458374023438, 22.481527328491325], [114.35346984863315, 22.481527328491325], [114.35346984863315, 22.48069381713873], [114.35319519042991, 22.48069381713873], [114.35319519042991, 22.480140686035156], [114.35346984863315, 22.480140686035156], [114.35346984863315, 22.479858398437614], [114.35375213623058, 22.479858398437614], [114.35375213623058, 22.479030609130973], [114.35402679443371, 22.479030609130973], [114.35402679443371, 22.4776363372805], [114.35430908203148, 22.4776363372805], [114.35430908203148, 22.476526260375977], [114.35458374023438, 22.476526260375977], [114.35458374023438, 22.476249694824503], [114.3548583984375, 22.476249694824503], [114.3548583984375, 22.475694656372184], [114.35541534423828, 22.475694656372184], [114.35541534423828, 22.475416183471793], [114.35569763183639, 22.475416183471793], [114.35569763183639, 22.475973129272518], [114.35680389404308, 22.475973129272518], [114.35680389404308, 22.475416183471793], [114.35736083984398, 22.475416183471793], [114.35736083984398, 22.47513961792015], [114.35763549804688, 22.47513961792015], [114.35763549804688, 22.474861145019588], [114.35791778564453, 22.474861145019588], [114.35791778564453, 22.474582672119197], [114.35763549804688, 22.474582672119197], [114.35763549804688, 22.471527099609375], [114.35858154296875, 22.471527099609375], [114.35874938964889, 22.471527099609375], [114.35874938964889, 22.47069358825678], [114.35847473144531, 22.47069358825678], [114.35847473144531, 22.4701385498048], [114.35819244384777, 22.4701385498048], [114.35819244384777, 22.467081069946516], [114.35791778564453, 22.467081069946516], [114.35791778564453, 22.46625137329113], [114.35819244384777, 22.46625137329113], [114.35819244384777, 22.465694427490178], [114.35874938964889, 22.465694427490178], [114.35874938964889, 22.465415954589844], [114.35930633544945, 22.465415954589844], [114.35930633544945, 22.465137481689453], [114.35951232910202, 22.465137481689453], [114.36013793945324, 22.465137481689453], [114.36013793945324, 22.46486091613781], [114.36152648925781, 22.46486091613781], [114.36152648925781, 22.465137481689453], [114.36180877685558, 22.465137481689453], [114.36180877685558, 22.465415954589844], [114.3620834350586, 22.465415954589844], [114.3620834350586, 22.465694427490178], [114.36235809326195, 22.465694427490178], [114.36235809326195, 22.46652984619152], [114.36264038085938, 22.46652984619152], [114.36264038085938, 22.466806411743164], [114.3634719848634, 22.466806411743164], [114.3634719848634, 22.467081069946516], [114.36402893066429, 22.467081069946516], [114.36402893066429, 22.46791648864769], [114.36430358886719, 22.46791648864769], [114.36430358886719, 22.468751907348633], [114.36458587646484, 22.468751907348633], [114.36458587646484, 22.469028472900618], [114.36430358886719, 22.469028472900618], [114.36430358886719, 22.469305038452262], [114.36402893066429, 22.469305038452262], [114.36402893066429, 22.469583511352596], [114.36374664306652, 22.469583511352596], [114.36374664306652, 22.47069358825678], [114.36402893066429, 22.47069358825678], [114.36402893066429, 22.47125053405773], [114.3651351928711, 22.47125053405773], [114.3651351928711, 22.471527099609375], [114.36569213867188, 22.471527099609375], [114.36569213867188, 22.471805572509766], [114.36597442626976, 22.471805572509766], [114.36597442626976, 22.472085952758903], [114.36653137207043, 22.472085952758903], [114.36653137207043, 22.472265243530444], [114.36653137207043, 22.472639083862305], [114.36680603027355, 22.472639083862305], [114.36680603027355, 22.47286415100126], [114.36680603027355, 22.473472595214844], [114.36708068847679, 22.473472595214844], [114.36708068847679, 22.47402763366722], [114.36736297607422, 22.47402763366722], [114.36736297607422, 22.474304199218807], [114.36763763427734, 22.474304199218807], [114.36763763427734, 22.474861145019588], [114.36791992187511, 22.474861145019588], [114.36791992187511, 22.47513961792015], [114.36763763427734, 22.47513961792015], [114.36763763427734, 22.475694656372184], [114.36736297607422, 22.475694656372184], [114.36736297607422, 22.475973129272518], [114.36708068847679, 22.475973129272518], [114.36708068847679, 22.476249694824503], [114.36680603027355, 22.476249694824503], [114.36680603027355, 22.47680473327631], [114.36653137207043, 22.47680473327631], [114.36653137207043, 22.4770832061767], [114.366249084473, 22.4770832061767], [114.366249084473, 22.4776363372805], [114.36597442626976, 22.4776363372805], [114.36597442626976, 22.477916717529297], [114.36569213867188, 22.477916717529297], [114.36569213867188, 22.478195190429688], [114.3654174804692, 22.478195190429688], [114.3654174804692, 22.478471755981445], [114.36486053466808, 22.478471755981445], [114.36486053466808, 22.47874832153343], [114.36458587646484, 22.47874832153343], [114.36458587646484, 22.479030609130973], [114.36430358886719, 22.479030609130973], [114.36430358886719, 22.47930526733421], [114.36402893066429, 22.47930526733421], [114.36402893066429, 22.48069381713873], [114.36430358886719, 22.48069381713873], [114.36430358886719, 22.48097229003912], [114.36458587646484, 22.48097229003912], [114.36458587646484, 22.481252670288086], [114.36486053466808, 22.481252670288086], [114.36486053466808, 22.482080459594727], [114.3651351928711, 22.482084274292106], [114.3651351928711, 22.4829158782959], [114.36486053466808, 22.4829158782959], [114.36486053466808, 22.483472824096623], [114.36458587646484, 22.483472824096623], [114.36458587646484, 22.484027862548828], [114.36430358886719, 22.484027862548828], [114.36430358886719, 22.48458480834961], [114.36402893066429, 22.48458480834961], [114.36402893066429, 22.485137939453352], [114.3634719848634, 22.48513984680193], [114.3634719848634, 22.485416412353743], [114.36291503906273, 22.485416412353743], [114.36291503906273, 22.485694885254134], [114.3620834350586, 22.485694885254134], [114.3620834350586, 22.48597145080572], [114.36096954345703, 22.48597145080572], [114.36096954345703, 22.486249923706282], [114.35986328125023, 22.486249923706282], [114.35986328125023, 22.486528396606673]]], [[[114.35930633544945, 22.50513839721691], [114.35874938964889, 22.50513839721691], [114.35874176025436, 22.504583358764705], [114.35847473144531, 22.504583358764705], [114.35847473144531, 22.50430488586437], [114.35791778564453, 22.50430488586437], [114.35791778564453, 22.50402641296398], [114.35680389404308, 22.50402641296398], [114.35680389404308, 22.503749847412337], [114.35624694824241, 22.503749847412337], [114.35624694824241, 22.502916336059798], [114.35652923584018, 22.502916336059798], [114.35652923584018, 22.502639770507983], [114.35708618164074, 22.502639770507983], [114.35708618164074, 22.502361297607422], [114.35680389404308, 22.502361297607422], [114.35680389404308, 22.50208282470703], [114.35708618164074, 22.50208282470703], [114.35708618164074, 22.500972747802678], [114.35597229003906, 22.500972747802678], [114.35597229003906, 22.500694274902287], [114.35541534423828, 22.500694274902287], [114.35540771484375, 22.500415802001953], [114.35514068603527, 22.500415802001953], [114.35514068603527, 22.49958419799816], [114.35563659667991, 22.49958419799816], [114.35571289062511, 22.49930572509777], [114.35624694824241, 22.49930572509777], [114.35624694824241, 22.498472213745174], [114.35680389404308, 22.498472213745174], [114.35680389404308, 22.498193740844783], [114.35708618164074, 22.498193740844783], [114.35708618164074, 22.497917175293196], [114.35736083984398, 22.497917175293196], [114.35736083984398, 22.497638702392805], [114.35763549804688, 22.497638702392805], [114.35763549804688, 22.49708366394043], [114.35736083984398, 22.49708366394043], [114.35736083984398, 22.496805191040266], [114.35708618164074, 22.496805191040266], [114.35708618164074, 22.49652862548828], [114.35736083984398, 22.49652862548828], [114.35736083984398, 22.49625015258806], [114.35763549804688, 22.49625015258806], [114.35763549804688, 22.495973587036076], [114.35847473144531, 22.495973587036076], [114.35847473144531, 22.49625015258806], [114.35930633544945, 22.49625015258806], [114.35930633544945, 22.495973587036076], [114.36069488525402, 22.495973587036076], [114.36069488525402, 22.49625015258806], [114.36096954345703, 22.49625015258806], [114.36096954345703, 22.49652862548828], [114.36125183105469, 22.496530532837028], [114.36125183105469, 22.49986076354992], [114.36152648925781, 22.49986076354992], [114.36152648925781, 22.50013923645048], [114.36180877685558, 22.500141143798885], [114.36180877685558, 22.500415802001953], [114.36235809326195, 22.500415802001953], [114.36235809326195, 22.50208282470703], [114.36291503906273, 22.50208282470703], [114.36291503906273, 22.502361297607422], [114.3631973266605, 22.502361297607422], [114.3631973266605, 22.502639770507983], [114.36402893066429, 22.502639770507983], [114.36402893066429, 22.502916336059798], [114.36458587646484, 22.502916336059798], [114.36458587646484, 22.50319480896019], [114.36486053466808, 22.50319480896019], [114.36486053466808, 22.503471374511776], [114.3651351928711, 22.503471374511776], [114.3651351928711, 22.504583358764705], [114.36486053466808, 22.504583358764705], [114.36486053466808, 22.504861831665096], [114.36430358886719, 22.504861831665096], [114.36430358886719, 22.504583358764705], [114.36402893066429, 22.504583358764705], [114.36402893066429, 22.50430488586437], [114.3634719848634, 22.50430488586437], [114.3634719848634, 22.50402641296398], [114.36264038085938, 22.50402641296398], [114.36264038085938, 22.50430488586437], [114.36125183105469, 22.50430488586437], [114.36125183105469, 22.504583358764705], [114.36069488525402, 22.504583358764705], [114.36069488525402, 22.504861831665096], [114.35930633544945, 22.504861831665096], [114.35930633544945, 22.50513839721691]]], [[[114.28652954101597, 22.521251678466797], [114.28514099121105, 22.521251678466797], [114.28514099121105, 22.520969390869254], [114.28485870361328, 22.520969390869254], [114.28485870361328, 22.520694732666243], [114.28514099121105, 22.520694732666243], [114.28514099121105, 22.519582748413086], [114.28541564941406, 22.519582748413086], [114.28541564941406, 22.519306182861328], [114.28597259521484, 22.519306182861328], [114.28597259521484, 22.519029617309684], [114.2884750366211, 22.519029617309684], [114.2884750366211, 22.519306182861328], [114.28874969482467, 22.519306182861328], [114.28874969482467, 22.520416259765852], [114.28819274902355, 22.520416259765852], [114.28819274902355, 22.520694732666243], [114.28680419921886, 22.520694732666243], [114.28680419921886, 22.520969390869254], [114.28652954101597, 22.520969390869254], [114.28652954101597, 22.521251678466797]]], [[[114.32013702392578, 22.53736114501953], [114.3184738159182, 22.53736114501953], [114.3184738159182, 22.53708267211914], [114.31819152832065, 22.53708267211914], [114.31819152832065, 22.536806106567383], [114.31791687011741, 22.536806106567383], [114.31791687011741, 22.536527633666992], [114.31764221191406, 22.536527633666992], [114.31764221191406, 22.535694122314396], [114.31735992431686, 22.535694122314396], [114.31735992431686, 22.53458404541027], [114.31764221191406, 22.53458404541027], [114.31764221191406, 22.533470153808878], [114.31791687011741, 22.533470153808878], [114.31791687011741, 22.53264045715332], [114.31819152832065, 22.53264045715332], [114.31819152832065, 22.531805038452376], [114.31791687011741, 22.531805038452376], [114.31791687011741, 22.53097152709961], [114.31764221191406, 22.53097152709961], [114.31764221191406, 22.53041648864746], [114.31735992431686, 22.53041648864746], [114.31735992431686, 22.529582977294865], [114.31708526611328, 22.529582977294865], [114.31708526611328, 22.529306411743278], [114.3165283203125, 22.529306411743278], [114.3165283203125, 22.529027938842887], [114.31513977050815, 22.529027938842887], [114.31513977050815, 22.529306411743278], [114.31458282470703, 22.529306411743278], [114.31458282470703, 22.529861450195426], [114.31430816650436, 22.529861450195426], [114.31430816650436, 22.53041648864746], [114.31402587890625, 22.53041648864746], [114.31402587890625, 22.53097152709961], [114.31375122070324, 22.53097152709961], [114.31375122070324, 22.531196594238395], [114.31375122070324, 22.531530380249137], [114.31346893310547, 22.531530380249137], [114.31346893310547, 22.53208351135254], [114.31319427490234, 22.53208351135254], [114.31319427490234, 22.532360076904524], [114.31291961669945, 22.532360076904524], [114.31291961669945, 22.53291893005388], [114.31263732910168, 22.53291893005388], [114.31263732910168, 22.533470153808878], [114.31236267089855, 22.533470153808878], [114.31236267089855, 22.533748626709098], [114.31180572509788, 22.533748626709098], [114.31180572509788, 22.53402709960949], [114.31097412109375, 22.53402709960949], [114.31097412109375, 22.53430557250988], [114.31041717529297, 22.53430557250988], [114.31041717529297, 22.53458404541027], [114.30986022949241, 22.53458404541027], [114.30986022949241, 22.534862518310604], [114.30958557128918, 22.534862518310604], [114.30958557128918, 22.53513908386259], [114.30902862548862, 22.53513908386259], [114.30902862548862, 22.53458404541027], [114.30874633789085, 22.53458404541027], [114.30874633789085, 22.53402709960949], [114.3084716796875, 22.53402709960949], [114.3084716796875, 22.533470153808878], [114.30819702148483, 22.533470153808878], [114.30819702148483, 22.533193588256893], [114.30791473388672, 22.533193588256893], [114.30791473388672, 22.53291893005388], [114.30819702148483, 22.53291893005388], [114.30819702148483, 22.53264045715332], [114.30791473388672, 22.53264045715332], [114.30791473388672, 22.531248092651595], [114.30819702148483, 22.531248092651595], [114.30819702148483, 22.528749465942667], [114.30902862548862, 22.528749465942667], [114.30902862548862, 22.528194427490348], [114.31041717529297, 22.528194427490348], [114.31041717529297, 22.527914047241154], [114.31097412109375, 22.527914047241154], [114.31097412109375, 22.527639389038313], [114.31153106689453, 22.527639389038313], [114.31153106689453, 22.527360916137752], [114.31208038330112, 22.527360916137752], [114.31208038330112, 22.52708244323736], [114.31236267089855, 22.52708244323736], [114.31236267089855, 22.526805877685774], [114.31253814697288, 22.526805877685774], [114.31319427490234, 22.526805877685774], [114.31319427490234, 22.526527404785384], [114.31346893310547, 22.526527404785384], [114.31346893310547, 22.5262508392334], [114.31364440917969, 22.5262508392334], [114.31375122070324, 22.5262508392334], [114.31375122070324, 22.525972366333008], [114.31402587890625, 22.525972366333008], [114.31402587890625, 22.52569580078125], [114.31458282470703, 22.52568054199213], [114.31458282470703, 22.52541732788086], [114.31513977050815, 22.52541732788086], [114.31513977050815, 22.525123596191406], [114.31513977050815, 22.52486038208025], [114.31541442871105, 22.524848937988338], [114.31541442871105, 22.524583816528263], [114.31568145751964, 22.524583816528263], [114.31625366210949, 22.524583816528263], [114.31625366210949, 22.52430534362793], [114.31735992431686, 22.52430534362793], [114.31735992431686, 22.524583816528263], [114.31819152832065, 22.524583816528263], [114.31819152832065, 22.52430534362793], [114.3184738159182, 22.52430534362793], [114.3184738159182, 22.523750305175895], [114.31874847412121, 22.523750305175895], [114.31874847412121, 22.523473739624137], [114.3184738159182, 22.523473739624137], [114.3184738159182, 22.523195266723746], [114.31874847412121, 22.523195266723746], [114.31874847412121, 22.522916793823356], [114.32013702392578, 22.522916793823356], [114.32013702392578, 22.523195266723746], [114.32032775878906, 22.523195266723746], [114.32069396972656, 22.523195266723746], [114.32069396972656, 22.523473739624137], [114.32096862792991, 22.523473739624137], [114.32096862792991, 22.52430534362793], [114.32180786132847, 22.52430534362793], [114.32180786132847, 22.524583816528263], [114.3215255737307, 22.524583816528263], [114.3215255737307, 22.52513885498047], [114.32125091552734, 22.52513885498047], [114.32125091552734, 22.52569580078125], [114.32096862792991, 22.52569580078125], [114.32096862792991, 22.525972366333008], [114.32069396972656, 22.525972366333008], [114.32069396972656, 22.526527404785384], [114.32041931152355, 22.526527404785384], [114.32041931152355, 22.52708244323736], [114.32013702392578, 22.52708244323736], [114.32013702392578, 22.529027938842887], [114.32041931152355, 22.529027938842887], [114.32041931152355, 22.531248092651595], [114.32096862792991, 22.531248092651595], [114.32096862792991, 22.531530380249137], [114.3215255737307, 22.531530380249137], [114.3215255737307, 22.533748626709098], [114.32125091552734, 22.533748626709098], [114.32125091552734, 22.53430557250988], [114.32096862792991, 22.53430557250988], [114.32096862792991, 22.534862518310604], [114.32069396972656, 22.534862518310604], [114.32069396972656, 22.53541755676281], [114.32041931152355, 22.53541755676281], [114.32041931152355, 22.535949707031534], [114.32041931152355, 22.536527633666992], [114.32013702392578, 22.536527633666992], [114.32013702392578, 22.53736114501953]]], [[[114.22624969482456, 22.54013824462902], [114.22597503662132, 22.54013824462902], [114.22597503662132, 22.539861679077205], [114.22541809082077, 22.539861679077205], [114.22541809082077, 22.539583206176815], [114.2245864868164, 22.539583206176815], [114.2245864868164, 22.53930473327648], [114.22402954101585, 22.53930473327648], [114.22402954101585, 22.539028167724837], [114.22374725341808, 22.539028167724837], [114.22374725341808, 22.538749694824446], [114.22208404541016, 22.538749694824446], [114.22208404541016, 22.53847312927246], [114.22152709960938, 22.53847312927246], [114.22152709960938, 22.537916183471907], [114.22180175781295, 22.537916183471907], [114.22180175781295, 22.53736114501953], [114.22208404541016, 22.53736114501953], [114.22208404541016, 22.53708267211914], [114.22235870361351, 22.53708267211914], [114.22235870361351, 22.536806106567383], [114.22264099121094, 22.536806106567383], [114.22264099121094, 22.5362491607666], [114.22291564941429, 22.5362491607666], [114.22292327880882, 22.535972595214787], [114.22486114501964, 22.535972595214787], [114.22486114501964, 22.5362491607666], [114.22513580322266, 22.536251068115348], [114.22513580322266, 22.536527633666992], [114.22569274902344, 22.53652954101574], [114.22569274902344, 22.536806106567383], [114.22624969482456, 22.536809921264705], [114.22624969482456, 22.53736114501953], [114.22652435302746, 22.53736114501953], [114.22652435302746, 22.537916183471907], [114.22708129882835, 22.537916183471907], [114.22708129882835, 22.538194656372298], [114.22680664062511, 22.538194656372298], [114.22680664062511, 22.538749694824446], [114.22708129882835, 22.538749694824446], [114.22708129882835, 22.539028167724837], [114.22680664062511, 22.539028167724837], [114.22680664062511, 22.53930473327648], [114.22652435302746, 22.53930473327648], [114.22652435302746, 22.539861679077205], [114.22624969482456, 22.539861679077205], [114.22624969482456, 22.54013824462902]]], [[[114.30874633789085, 22.542083740234318], [114.30708312988281, 22.542083740234318], [114.30708312988281, 22.541805267333984], [114.30652618408214, 22.541805267333984], [114.30652618408214, 22.54152870178251], [114.30625152587902, 22.54152870178251], [114.30625152587902, 22.54125022888195], [114.30569458007835, 22.54125022888195], [114.30568695068371, 22.54097175598156], [114.305419921875, 22.54097175598156], [114.30538940429699, 22.54041671752941], [114.30486297607422, 22.54041671752941], [114.30486297607422, 22.54013824462902], [114.30513763427757, 22.54013824462902], [114.30513763427757, 22.53847312927246], [114.305419921875, 22.53847312927246], [114.305419921875, 22.537916183471907], [114.30513763427757, 22.537916183471907], [114.30513763427757, 22.53736114501953], [114.30569458007835, 22.53736114501953], [114.30569458007835, 22.53708267211914], [114.30680847167991, 22.53708267211914], [114.30680847167991, 22.53736114501953], [114.30708312988281, 22.53736114501953], [114.30708312988281, 22.537639617920092], [114.30764007568371, 22.537639617920092], [114.30764007568371, 22.538194656372298], [114.30819702148483, 22.538194656372298], [114.30819702148483, 22.53847312927246], [114.3084716796875, 22.53847312927246], [114.3084716796875, 22.538749694824446], [114.30874633789085, 22.538749694824446], [114.30874633789085, 22.539028167724837], [114.30902862548862, 22.539028167724837], [114.30902862548862, 22.53930473327648], [114.30930328369152, 22.53930473327648], [114.30930328369152, 22.539583206176815], [114.30986022949241, 22.539583206176815], [114.30986022949241, 22.539861679077205], [114.31041717529297, 22.539861679077205], [114.31041717529297, 22.54013824462902], [114.31069183349621, 22.540140151977596], [114.31069183349621, 22.54041671752941], [114.31041717529297, 22.54041671752941], [114.31041717529297, 22.54097175598156], [114.31014251708984, 22.54097175598156], [114.31014251708984, 22.54125022888195], [114.30986022949241, 22.54125022888195], [114.30986022949241, 22.54152870178251], [114.30930328369152, 22.54152870178251], [114.30930328369152, 22.541805267333984], [114.30874633789085, 22.541805267333984], [114.30874633789085, 22.542083740234318]]], [[[114.33069610595726, 22.542638778686523], [114.32958221435558, 22.542638778686523], [114.32958221435558, 22.542360305786303], [114.32930755615234, 22.542360305786303], [114.32930755615234, 22.542083740234318], [114.32902526855469, 22.542083740234318], [114.32902526855469, 22.54125022888195], [114.32930755615234, 22.54125022888195], [114.32930755615234, 22.5406951904298], [114.32986450195312, 22.5406951904298], [114.32986450195312, 22.539861679077205], [114.3301391601567, 22.539861679077205], [114.3301391601567, 22.53930473327648], [114.33069610595726, 22.53930473327648], [114.33069610595726, 22.539583206176815], [114.33125305175804, 22.539583206176815], [114.33125305175804, 22.540012359619197], [114.33125305175804, 22.54041671752941], [114.33152770996105, 22.54041671752941], [114.33152770996105, 22.54097175598156], [114.33180236816429, 22.54097175598156], [114.33180236816429, 22.54125022888195], [114.33125305175804, 22.54125022888195], [114.33125305175804, 22.542083740234318], [114.3309707641605, 22.542083740234318], [114.3309707641605, 22.542360305786303], [114.33069610595726, 22.542360305786303], [114.33069610595726, 22.542638778686523]]], [[[114.43013763427746, 22.552917480468864], [114.42930603027366, 22.552917480468864], [114.42930603027366, 22.552639007568644], [114.42874908447311, 22.552639007568644], [114.42874908447311, 22.552360534668082], [114.42819213867199, 22.552360534668082], [114.42819213867199, 22.552082061767692], [114.4276351928711, 22.552082061767692], [114.4276351928711, 22.551805496215934], [114.42624664306663, 22.551805496215934], [114.42624664306663, 22.551527023315543], [114.42569732666061, 22.551527023315543], [114.42569732666061, 22.55069541931175], [114.4254150390625, 22.550693511962947], [114.4254150390625, 22.549863815307617], [114.42514038085949, 22.549863815307617], [114.42514038085949, 22.54930496215843], [114.42485809326172, 22.54930496215843], [114.42485809326172, 22.549028396606445], [114.4245834350586, 22.549028396606445], [114.4245834350586, 22.54846954345726], [114.42402648925793, 22.54846954345726], [114.42402648925793, 22.54763984680187], [114.4245834350586, 22.54763984680187], [114.4245834350586, 22.547359466552734], [114.42485809326172, 22.547359466552734], [114.42485809326172, 22.54708290100092], [114.42514038085949, 22.54708290100092], [114.42514038085949, 22.546247482299805], [114.4254150390625, 22.546247482299805], [114.4254150390625, 22.545415878296012], [114.42514038085949, 22.545415878296012], [114.42514038085949, 22.54513740539562], [114.42485809326172, 22.54513740539562], [114.42485809326172, 22.54458427429222], [114.42514038085949, 22.544582366943416], [114.42514038085949, 22.543750762939453], [114.4254150390625, 22.543750762939453], [114.4254150390625, 22.543472290039062], [114.42569732666061, 22.543472290039062], [114.42569732666061, 22.542638778686523], [114.42597198486328, 22.542638778686523], [114.42597198486328, 22.542083740234318], [114.42624664306663, 22.542083740234318], [114.42624664306663, 22.541805267333984], [114.4265289306644, 22.541805267333984], [114.4265289306644, 22.54152870178251], [114.4268035888673, 22.54152870178251], [114.4268035888673, 22.54097175598156], [114.42708587646496, 22.54097175598156], [114.42708587646496, 22.5406951904298], [114.4273605346682, 22.5406951904298], [114.4273605346682, 22.54041671752941], [114.42819213867199, 22.54041671752941], [114.42819213867199, 22.5406951904298], [114.42930603027366, 22.5406951904298], [114.42930603027366, 22.54041671752941], [114.4295806884769, 22.54041671752941], [114.4295806884769, 22.54013824462902], [114.43013763427746, 22.54013824462902], [114.43013763427746, 22.539861679077205], [114.43069458007824, 22.539861679077205], [114.43069458007824, 22.539583206176815], [114.4312515258789, 22.539583206176815], [114.4312515258789, 22.53930473327648], [114.43152618408203, 22.53930473327648], [114.43152618408203, 22.539028167724837], [114.43208312988281, 22.539028167724837], [114.43208312988281, 22.538749694824446], [114.4326400756836, 22.538749694824446], [114.4326400756836, 22.53847312927246], [114.43319702148472, 22.53847312927246], [114.43319702148472, 22.538194656372298], [114.43374633789074, 22.538194656372298], [114.43374633789074, 22.537916183471907], [114.43402862548851, 22.537916183471907], [114.43402862548851, 22.53736114501953], [114.43541717529342, 22.53736114501953], [114.43541717529342, 22.537639617920092], [114.43653106689464, 22.537639617920092], [114.43653106689464, 22.537916183471907], [114.43902587890648, 22.537916183471907], [114.43902587890648, 22.538194656372298], [114.43930816650425, 22.538194656372298], [114.43930816650425, 22.53847312927246], [114.43958282470714, 22.53847312927246], [114.43958282470714, 22.539028167724837], [114.43985748291027, 22.539028167724837], [114.43985748291027, 22.539583206176815], [114.44013977050804, 22.539583206176815], [114.44013977050804, 22.539861679077205], [114.4406967163086, 22.539861679077205], [114.4406967163086, 22.54013824462902], [114.44097137451183, 22.54013824462902], [114.44097137451183, 22.54125022888195], [114.44041442871094, 22.54125022888195], [114.44041442871094, 22.54152870178251], [114.43958282470714, 22.54152870178251], [114.43958282470714, 22.541805267333984], [114.43902587890648, 22.541805267333984], [114.43902587890648, 22.542083740234318], [114.43763732910156, 22.542083740234318], [114.43763732910156, 22.541805267333984], [114.43736267089844, 22.541805267333984], [114.43736267089844, 22.54152870178251], [114.43680572509777, 22.54152870178251], [114.43680572509777, 22.54125022888195], [114.43597412109398, 22.54125022888195], [114.43597412109398, 22.54152870178251], [114.4356918334961, 22.54152870178251], [114.4356918334961, 22.541805267333984], [114.43541717529342, 22.541805267333984], [114.43541717529342, 22.542083740234318], [114.43514251708984, 22.542083740234318], [114.43514251708984, 22.542360305786303], [114.4348602294923, 22.542360305786303], [114.4348602294923, 22.542638778686523], [114.4343032836914, 22.542638778686523], [114.4343032836914, 22.54291534423851], [114.43374633789074, 22.54291534423851], [114.43374633789074, 22.543193817138672], [114.43347167968761, 22.543193817138672], [114.43347167968761, 22.543472290039062], [114.43319702148472, 22.543472290039062], [114.43319702148472, 22.54402732849144], [114.43291473388695, 22.54402732849144], [114.43291473388695, 22.54430580139183], [114.4326400756836, 22.54430580139183], [114.4326400756836, 22.54458427429222], [114.43152618408203, 22.54458427429222], [114.43152618408203, 22.544860839843807], [114.4312515258789, 22.544860839843807], [114.4312515258789, 22.54513740539562], [114.43096923828125, 22.54513740539562], [114.43096923828125, 22.545415878296012], [114.43069458007824, 22.545415878296012], [114.43069458007824, 22.545972824096737], [114.43041992187511, 22.545972824096737], [114.43041992187511, 22.54846954345726], [114.43013763427746, 22.54846954345726], [114.43013763427746, 22.54875183105463], [114.42986297607445, 22.54881477355957], [114.42986297607445, 22.549863815307617], [114.43013763427746, 22.549863815307617], [114.43013763427746, 22.55097389221214], [114.43041992187511, 22.55097389221214], [114.43041992187511, 22.552082061767692], [114.43013763427746, 22.552082061767692], [114.43013763427746, 22.552360534668082], [114.43041992187511, 22.552360534668082], [114.43041992187511, 22.552639007568644], [114.43013763427746, 22.552639007568644], [114.43013763427746, 22.552917480468864]]], [[[114.29319763183628, 22.555139541626147], [114.28986358642601, 22.555139541626147], [114.28985595703136, 22.554582595825195], [114.28958129882847, 22.554582595825195], [114.28958129882847, 22.554304122924805], [114.28902435302734, 22.554304122924805], [114.28902435302734, 22.554027557373047], [114.28874969482467, 22.554027557373047], [114.28874969482467, 22.55347251892084], [114.2884750366211, 22.55347251892084], [114.2884750366211, 22.553749084472656], [114.28819274902355, 22.553749084472656], [114.28819274902355, 22.55347251892084], [114.28791809082031, 22.55347251892084], [114.28789520263672, 22.551805496215934], [114.28763580322266, 22.551805496215934], [114.28763580322266, 22.55097389221214], [114.28791809082031, 22.55097389221214], [114.28791809082031, 22.550693511962947], [114.28819274902355, 22.550693511962947], [114.28819274902355, 22.55013847351097], [114.2884750366211, 22.55013847351097], [114.28848266601562, 22.549863815307617], [114.28902435302734, 22.549863815307617], [114.28902435302734, 22.549583435058594], [114.28930664062523, 22.549583435058594], [114.28930664062523, 22.549028396606445], [114.28938293457065, 22.549028396606445], [114.28958129882847, 22.549028396606445], [114.28958129882847, 22.54875183105463], [114.28902435302734, 22.54875183105463], [114.28901672363281, 22.548194885253906], [114.28874969482467, 22.548194885253906], [114.28874969482467, 22.547916412353516], [114.28763580322266, 22.547916412353516], [114.28763580322266, 22.548194885253906], [114.28680419921886, 22.548194885253906], [114.2867660522461, 22.547916412353516], [114.2862472534182, 22.547916412353516], [114.2862472534182, 22.546806335449332], [114.28680419921886, 22.546806335449332], [114.28680419921886, 22.546529769897518], [114.28708648681652, 22.546529769897518], [114.28708648681652, 22.546247482299805], [114.28763580322266, 22.546247482299805], [114.28763580322266, 22.545972824096737], [114.28819274902355, 22.545972824096737], [114.28819274902355, 22.545415878296012], [114.2884750366211, 22.545415878296012], [114.28848266601562, 22.544860839843807], [114.28874969482467, 22.544860839843807], [114.28874969482467, 22.54458427429222], [114.28930664062523, 22.544582366943416], [114.28930664062523, 22.54430580139183], [114.28986358642601, 22.54430580139183], [114.28986358642601, 22.54402732849144], [114.29013824462902, 22.54402732849144], [114.29013824462902, 22.543750762939453], [114.2906951904298, 22.543750762939453], [114.2906951904298, 22.54291534423851], [114.29125213623047, 22.54291534423851], [114.29125213623047, 22.542638778686523], [114.29180908203136, 22.542638778686523], [114.29180908203136, 22.542083740234318], [114.29208374023438, 22.542083740234318], [114.29208374023438, 22.541805267333984], [114.29264068603516, 22.541805267333984], [114.29264831542969, 22.54097175598156], [114.29319763183628, 22.54097175598156], [114.29319763183628, 22.5406951904298], [114.29347229003918, 22.5406951904298], [114.29347229003918, 22.54013824462902], [114.2937469482423, 22.54013824462902], [114.2937469482423, 22.539861679077205], [114.29402923584007, 22.539861679077205], [114.29402923584007, 22.53930473327648], [114.2937469482423, 22.53930473327648], [114.2937469482423, 22.539028167724837], [114.29347229003918, 22.539028167724837], [114.29347229003918, 22.538749694824446], [114.29291534423851, 22.538749694824446], [114.29291534423851, 22.53847312927246], [114.2915267944336, 22.53847312927246], [114.2915267944336, 22.539028167724837], [114.29180908203136, 22.539028167724837], [114.29180908203136, 22.539583206176815], [114.29208374023438, 22.539583206176815], [114.29208374023438, 22.539861679077205], [114.29125213623047, 22.539861679077205], [114.29125213623047, 22.539583206176815], [114.29096984863281, 22.539583206176815], [114.29096984863281, 22.53930473327648], [114.2906951904298, 22.53930473327648], [114.2906951904298, 22.539028167724837], [114.29041290283226, 22.539028167724837], [114.29041290283226, 22.538749694824446], [114.29013824462902, 22.538749694824446], [114.29013824462902, 22.53847312927246], [114.28763580322266, 22.53847312927246], [114.28763580322266, 22.538194656372298], [114.28736114501976, 22.538194656372298], [114.28736114501976, 22.53708267211914], [114.28763580322266, 22.53708267211914], [114.28763580322266, 22.5362491607666], [114.28736114501976, 22.5362491607666], [114.28736114501976, 22.535972595214787], [114.28708648681652, 22.535972595214787], [114.28708648681652, 22.535694122314396], [114.28680419921886, 22.535694122314396], [114.2867660522461, 22.53541755676281], [114.28652954101597, 22.53541755676281], [114.28652954101597, 22.53513908386259], [114.28597259521484, 22.53513908386259], [114.28597259521484, 22.534862518310604], [114.28569793701217, 22.534862518310604], [114.28569793701217, 22.53458404541027], [114.28541564941406, 22.53458404541027], [114.28541564941406, 22.533193588256893], [114.28569793701217, 22.533193588256893], [114.28569793701217, 22.53291893005388], [114.28597259521484, 22.53291893005388], [114.28597259521484, 22.53264045715332], [114.28731536865234, 22.53264045715332], [114.28763580322266, 22.53264045715332], [114.28763580322266, 22.533193588256893], [114.28874969482467, 22.533193588256893], [114.28874969482467, 22.533470153808878], [114.29013824462902, 22.533470153808878], [114.29013824462902, 22.533193588256893], [114.29096984863281, 22.533193588256893], [114.29096984863281, 22.533470153808878], [114.2915267944336, 22.533470153808878], [114.2915267944336, 22.533748626709098], [114.2937469482423, 22.533748626709098], [114.2937469482423, 22.533470153808878], [114.29486083984386, 22.533470153808878], [114.29486083984386, 22.533748626709098], [114.29541778564499, 22.533748626709098], [114.29541778564499, 22.53430557250988], [114.29569244384766, 22.53430557250988], [114.29569244384766, 22.53458404541027], [114.29624938964878, 22.53458404541027], [114.29624938964878, 22.534862518310604], [114.29680633544933, 22.534862518310604], [114.29680633544933, 22.53513908386259], [114.29708099365257, 22.535142898559798], [114.29708099365257, 22.53541755676281], [114.29803466796898, 22.53541755676281], [114.2981948852539, 22.53541755676281], [114.2981948852539, 22.535694122314396], [114.29930877685581, 22.535694122314396], [114.29934692382812, 22.53541755676281], [114.29958343505871, 22.53541755676281], [114.29958343505871, 22.53513908386259], [114.29985809326183, 22.53513908386259], [114.29985809326183, 22.53458404541027], [114.29958343505871, 22.53458404541027], [114.29958343505871, 22.533470153808878], [114.29930877685581, 22.533470153808878], [114.29930877685581, 22.53291893005388], [114.29958343505871, 22.53291893005388], [114.29958343505871, 22.532360076904524], [114.3001403808596, 22.532360076904524], [114.3001403808596, 22.53208351135254], [114.3009719848634, 22.53208351135254], [114.3009719848634, 22.532360076904524], [114.30291748046886, 22.532360076904524], [114.30291748046886, 22.53208351135254], [114.30374908447266, 22.53208351135254], [114.30374908447266, 22.531805038452376], [114.30403137207031, 22.531805038452376], [114.30403137207031, 22.53208351135254], [114.30430603027344, 22.53208351135254], [114.30430603027344, 22.532360076904524], [114.30403137207031, 22.532360076904524], [114.30403137207031, 22.53264045715332], [114.30458068847702, 22.53264045715332], [114.30458068847702, 22.53291893005388], [114.30486297607422, 22.53291893005388], [114.30486297607422, 22.533193588256893], [114.30513763427757, 22.533193588256893], [114.30513763427757, 22.533748626709098], [114.305419921875, 22.533748626709098], [114.305419921875, 22.53430557250988], [114.30569458007835, 22.53430557250988], [114.30569458007835, 22.53513908386259], [114.30596923828136, 22.53513908386259], [114.30594635009766, 22.535694122314396], [114.30569458007835, 22.535694122314396], [114.30568695068371, 22.5362491607666], [114.305419921875, 22.5362491607666], [114.305419921875, 22.536806106567383], [114.30430603027344, 22.536806106567383], [114.30430603027344, 22.536527633666992], [114.30374908447266, 22.536527633666992], [114.30374908447266, 22.5362491607666], [114.30291748046886, 22.536251068115348], [114.30291748046886, 22.536527633666992], [114.30236053466831, 22.53652954101574], [114.30236053466831, 22.536806106567383], [114.30208587646507, 22.536806106567383], [114.30208587646507, 22.53708267211914], [114.30152893066452, 22.53708267211914], [114.30152893066452, 22.53736114501953], [114.3012466430664, 22.53736114501953], [114.3012466430664, 22.537639617920092], [114.3009719848634, 22.537639617920092], [114.3009719848634, 22.537916183471907], [114.3004150390625, 22.537916183471907], [114.3004150390625, 22.538194656372298], [114.3001403808596, 22.538194656372298], [114.3001403808596, 22.53847312927246], [114.29985809326183, 22.53847312927246], [114.29985809326183, 22.538749694824446], [114.29958343505871, 22.538749694824446], [114.29957580566418, 22.539028167724837], [114.29930877685581, 22.539028167724837], [114.29930877685581, 22.53930473327648], [114.29875183105469, 22.53930473327648], [114.29875183105469, 22.539583206176815], [114.29846954345749, 22.539583206176815], [114.29846954345749, 22.539861679077205], [114.2981948852539, 22.539861679077205], [114.29818725585938, 22.54013824462902], [114.2979202270509, 22.540140151977596], [114.2979202270509, 22.5406951904298], [114.29763793945312, 22.5406951904298], [114.29763793945312, 22.54125022888195], [114.29736328125, 22.54125022888195], [114.29736328125, 22.542360305786303], [114.29708099365257, 22.542360305786303], [114.29708099365257, 22.543193817138672], [114.29597473144554, 22.543193817138672], [114.29597473144554, 22.543472290039062], [114.29513549804688, 22.543479919433594], [114.29513549804688, 22.543750762939453], [114.29430389404297, 22.543750762939453], [114.29429626464855, 22.54402732849144], [114.29402923584007, 22.54402732849144], [114.29402923584007, 22.545972824096737], [114.29430389404297, 22.545972824096737], [114.29430389404297, 22.546529769897518], [114.29458618164062, 22.546529769897518], [114.29458618164062, 22.54708290100092], [114.29486083984386, 22.54708290100092], [114.29486083984386, 22.547359466552734], [114.29513549804688, 22.547359466552734], [114.2951431274414, 22.54763984680187], [114.29541778564499, 22.547649383545036], [114.29541778564499, 22.547916412353516], [114.29569244384766, 22.547916412353516], [114.29569244384766, 22.548194885253906], [114.29597473144554, 22.548194885253906], [114.29597473144554, 22.54846954345726], [114.29624938964878, 22.54846954345726], [114.29624938964878, 22.548194885253906], [114.29652404785168, 22.548194885253906], [114.29652404785168, 22.547916412353516], [114.29680633544933, 22.547916412353516], [114.29680633544933, 22.548194885253906], [114.29763793945312, 22.548194885253906], [114.29763793945312, 22.54846954345726], [114.2979202270509, 22.54846954345726], [114.2979202270509, 22.54875183105463], [114.2981948852539, 22.54875183105463], [114.2981948852539, 22.54846954345726], [114.29875183105469, 22.54846954345726], [114.29875183105469, 22.548194885253906], [114.29902648925804, 22.548194885253906], [114.29904937744186, 22.547916412353516], [114.29930877685581, 22.547916412353516], [114.29930877685581, 22.54763984680187], [114.29958343505871, 22.54763984680187], [114.29958343505871, 22.547359466552734], [114.29985809326183, 22.547359466552734], [114.29985809326183, 22.54708290100092], [114.3001403808596, 22.54708290100092], [114.3001403808596, 22.546806335449332], [114.3004150390625, 22.546806335449332], [114.3004150390625, 22.546529769897518], [114.3009719848634, 22.546529769897518], [114.3009719848634, 22.546247482299805], [114.30152893066452, 22.546247482299805], [114.30152893066452, 22.545972824096737], [114.30180358886719, 22.545972824096737], [114.30180358886719, 22.545694351196403], [114.30208587646507, 22.545694351196403], [114.30208587646507, 22.545415878296012], [114.30236053466831, 22.545415878296012], [114.30236053466831, 22.54513740539562], [114.30263519287121, 22.54513740539562], [114.30264282226585, 22.544860839843807], [114.30291748046886, 22.544860839843807], [114.30291748046886, 22.54458427429222], [114.3031921386721, 22.544582366943416], [114.3031921386721, 22.54430580139183], [114.30374908447266, 22.54430580139183], [114.30374908447266, 22.544582366943416], [114.30430603027344, 22.54458427429222], [114.30430603027344, 22.544860839843807], [114.30458068847702, 22.544860839843807], [114.30458068847702, 22.545415878296012], [114.30513763427757, 22.545415878296012], [114.30513763427757, 22.546806335449332], [114.305419921875, 22.546806335449332], [114.305419921875, 22.54708290100092], [114.30625152587902, 22.54708290100092], [114.30625152587902, 22.546806335449332], [114.30791473388672, 22.546806335449332], [114.30791473388672, 22.54708290100092], [114.30819702148483, 22.54708290100092], [114.30819702148483, 22.547359466552734], [114.30791473388672, 22.547359466552734], [114.30791473388672, 22.547916412353516], [114.30819702148483, 22.547916412353516], [114.30819702148483, 22.54846954345726], [114.30902862548862, 22.54846954345726], [114.30902862548862, 22.548194885253906], [114.30958557128918, 22.548194885253906], [114.309608459473, 22.547916412353516], [114.30986022949241, 22.547916412353516], [114.30986022949241, 22.54763984680187], [114.31041717529297, 22.54763984680187], [114.31041717529297, 22.547359466552734], [114.31069183349621, 22.547359466552734], [114.31069183349621, 22.54708290100092], [114.31124877929733, 22.54708290100092], [114.31124877929733, 22.546806335449332], [114.31153106689453, 22.546806335449332], [114.31153106689453, 22.547359466552734], [114.31236267089855, 22.547359466552734], [114.31236267089855, 22.54763984680187], [114.31346893310547, 22.547649383545036], [114.31346893310547, 22.547916412353516], [114.31375122070324, 22.547916412353516], [114.31375122070324, 22.548194885253906], [114.31402587890625, 22.548194885253906], [114.31402587890625, 22.54846954345726], [114.31430816650436, 22.54846954345726], [114.31430816650436, 22.54875183105463], [114.31458282470703, 22.54875183105463], [114.31458282470703, 22.549028396606445], [114.31485748291038, 22.549028396606445], [114.31485748291038, 22.549583435058594], [114.31513977050815, 22.549583435058594], [114.31513977050815, 22.549863815307617], [114.31680297851574, 22.549863815307617], [114.31680297851574, 22.55013847351097], [114.31346893310547, 22.55013847351097], [114.31346893310547, 22.55041694641136], [114.30986022949241, 22.55041694641136], [114.30986022949241, 22.550693511962947], [114.3084716796875, 22.55069541931175], [114.3084716796875, 22.55097389221214], [114.30829620361328, 22.55097389221214], [114.30708312988281, 22.55097389221214], [114.30708312988281, 22.55125045776373], [114.30486297607422, 22.55125045776373], [114.30486297607422, 22.55097389221214], [114.30430603027344, 22.55097389221214], [114.30430603027344, 22.55069541931175], [114.3004150390625, 22.55069541931175], [114.3004150390625, 22.55097389221214], [114.30000305175827, 22.55097389221214], [114.29708099365257, 22.55097389221214], [114.29708099365257, 22.55125045776373], [114.29402923584007, 22.55125045776373], [114.29402923584007, 22.551527023315543], [114.2937469482423, 22.551527023315543], [114.2937469482423, 22.551805496215934], [114.29347229003918, 22.551805496215934], [114.29346466064476, 22.552082061767692], [114.29319763183628, 22.552082061767692], [114.29319763183628, 22.552360534668082], [114.29347229003918, 22.552360534668082], [114.29347229003918, 22.553195953369254], [114.2937469482423, 22.553195953369254], [114.2937469482423, 22.554027557373047], [114.29402923584007, 22.554027557373047], [114.29402923584007, 22.554582595825195], [114.29347229003918, 22.554582595825195], [114.29347229003918, 22.554861068725586], [114.29319763183628, 22.554861068725586], [114.29319763183628, 22.555139541626147]]], [[[114.16323852539108, 22.561670303344954], [114.16155242919922, 22.56209373474121], [114.15878295898438, 22.559717178344897], [114.15860748291038, 22.55956459045433], [114.15777587890659, 22.557060241699446], [114.15776824951183, 22.555355072021484], [114.15650177001953, 22.55451583862316], [114.15524291992199, 22.555355072021484], [114.15395355224621, 22.555095672607536], [114.1531372070317, 22.554933547973633], [114.1531372070317, 22.554151535034407], [114.1531372070317, 22.552829742431925], [114.15229034423828, 22.55114555358898], [114.1520767211914, 22.551004409790266], [114.15103149414108, 22.55030250549345], [114.1531372070317, 22.549461364746207], [114.15355682373058, 22.547777175903377], [114.15229034423828, 22.546514511108626], [114.14934539794922, 22.544830322265852], [114.15018463134766, 22.54398727417015], [114.14934539794922, 22.542724609375227], [114.14723968505871, 22.54230499267578], [114.14556121826183, 22.5418834686281], [114.14387512207031, 22.542724609375227], [114.14134979248058, 22.544408798218], [114.14008331298828, 22.543567657470703], [114.13713836669922, 22.543567657470703], [114.13503265380871, 22.542724609375227], [114.13427734375, 22.542724609375227], [114.1337661743164, 22.542724609375227], [114.13124084472668, 22.54230499267578], [114.12913513183594, 22.540199279785156], [114.12787628173828, 22.540199279785156], [114.12703704833984, 22.541040420532227], [114.1261901855471, 22.540199279785156], [114.1245040893557, 22.53935813903803], [114.12324523925793, 22.538515090942383], [114.12366485595703, 22.536830902099553], [114.1224060058596, 22.536830902099553], [114.1215591430664, 22.53514671325695], [114.1173477172855, 22.53514671325695], [114.1173477172855, 22.5330429077149], [114.11566925048828, 22.530937194824276], [114.1139831542971, 22.530096054077376], [114.11145782470703, 22.530937194824276], [114.11019134521507, 22.5330429077149], [114.11006927490246, 22.53414154052757], [114.10987091064453, 22.535928726196516], [114.10977172851562, 22.536830902099553], [114.10851287841808, 22.53556823730497], [114.1078796386721, 22.535411834717024], [114.10682678222668, 22.53514671325695], [114.10620117187523, 22.53452110290533], [114.10596466064476, 22.534252166748274], [114.10568237304699, 22.53341293334961], [114.10556030273438, 22.5330429077149], [114.10388183593761, 22.532199859619254], [114.10351562500023, 22.532323837280273], [114.10261535644531, 22.53262138366705], [114.10324096679688, 22.5335636138916], [114.10345458984375, 22.533884048462028], [114.10329437255882, 22.53453254699707], [114.10303497314487, 22.53556823730497], [114.10134887695312, 22.53556823730497], [114.09813690185547, 22.53476333618164], [114.09793853759766, 22.534749984741325], [114.09629821777389, 22.53556823730497], [114.09419250488327, 22.537673950195426], [114.09124755859375, 22.537673950195426], [114.09043884277355, 22.537065505981673], [114.08956146240257, 22.5364093780517], [114.08943939208996, 22.536045074463175], [114.08914184570312, 22.53514671325695], [114.0878829956057, 22.533884048462028], [114.08535766601562, 22.5330429077149], [114.08375549316418, 22.53246116638195], [114.0807266235355, 22.531358718872298], [114.08114624023438, 22.530096054077376], [114.08367156982433, 22.52799034118675], [114.08493041992188, 22.5275688171389], [114.0866165161134, 22.5258846282959], [114.08663940429722, 22.525781631469727], [114.08702850341797, 22.524223327636946], [114.08660888671886, 22.523490905761946], [114.08542633056686, 22.521514892578125], [114.08451080322277, 22.51999092102062], [114.08282470703159, 22.51914978027355], [114.0794601440432, 22.516622543335075], [114.0781936645509, 22.5162029266358], [114.07566833496116, 22.517465591430778], [114.07357025146507, 22.51914978027355], [114.06935882568371, 22.5187282562257], [114.06767272949241, 22.51830673217802], [114.06388092041027, 22.517042160034123], [114.05967712402389, 22.513675689697322], [114.05883026123047, 22.51199150085472], [114.05841064453159, 22.510305404663143], [114.05841064453159, 22.507358551025618], [114.05546569824241, 22.504415512085075], [114.05209350585949, 22.503992080688477], [114.04830932617188, 22.503992080688477], [114.04662322998047, 22.504833221435717], [114.04451751708984, 22.505256652832145], [114.04199218750011, 22.50567626953125], [114.0403060913086, 22.503992080688477], [114.03861999511719, 22.504415512085075], [114.03736114501999, 22.50272941589367], [114.0335693359375, 22.498943328857422], [114.03189086914097, 22.498521804809798], [114.03104400634788, 22.497257232666243], [114.02969360351574, 22.495731353759993], [114.0295867919923, 22.495695114135742], [114.02929687500023, 22.495702743530273], [114.02929687500023, 22.495420455932674], [114.02874755859398, 22.495420455932674], [114.02874755859398, 22.494861602783317], [114.02847290039062, 22.494861602783317], [114.02847290039062, 22.494304656982365], [114.02791595458984, 22.494304656982365], [114.02791595458984, 22.494028091430778], [114.02764129638683, 22.49403190612793], [114.02764129638683, 22.493473052978572], [114.02708435058594, 22.493473052978572], [114.02708435058594, 22.49180793762207], [114.02680206298828, 22.491809844970817], [114.02680206298828, 22.491247177124137], [114.02707672119152, 22.491247177124137], [114.02707672119152, 22.4909725189209], [114.02680206298828, 22.4909725189209], [114.02680206298828, 22.490694046020508], [114.02652740478527, 22.490694046020508], [114.02652740478527, 22.489583969116154], [114.02625274658214, 22.489583969116154], [114.02625274658214, 22.48930549621582], [114.02597045898449, 22.48930549621582], [114.02597045898449, 22.489025115966797], [114.02569580078148, 22.489025115966797], [114.02569580078148, 22.488750457763786], [114.0251388549807, 22.488750457763786], [114.0251388549807, 22.488471984863395], [114.02486419677734, 22.488471984863395], [114.02486419677734, 22.487916946411246], [114.02458190918014, 22.487916946411246], [114.02458190918014, 22.48736190795904], [114.02486419677734, 22.48736190795904], [114.02486419677734, 22.485416412353743], [114.02541351318393, 22.485416412353743], [114.02541351318393, 22.48430633544922], [114.0251388549807, 22.48430633544922], [114.0251388549807, 22.483472824096623], [114.02402496337902, 22.483472824096623], [114.02402496337902, 22.483194351196232], [114.02347564697277, 22.483194351196232], [114.02347564697277, 22.4829158782959], [114.02319335937523, 22.4829158782959], [114.02319335937523, 22.482639312744425], [114.02263641357433, 22.482639312744425], [114.02263641357433, 22.48236274719244], [114.0220870971682, 22.48236274719244], [114.0220870971682, 22.482084274292106], [114.02180480957031, 22.482080459594727], [114.02180480957031, 22.481527328491325], [114.02153015136764, 22.481527328491325], [114.02153015136764, 22.481252670288086], [114.02041625976562, 22.481252670288086], [114.02041625976562, 22.48097229003912], [114.0193023681644, 22.48097229003912], [114.0193023681644, 22.48069381713873], [114.01875305175781, 22.48069381713873], [114.01875305175781, 22.48041725158714], [114.01819610595703, 22.48041725158714], [114.01819610595703, 22.480140686035156], [114.01763916015625, 22.480140686035156], [114.01763916015625, 22.479858398437614], [114.0170822143557, 22.479858398437614], [114.0170822143557, 22.479583740234375], [114.0162506103519, 22.479583740234375], [114.0162506103519, 22.47930526733421], [114.01597595214866, 22.47930526733421], [114.01597595214866, 22.479030609130973], [114.01541900634811, 22.479030609130973], [114.01541900634811, 22.477361679077262], [114.01513671875, 22.477361679077262], [114.01513671875, 22.4770832061767], [114.01486206054699, 22.4770832061767], [114.01486206054699, 22.47680473327631], [114.01457977294922, 22.47680473327631], [114.01457977294922, 22.476526260375977], [114.0143051147461, 22.476526260375977], [114.0143051147461, 22.476249694824503], [114.0140304565432, 22.476249694824503], [114.0140304565432, 22.475973129272518], [114.0132980346682, 22.475973129272518], [114.01319122314464, 22.475973129272518], [114.01319122314464, 22.475694656372184], [114.01264190673828, 22.475694656372184], [114.01264190673828, 22.475416183471793], [114.0118026733403, 22.475416183471793], [114.0118026733403, 22.475694656372184], [114.0112533569336, 22.475694656372184], [114.01121520996116, 22.475973129272518], [114.01097106933594, 22.475973129272518], [114.01097106933594, 22.476526260375977], [114.00986480712913, 22.476526260375977], [114.00985717773449, 22.476249694824503], [114.00958251953159, 22.476249694824503], [114.00958251953159, 22.475973129272518], [114.00986480712913, 22.475973129272518], [114.00986480712913, 22.475694656372184], [114.01013946533214, 22.475694656372184], [114.01013946533214, 22.475416183471793], [114.01041412353538, 22.475416183471793], [114.01041412353538, 22.47513961792015], [114.01069641113293, 22.47513961792015], [114.01069641113293, 22.474861145019588], [114.01097106933594, 22.474861145019588], [114.01097106933594, 22.474582672119197], [114.0112533569336, 22.474582672119197], [114.0112533569336, 22.474304199218807], [114.01152801513672, 22.474304199218807], [114.01152801513672, 22.47402763366722], [114.01264190673828, 22.47402763366722], [114.01264190673828, 22.47374916076683], [114.01291656494163, 22.47374916076683], [114.01291656494163, 22.473472595214844], [114.0134735107423, 22.473472595214844], [114.0134735107423, 22.472917556762695], [114.0135498046875, 22.472917556762695], [114.0140304565432, 22.472917556762695], [114.0140304565432, 22.472360610962085], [114.0143051147461, 22.472360610962085], [114.0143051147461, 22.46819496154808], [114.0140304565432, 22.46819496154808], [114.0140304565432, 22.46791648864769], [114.01457977294922, 22.46791648864769], [114.01457977294922, 22.46819496154808], [114.01486206054699, 22.46819496154808], [114.01486206054699, 22.473194122314453], [114.01541900634811, 22.473194122314453], [114.01541900634811, 22.47374916076683], [114.01569366455078, 22.47374916076683], [114.01570129394531, 22.474304199218807], [114.01597595214866, 22.474309921264762], [114.01597595214866, 22.474861145019588], [114.0162506103519, 22.474861145019588], [114.0162506103519, 22.475416183471793], [114.0165252685548, 22.475416183471793], [114.0165252685548, 22.475973129272518], [114.01680755615246, 22.475973129272518], [114.01680755615246, 22.476249694824503], [114.0170822143557, 22.476249694824503], [114.0170822143557, 22.476526260375977], [114.01736450195312, 22.476526260375977], [114.01736450195312, 22.47680473327631], [114.01819610595703, 22.47680473327631], [114.01819610595703, 22.4770832061767], [114.01875305175781, 22.4770832061767], [114.01875305175781, 22.477361679077262], [114.0193023681644, 22.477361679077262], [114.0193023681644, 22.4776363372805], [114.01958465576183, 22.4776363372805], [114.01958465576183, 22.477916717529297], [114.02041625976562, 22.477916717529297], [114.02041625976562, 22.478195190429688], [114.02236175537143, 22.478195190429688], [114.02236175537143, 22.479583740234375], [114.02263641357433, 22.479583740234375], [114.02263641357433, 22.479858398437614], [114.02347564697277, 22.479858398437614], [114.02347564697277, 22.479583740234375], [114.02375030517578, 22.479583740234375], [114.02375030517578, 22.47930526733421], [114.02402496337902, 22.47930526733421], [114.02402496337902, 22.479030609130973], [114.02430725097656, 22.479030609130973], [114.02430725097656, 22.47874832153343], [114.02486419677734, 22.47874832153343], [114.02486419677734, 22.478471755981445], [114.0251388549807, 22.478471755981445], [114.0251388549807, 22.478195190429688], [114.02541351318393, 22.478195190429688], [114.02541351318393, 22.477916717529297], [114.02569580078148, 22.477916717529297], [114.02569580078148, 22.4776363372805], [114.02597045898449, 22.4776363372805], [114.02597045898449, 22.477361679077262], [114.02625274658214, 22.477361679077262], [114.02625274658214, 22.4770832061767], [114.02652740478527, 22.4770832061767], [114.02652740478527, 22.47680473327631], [114.02680206298828, 22.47680473327631], [114.02680206298828, 22.475973129272518], [114.02708435058594, 22.475973129272518], [114.02708435058594, 22.475694656372184], [114.02764129638683, 22.475694656372184], [114.02764129638683, 22.47513961792015], [114.02791595458984, 22.47513961792015], [114.02791595458984, 22.474861145019588], [114.02819824218795, 22.474861145019588], [114.02819824218795, 22.474582672119197], [114.02847290039062, 22.474582672119197], [114.02847290039062, 22.474304199218807], [114.02986145019554, 22.474304199218807], [114.02986145019554, 22.47402763366722], [114.03069305419933, 22.47402763366722], [114.03070068359386, 22.473472595214844], [114.03097534179688, 22.473472595214844], [114.03097534179688, 22.473194122314453], [114.03125000000045, 22.473194122314453], [114.03125000000045, 22.472360610962085], [114.03152465820312, 22.472360610962085], [114.03152465820312, 22.472085952758903], [114.03180694580101, 22.472085952758903], [114.0318222045903, 22.471805572509766], [114.03208160400425, 22.471805572509766], [114.03208160400425, 22.471527099609375], [114.0326385498048, 22.471527099609375], [114.0326385498048, 22.47125053405773], [114.03291320800804, 22.47125053405773], [114.03291320800804, 22.47097206115734], [114.03319549560547, 22.47097206115734], [114.03319549560547, 22.47069358825678], [114.03375244140636, 22.47069358825678], [114.03375244140636, 22.470417022705192], [114.03402709960938, 22.470417022705192], [114.03402709960938, 22.4701385498048], [114.03485870361351, 22.4701385498048], [114.03485870361351, 22.46986389160179], [114.03569793701183, 22.46986389160179], [114.03569793701183, 22.469583511352596], [114.03597259521507, 22.469583511352596], [114.03597259521507, 22.469305038452262], [114.03652954101562, 22.469305038452262], [114.03652954101562, 22.469028472900618], [114.03671264648438, 22.469028472900618], [114.03736114501999, 22.469028472900618], [114.03736114501999, 22.468751907348633], [114.03791809082054, 22.468751907348633], [114.03791809082054, 22.46846961975109], [114.03847503662132, 22.46846961975109], [114.03847503662132, 22.46819496154808], [114.03874969482433, 22.46819496154808], [114.03878021240234, 22.46791648864769], [114.03902435302757, 22.46791648864769], [114.03902435302757, 22.467639923095874], [114.03958129882812, 22.467639923095874], [114.03958129882812, 22.467361450195312], [114.0401382446289, 22.467361450195312], [114.0401382446289, 22.467081069946516], [114.04069519042969, 22.467081069946516], [114.04074859619152, 22.466806411743164], [114.04125213623047, 22.466806411743164], [114.04125213623047, 22.46652984619152], [114.04180908203159, 22.46652984619152], [114.04180908203159, 22.46625137329113], [114.04208374023449, 22.46625137329113], [114.04208374023449, 22.465972900390568], [114.04291534423828, 22.465972900390568], [114.04291534423828, 22.465694427490178], [114.04374694824219, 22.465694427490178], [114.04374694824219, 22.46458244323742], [114.0440292358403, 22.46458244323742], [114.0440292358403, 22.463750839233455], [114.04430389404297, 22.463750839233455], [114.04430389404297, 22.463193893432674], [114.04374694824219, 22.463193893432674], [114.04374694824219, 22.463472366333065], [114.04347229003918, 22.463472366333065], [114.04347229003918, 22.463750839233455], [114.04319763183594, 22.463750839233455], [114.04319763183594, 22.46402740478527], [114.04264068603538, 22.464031219482422], [114.04264068603538, 22.46430587768566], [114.04208374023449, 22.464309692382812], [114.04207611084007, 22.46486091613781], [114.04152679443382, 22.46486091613781], [114.04152679443382, 22.465137481689453], [114.04069519042969, 22.465137481689453], [114.04069519042969, 22.465415954589844], [114.0401382446289, 22.465415954589844], [114.0401382446289, 22.465694427490178], [114.03958129882812, 22.465694427490178], [114.03958129882812, 22.465972900390568], [114.03902435302757, 22.465972900390568], [114.03902435302757, 22.46625137329113], [114.03847503662132, 22.46625137329113], [114.03846740722668, 22.46652984619152], [114.03819274902378, 22.46652984619152], [114.03819274902378, 22.466806411743164], [114.03791809082054, 22.466806411743164], [114.03791809082054, 22.467081069946516], [114.03736114501999, 22.467081069946516], [114.03736114501999, 22.467361450195312], [114.0370864868164, 22.467361450195312], [114.0370864868164, 22.467639923095874], [114.03624725341797, 22.46764183044428], [114.03624725341797, 22.46791648864769], [114.03569793701183, 22.46791648864769], [114.03569793701183, 22.46819496154808], [114.03485870361351, 22.46819496154808], [114.03485870361351, 22.46846961975109], [114.03402709960938, 22.46846961975109], [114.03402709960938, 22.468751907348633], [114.03291320800804, 22.468751907348633], [114.03291320800804, 22.469028472900618], [114.03248596191406, 22.469028472900618], [114.03236389160168, 22.469028472900618], [114.03236389160168, 22.469305038452262], [114.03013610839844, 22.469305038452262], [114.03013610839844, 22.469028472900618], [114.02986145019554, 22.469028472900618], [114.02986145019554, 22.468751907348633], [114.0295867919923, 22.468751907348633], [114.0295867919923, 22.467361450195312], [114.02930450439464, 22.467361450195312], [114.02930450439464, 22.46486091613781], [114.02902984619175, 22.46486091613781], [114.02902984619175, 22.46458244323742], [114.02874755859398, 22.46458244323742], [114.02874755859398, 22.46430587768566], [114.02819824218795, 22.46430587768566], [114.0281906127932, 22.46458244323742], [114.02791595458984, 22.46458244323742], [114.02791595458984, 22.46486091613781], [114.02764129638683, 22.46486091613781], [114.02764129638683, 22.465694427490178], [114.02791595458984, 22.465694427490178], [114.02791595458984, 22.467081069946516], [114.0281906127932, 22.467081069946516], [114.02819824218795, 22.46891593933111], [114.02819824218795, 22.469028472900618], [114.02847290039062, 22.469030380249023], [114.02847290039062, 22.4701385498048], [114.02874755859398, 22.4701385498048], [114.02874755859398, 22.472360610962085], [114.02847290039062, 22.472360610962085], [114.02847290039062, 22.473194122314453], [114.02819824218795, 22.473194122314453], [114.0281906127932, 22.473472595214844], [114.02791595458984, 22.473472595214844], [114.02791595458984, 22.47374916076683], [114.02764129638683, 22.473751068115234], [114.02764129638683, 22.47402763366722], [114.02708435058594, 22.474029541015796], [114.02707672119152, 22.474304199218807], [114.02625274658214, 22.474304199218807], [114.02625274658214, 22.474582672119197], [114.02569580078148, 22.474582672119197], [114.02569580078148, 22.474861145019588], [114.02541351318393, 22.474861145019588], [114.02541351318393, 22.47513961792015], [114.02375030517578, 22.47513961792015], [114.02375030517578, 22.474861145019588], [114.02347564697277, 22.474861145019588], [114.02347564697277, 22.474582672119197], [114.02291870117199, 22.474582672119197], [114.02291870117199, 22.474304199218807], [114.02236175537143, 22.474304199218807], [114.02236175537143, 22.47402763366722], [114.02041625976562, 22.47402763366722], [114.02041625976562, 22.47374916076683], [114.02014160156273, 22.47374916076683], [114.02014160156273, 22.473194122314453], [114.01985931396496, 22.473194122314453], [114.01985931396496, 22.472917556762695], [114.01978302001976, 22.472917556762695], [114.0193023681644, 22.472917556762695], [114.0193023681644, 22.472639083862305], [114.01902770996116, 22.472639083862305], [114.01902770996116, 22.472360610962085], [114.01875305175781, 22.472360610962085], [114.01873779296909, 22.471805572509766], [114.01847076416061, 22.471805572509766], [114.01847076416061, 22.471527099609375], [114.01791381835949, 22.471527099609375], [114.01791381835949, 22.47125053405773], [114.01847076416061, 22.47125053405773], [114.01847076416061, 22.47097206115734], [114.01902770996116, 22.47097206115734], [114.01902770996116, 22.47069358825678], [114.0193023681644, 22.47069358825678], [114.0193023681644, 22.470417022705192], [114.01958465576183, 22.470417022705192], [114.01958465576183, 22.4701385498048], [114.01985931396496, 22.4701385498048], [114.01985931396496, 22.46986389160179], [114.02014160156273, 22.46986389160179], [114.02014160156273, 22.469583511352596], [114.02041625976562, 22.469583511352596], [114.02041625976562, 22.469305038452262], [114.02069091796875, 22.469305038452262], [114.02069091796875, 22.469028472900618], [114.02097320556652, 22.469028472900618], [114.02097320556652, 22.468751907348633], [114.02069091796875, 22.468751907348633], [114.02069091796875, 22.46846961975109], [114.02041625976562, 22.46846961975109], [114.02041625976562, 22.46819496154808], [114.02014160156273, 22.46819496154808], [114.02014160156273, 22.467639923095874], [114.01985931396496, 22.467639923095874], [114.01985931396496, 22.467361450195312], [114.01902770996116, 22.467361450195312], [114.01902770996116, 22.467639923095874], [114.01847076416061, 22.467639923095874], [114.01847076416061, 22.46791648864769], [114.01763916015625, 22.46791648864769], [114.01763916015625, 22.467361450195312], [114.0170822143557, 22.467361450195312], [114.0170822143557, 22.467081069946516], [114.01680755615246, 22.467081069946516], [114.01677703857433, 22.466806411743164], [114.0165252685548, 22.466806411743164], [114.0165252685548, 22.46652984619152], [114.01597595214866, 22.46652984619152], [114.01597595214866, 22.46625137329113], [114.01569366455078, 22.46625137329113], [114.01569366455078, 22.465972900390568], [114.01457977294922, 22.465972900390568], [114.01457977294922, 22.46625137329113], [114.0143051147461, 22.46625137329113], [114.0143051147461, 22.46652984619152], [114.0140304565432, 22.466531753540096], [114.0140304565432, 22.466806411743164], [114.0134735107423, 22.466806411743164], [114.01342010498047, 22.467081069946516], [114.01291656494163, 22.467081069946516], [114.01291656494163, 22.46791648864769], [114.01235961914085, 22.46791648864769], [114.01235961914085, 22.46819496154808], [114.0120849609375, 22.46819496154808], [114.0120849609375, 22.468751907348633], [114.0118026733403, 22.468751907348633], [114.0118026733403, 22.469028472900618], [114.01152801513672, 22.469028472900618], [114.01152801513672, 22.469305038452262], [114.0112533569336, 22.469305038452262], [114.0112533569336, 22.469583511352596], [114.01097106933594, 22.469583511352596], [114.01091003418003, 22.46986389160179], [114.01041412353538, 22.46986389160179], [114.01040649414085, 22.4701385498048], [114.01013946533214, 22.470140457153377], [114.01013946533214, 22.470417022705192], [114.00986480712913, 22.470417022705192], [114.00986480712913, 22.47069358825678], [114.00958251953159, 22.47069358825678], [114.00958251953159, 22.47125053405773], [114.00930786132835, 22.47125053405773], [114.00930786132835, 22.472639083862305], [114.00846862792969, 22.472639083862305], [114.00846862792969, 22.472360610962085], [114.00819396972668, 22.472360610962085], [114.00818634033214, 22.472085952758903], [114.00791931152344, 22.472085952758903], [114.00788879394531, 22.471805572509766], [114.00736236572288, 22.471809387207088], [114.00736236572288, 22.472639083862305], [114.00763702392578, 22.47264099121105], [114.00763702392578, 22.472917556762695], [114.00791931152344, 22.472917556762695], [114.00791931152344, 22.473194122314453], [114.00819396972668, 22.473194122314453], [114.00819396972668, 22.473472595214844], [114.00846862792969, 22.473472595214844], [114.00846862792969, 22.474582672119197], [114.00819396972668, 22.474582672119197], [114.00819396972668, 22.475694656372184], [114.00846862792969, 22.475694656372184], [114.00843048095737, 22.475973129272518], [114.00819396972668, 22.475973129272518], [114.00819396972668, 22.476526260375977], [114.00846862792969, 22.476526260375977], [114.00846862792969, 22.4776363372805], [114.0087509155278, 22.4776363372805], [114.0087509155278, 22.478471755981445], [114.00902557373047, 22.478471755981445], [114.00902557373047, 22.47874832153343], [114.01041412353538, 22.47872924804716], [114.01041412353538, 22.478471755981445], [114.01097106933594, 22.478471755981445], [114.01097106933594, 22.479858398437614], [114.0112533569336, 22.479858398437614], [114.0112533569336, 22.481252670288086], [114.01152801513672, 22.481252670288086], [114.01152801513672, 22.483194351196232], [114.0118026733403, 22.483194351196232], [114.0118026733403, 22.486803054809684], [114.01097106933594, 22.486803054809684], [114.01097106933594, 22.48708343505865], [114.01013946533214, 22.48708343505865], [114.01013946533214, 22.48736190795904], [114.00902557373047, 22.48736190795904], [114.00902557373047, 22.487638473510856], [114.00708007812511, 22.487638473510856], [114.00708007812511, 22.487916946411246], [114.00624847412132, 22.487916946411246], [114.00624847412132, 22.488193511962834], [114.00541687011719, 22.488193511962834], [114.00541687011719, 22.488471984863395], [114.00514221191418, 22.488471984863395], [114.00514221191418, 22.488750457763786], [114.0048599243164, 22.488750457763786], [114.0048599243164, 22.489025115966797], [114.00430297851585, 22.489025115966797], [114.00430297851585, 22.48930549621582], [114.00402832031261, 22.48930549621582], [114.00402832031261, 22.489583969116154], [114.00375366210949, 22.489587783813704], [114.00375366210949, 22.48986053466814], [114.00263977050827, 22.48986053466814], [114.00263977050827, 22.490137100219954], [114.00235748291016, 22.490137100219954], [114.00235748291016, 22.48986053466814], [114.0018081665039, 22.48986053466814], [114.0018081665039, 22.489583969116154], [114.00069427490246, 22.489583969116154], [114.00069427490246, 22.48986053466814], [114.00041961669956, 22.48986053466814], [114.00041961669956, 22.490137100219954], [114, 22.490137100219954], [113.99958038330101, 22.490137100219954], [113.99958038330101, 22.48986053466814], [113.99930572509766, 22.48986053466814], [113.9992904663086, 22.48930549621582], [113.99903106689464, 22.48930549621582], [113.99903106689464, 22.489025115966797], [113.9981918334961, 22.489025115966797], [113.9981918334961, 22.488750457763786], [113.99791717529308, 22.488750457763786], [113.99791717529308, 22.487916946411246], [113.99764251708996, 22.487916946411246], [113.99764251708996, 22.487638473510856], [113.9973602294923, 22.487638473510856], [113.9973602294923, 22.48736190795904], [113.99652862548851, 22.48736190795904], [113.99652862548851, 22.48708343505865], [113.99624633789062, 22.48708343505865], [113.99624633789062, 22.486803054809684], [113.99597167968795, 22.486803054809684], [113.99597167968795, 22.486528396606673], [113.99569702148438, 22.486528396606673], [113.99569702148438, 22.48597145080572], [113.99541473388683, 22.48597145080572], [113.99541473388683, 22.485137939453352], [113.9951400756836, 22.485137939453352], [113.9951400756836, 22.484027862548828], [113.99485778808594, 22.484027862548828], [113.99485778808594, 22.483194351196232], [113.99458312988304, 22.483194351196232], [113.99458312988304, 22.48236274719244], [113.9943084716798, 22.48236274719244], [113.9943084716798, 22.481252670288086], [113.99402618408214, 22.481252670288086], [113.99402618408214, 22.48097229003912], [113.99375152587925, 22.48097229003912], [113.99375152587925, 22.48041725158714], [113.99346923828148, 22.48041725158714], [113.99346923828148, 22.480140686035156], [113.99319458007812, 22.480140686035156], [113.99319458007812, 22.47930526733421], [113.99291992187545, 22.47930526733421], [113.99291992187545, 22.478471755981445], [113.99263763427734, 22.478471755981445], [113.99263763427734, 22.478195190429688], [113.99236297607433, 22.478195190429688], [113.99236297607433, 22.4776363372805], [113.99208068847656, 22.4776363372805], [113.99208068847656, 22.477361679077262], [113.99180603027344, 22.477361679077262], [113.99180603027344, 22.4770832061767], [113.99153137207054, 22.4770832061767], [113.99153137207054, 22.47680473327631], [113.99124908447277, 22.47680473327631], [113.99124908447277, 22.476526260375977], [113.99097442626964, 22.476526260375977], [113.99096679687511, 22.476249694824503], [113.99069213867222, 22.476249694824503], [113.99069213867222, 22.475973129272518], [113.98947906494186, 22.475973129272518], [113.9893035888673, 22.475973129272518], [113.9893035888673, 22.475694656372184], [113.98902893066406, 22.475694656372184], [113.98902893066406, 22.475416183471793], [113.9887466430664, 22.475416183471793], [113.9887466430664, 22.474861145019588], [113.98847198486351, 22.474861145019588], [113.98847198486351, 22.47374916076683], [113.98735809326195, 22.47374916076683], [113.98735809326195, 22.473472595214844], [113.98680877685592, 22.473472595214844], [113.98680877685592, 22.473194122314453], [113.98652648925781, 22.473194122314453], [113.98648834228527, 22.472917556762695], [113.9862518310548, 22.472917556762695], [113.9862518310548, 22.472639083862305], [113.98596954345703, 22.472639083862305], [113.98596954345703, 22.472085952758903], [113.9856948852539, 22.472085952758903], [113.9856948852539, 22.471527099609375], [113.98513793945324, 22.471527099609375], [113.98513793945324, 22.47125053405773], [113.98486328125011, 22.47125053405773], [113.98486328125011, 22.47097206115734], [113.98430633544945, 22.47097206115734], [113.98430633544945, 22.47069358825678], [113.9840240478519, 22.47069358825678], [113.9840240478519, 22.470417022705192], [113.98347473144531, 22.470417022705192], [113.98347473144531, 22.4701385498048], [113.98319244384811, 22.4701385498048], [113.98319244384811, 22.46986389160179], [113.98291778564453, 22.46986389160179], [113.98291778564453, 22.469583511352596], [113.98263549804699, 22.469583511352596], [113.98263549804699, 22.469305038452262], [113.98236083984375, 22.469305038452262], [113.98236083984375, 22.469028472900618], [113.98208618164074, 22.469028472900618], [113.98208618164074, 22.468751907348633], [113.9818038940432, 22.468751907348633], [113.98179626464866, 22.46819496154808], [113.98152923583996, 22.46819496154808], [113.98152923583996, 22.467639923095874], [113.9812469482423, 22.467639923095874], [113.9812469482423, 22.467081069946516], [113.9809722900394, 22.467081069946516], [113.98094177246105, 22.466806411743164], [113.98069763183616, 22.466806411743164], [113.98069763183616, 22.46625137329113], [113.98041534423828, 22.46625137329113], [113.98041534423828, 22.465694427490178], [113.98014068603561, 22.465694427490178], [113.98014068603561, 22.465137481689453], [113.9798583984375, 22.465137481689453], [113.9798583984375, 22.46458244323742], [113.97958374023449, 22.46458244323742], [113.97958374023449, 22.463472366333065], [113.97930908203125, 22.463472366333065], [113.97930908203125, 22.46208381652832], [113.9790267944336, 22.46208381652832], [113.9790267944336, 22.46097183227539], [113.9787521362307, 22.46097183227539], [113.9787521362307, 22.46013832092285], [113.97846984863293, 22.46013832092285], [113.97846984863293, 22.459583282470646], [113.97791290283237, 22.459583282470646], [113.97791290283237, 22.45902824401867], [113.97763824462913, 22.45902824401867], [113.97763824462913, 22.45874977111845], [113.97708129882858, 22.45874977111845], [113.97708129882858, 22.45819473266613], [113.976806640625, 22.45819473266613], [113.976806640625, 22.457639694214095], [113.97624969482422, 22.457639694214095], [113.97624969482422, 22.457361221313533], [113.9759750366211, 22.457361221313533], [113.9759750366211, 22.457082748413143], [113.97541809082043, 22.457082748413143], [113.97541809082043, 22.456806182861555], [113.97486114501987, 22.456806182861555], [113.97486114501987, 22.456527709961165], [113.97430419921875, 22.456527709961165], [113.97429656982456, 22.45597267150879], [113.97347259521496, 22.45597267150879], [113.97347259521496, 22.4556941986084], [113.97291564941406, 22.4556941986084], [113.97290039062511, 22.455415725708235], [113.97264099121116, 22.455415725708235], [113.97264099121116, 22.45513916015625], [113.97208404541027, 22.45513916015625], [113.97207641601585, 22.454862594604435], [113.97180175781261, 22.454862594604435], [113.97180175781261, 22.45513916015625], [113.9715270996096, 22.45513916015625], [113.9715270996096, 22.454862594604435], [113.97097015380882, 22.454862594604435], [113.97097015380882, 22.454584121704045], [113.97041320800827, 22.454584121704045], [113.97041320800827, 22.45430564880371], [113.96902465820335, 22.45430564880371], [113.96902465820335, 22.45402717590332], [113.96763610839844, 22.45402717590332], [113.96763610839844, 22.453750610351676], [113.96514129638706, 22.453750610351676], [113.96514129638706, 22.45347023010254], [113.96458435058594, 22.45347023010254], [113.96458435058594, 22.453193664550724], [113.96402740478516, 22.453193664550724], [113.96402740478516, 22.452917098999137], [113.96347045898438, 22.452917098999137], [113.96347045898438, 22.452640533447322], [113.96291351318382, 22.452640533447322], [113.96290588378906, 22.452362060546932], [113.96263885498058, 22.45235824584961], [113.96263885498058, 22.45208358764654], [113.96208190918003, 22.45208358764654], [113.96208190918003, 22.451805114746207], [113.96180725097679, 22.451805114746207], [113.96180725097679, 22.45153045654297], [113.9615249633789, 22.45153045654297], [113.9615249633789, 22.451248168945426], [113.96125030517624, 22.451248168945426], [113.96125030517624, 22.45097160339361], [113.96069335937511, 22.45097160339361], [113.96069335937511, 22.450695037842024], [113.96041870117188, 22.450695037842024], [113.96041870117188, 22.450416564941634], [113.95986175537132, 22.450416564941634], [113.95986175537132, 22.450136184692496], [113.95903015136753, 22.450136184692496], [113.95903015136753, 22.449861526489258], [113.9584732055664, 22.449861526489258], [113.9584732055664, 22.449583053588867], [113.95819091796898, 22.449583053588867], [113.95819091796898, 22.44930648803711], [113.95735931396484, 22.44930648803711], [113.95735931396484, 22.449583053588867], [113.95625305175793, 22.449583053588867], [113.95625305175793, 22.44930648803711], [113.95513916015648, 22.449304580688477], [113.95513916015648, 22.449026107788313], [113.95486450195312, 22.449026107788313], [113.9548568725586, 22.448749542236328], [113.95458221435592, 22.448749542236328], [113.95458221435592, 22.448194503784123], [113.95430755615234, 22.448194503784123], [113.95430755615234, 22.447914123535156], [113.9540252685548, 22.447914123535156], [113.9540252685548, 22.447639465332315], [113.95347595214855, 22.447639465332315], [113.95347595214855, 22.445417404175032], [113.95319366455101, 22.445417404175032], [113.95318603515648, 22.44513893127464], [113.95291900634777, 22.44513893127464], [113.95291900634777, 22.44486045837425], [113.95319366455101, 22.44486045837425], [113.95318603515648, 22.443750381469897], [113.95263671875011, 22.443750381469897], [113.95263671875011, 22.443195343017578], [113.95207977294945, 22.443195343017578], [113.95207977294945, 22.442916870117188], [113.9518051147461, 22.442916870117188], [113.9518051147461, 22.442638397216797], [113.95124816894531, 22.442638397216797], [113.95124816894531, 22.442361831665153], [113.9509735107423, 22.442361831665153], [113.9509735107423, 22.44208335876459], [113.9504165649414, 22.44208335876459], [113.9504165649414, 22.4418048858642], [113.95014190673851, 22.4418048858642], [113.95014190673851, 22.441528320312614], [113.94958496093761, 22.441528320312614], [113.94957733154308, 22.4412517547608], [113.94930267334018, 22.4412517547608], [113.9492874145509, 22.440969467163086], [113.94902801513695, 22.440969467163086], [113.94902801513695, 22.440694808960075], [113.9487533569336, 22.440694808960075], [113.9487533569336, 22.440141677856445], [113.94847106933639, 22.440141677856445], [113.94847106933639, 22.439859390258903], [113.94819641113281, 22.439859390258903], [113.94819641113281, 22.439582824707088], [113.94791412353527, 22.439582824707088], [113.94789123535179, 22.439029693603686], [113.94763946533203, 22.439029693603686], [113.94763946533203, 22.438472747802734], [113.9473648071289, 22.438472747802734], [113.9473648071289, 22.43791580200218], [113.94708251953148, 22.43791580200218], [113.94708251953148, 22.43763732910179], [113.94680786132824, 22.43763732910179], [113.94680786132824, 22.436805725097656], [113.94652557373058, 22.436805725097656], [113.94652557373058, 22.435138702392692], [113.94680786132824, 22.435138702392692], [113.94680786132824, 22.43486022949247], [113.94652557373058, 22.43486022949247], [113.94652557373058, 22.434305191040153], [113.94625091552768, 22.434305191040153], [113.94625091552768, 22.43263816833519], [113.94596862792991, 22.43263816833519], [113.94596862792991, 22.432083129882812], [113.94569396972656, 22.432083129882812], [113.94569396972656, 22.431528091430664], [113.94541931152389, 22.431528091430664], [113.94541931152389, 22.431249618530273], [113.94486236572277, 22.431249618530273], [113.94486236572277, 22.43097305297846], [113.94430541992188, 22.43097305297846], [113.94430541992188, 22.430416107177734], [113.94374847412121, 22.430416107177734], [113.94374847412121, 22.43013954162626], [113.94347381591808, 22.43013954162626], [113.94347381591808, 22.4298610687257], [113.94319152832043, 22.4298610687257], [113.94319152832043, 22.42958259582531], [113.94264221191406, 22.42958259582531], [113.94264221191406, 22.42930603027355], [113.94208526611328, 22.42930603027355], [113.94208526611328, 22.42902755737316], [113.9415283203125, 22.42902755737316], [113.9415283203125, 22.42874908447277], [113.94125366210938, 22.42874908447277], [113.94124603271496, 22.428472518920955], [113.94069671630871, 22.428472518920955], [113.94069671630871, 22.428194046020565], [113.94013977050793, 22.428194046020565], [113.94013977050793, 22.427917480468977], [113.94004821777355, 22.427917480468977], [113.93958282470737, 22.427917480468977], [113.93958282470737, 22.427640914916992], [113.93930816650413, 22.427640914916992], [113.93930816650413, 22.42735862731945], [113.93902587890625, 22.42735862731945], [113.93902587890625, 22.427640914916992], [113.93875122070358, 22.427640914916992], [113.93875122070358, 22.42735862731945], [113.93846893310547, 22.42735862731945], [113.93846893310547, 22.42708396911621], [113.93819427490246, 22.42708396911621], [113.9382553100586, 22.426822662353686], [113.93763732910156, 22.426805496216048], [113.93763732910156, 22.426528930664062], [113.93569183349655, 22.426528930664062], [113.93569183349655, 22.426248550415266], [113.93458557128906, 22.426248550415266], [113.93458557128906, 22.425970077514876], [113.93374633789074, 22.425970077514876], [113.93374633789074, 22.42569351196289], [113.9331970214846, 22.42569351196289], [113.9331970214846, 22.42541885376005], [113.93291473388672, 22.42541885376005], [113.93291473388672, 22.42514038085949], [113.93235778808594, 22.42514038085949], [113.93235778808594, 22.424861907959098], [113.93152618408203, 22.424861907959098], [113.93152618408203, 22.424583435058537], [113.93069458007824, 22.424583435058537], [113.93069458007824, 22.424304962158146], [113.92958068847679, 22.424304962158146], [113.92958068847679, 22.424026489257812], [113.92930603027344, 22.424026489257812], [113.92930603027344, 22.42374992370634], [113.92874908447266, 22.42374992370634], [113.92874908447266, 22.42319488525402], [113.92763519287132, 22.42323112487793], [113.92763519287132, 22.42374992370634], [113.92541503906261, 22.42374992370634], [113.92540740966808, 22.424026489257812], [113.92236328125011, 22.424026489257812], [113.92236328125011, 22.42374992370634], [113.92152404785179, 22.42374992370634], [113.92151641845703, 22.423471450805778], [113.92097473144543, 22.423471450805778], [113.92097473144543, 22.42319488525402], [113.92013549804688, 22.42319488525402], [113.92013549804688, 22.42291641235363], [113.92004394531273, 22.42291641235363], [113.91930389404308, 22.42291641235363], [113.91930389404308, 22.42263793945324], [113.91847229003929, 22.42263793945324], [113.91847229003929, 22.422361373901424], [113.9179153442384, 22.422361373901424], [113.9179153442384, 22.422082901001033], [113.91708374023438, 22.422082901001033], [113.91708374023438, 22.421806335449446], [113.91569519042969, 22.421806335449446], [113.91569519042969, 22.421527862549055], [113.91458129882824, 22.42152976989763], [113.91458129882824, 22.421806335449446], [113.91430664062523, 22.421806335449446], [113.91430664062523, 22.421249389648665], [113.91402435302768, 22.421249389648665], [113.91401672363315, 22.42097282409668], [113.91374969482445, 22.42097282409668], [113.91374969482445, 22.41986083984392], [113.9134750366211, 22.41986083984392], [113.91346740722656, 22.418472290039176], [113.91319274902389, 22.418472290039176], [113.91319274902389, 22.417917251587028], [113.91291809082031, 22.417917251587028], [113.91291809082031, 22.417638778686637], [113.91236114501953, 22.417638778686637], [113.91236114501953, 22.417360305786417], [113.91208648681652, 22.417360305786417], [113.91208648681652, 22.417083740234432], [113.91180419921898, 22.417083740234432], [113.91180419921898, 22.416805267334098], [113.91124725341808, 22.416805267334098], [113.91124725341808, 22.416528701782454], [113.91097259521518, 22.416528701782454], [113.91097259521518, 22.416250228882063], [113.91069793701195, 22.416250228882063], [113.91069793701195, 22.415973663330078], [113.91041564941406, 22.415973663330078], [113.91041564941406, 22.415695190429915], [113.90985870361328, 22.415695190429915], [113.90985870361328, 22.415416717529524], [113.90958404541027, 22.415416717529524], [113.90958404541027, 22.415138244629134], [113.90930938720703, 22.415138244629134], [113.9093017578125, 22.41492462158203], [113.90875244140648, 22.41486167907715], [113.90875244140648, 22.414583206176758], [113.90847015380871, 22.414583206176758], [113.90847015380871, 22.41402816772461], [113.90819549560558, 22.41402816772461], [113.90819549560558, 22.413473129272404], [113.90722656250023, 22.413473129272404], [113.90708160400436, 22.413473129272404], [113.90708160400436, 22.413194656372013], [113.90680694580078, 22.413194656372013], [113.90680694580078, 22.41263771057129], [113.90652465820324, 22.41263771057129], [113.90652465820324, 22.4123592376709], [113.90625, 22.4123592376709], [113.90625, 22.412082672119254], [113.90597534179688, 22.412082672119254], [113.90597534179688, 22.411529541015852], [113.90569305419945, 22.411529541015852], [113.90569305419945, 22.41124725341797], [113.90541839599621, 22.41124725341797], [113.90541839599621, 22.4109725952149], [113.90486145019565, 22.4109725952149], [113.90486145019565, 22.41069412231451], [113.90458679199241, 22.41069412231451], [113.90454864501976, 22.4104194641115], [113.90430450439453, 22.4104194641115], [113.90430450439453, 22.40986061096214], [113.90402984619186, 22.40986061096214], [113.90402984619186, 22.409584045410156], [113.90374755859375, 22.409584045410156], [113.90374755859375, 22.4090251922608], [113.90347290039074, 22.4090251922608], [113.90347290039074, 22.408472061157227], [113.9031982421875, 22.408472061157227], [113.9031982421875, 22.408193588256836], [113.90291595458984, 22.408193588256836], [113.90287017822288, 22.407638549804688], [113.90264129638695, 22.407640457153434], [113.90264129638695, 22.407361984253043], [113.90235900878918, 22.407361984253043], [113.90235900878918, 22.406806945800895], [113.90208435058605, 22.406806945800895], [113.90203094482422, 22.406528472900504], [113.9018020629884, 22.40653038024908], [113.9018020629884, 22.406250000000284], [113.90152740478538, 22.406250000000284], [113.90152740478538, 22.405693054199332], [113.9018020629884, 22.405693054199332], [113.9018020629884, 22.405416488647575], [113.90235900878918, 22.405416488647575], [113.90235900878918, 22.40486145019537], [113.9031982421875, 22.40486145019537], [113.9031982421875, 22.404584884643782], [113.90430450439453, 22.404584884643782], [113.90430450439453, 22.40430641174339], [113.90449523925781, 22.40430641174339], [113.90597534179688, 22.40430641174339], [113.90597534179688, 22.404027938843], [113.90680694580078, 22.404027938843], [113.90680694580078, 22.40374946594261], [113.90791320800815, 22.40374946594261], [113.90791320800815, 22.404027938843], [113.90902709960938, 22.404027938843], [113.90902709960938, 22.40374946594261], [113.90958404541027, 22.40374946594261], [113.90958404541027, 22.403472900390625], [113.90985870361328, 22.403472900390625], [113.90985870361328, 22.403194427490234], [113.91014099121139, 22.403194427490234], [113.91014099121139, 22.40291595459007], [113.91069793701195, 22.40291595459007], [113.91069793701195, 22.40236282348627], [113.91180419921898, 22.40236282348627], [113.91180419921898, 22.402639389038086], [113.91291809082031, 22.402639389038086], [113.91291809082031, 22.40236282348627], [113.9134750366211, 22.40236282348627], [113.9134750366211, 22.401805877685547], [113.91374969482445, 22.401805877685547], [113.91374969482445, 22.401527404785156], [113.91402435302768, 22.401527404785156], [113.91402435302768, 22.401252746582088], [113.91458129882824, 22.401252746582088], [113.91458129882824, 22.40097236633312], [113.9148635864259, 22.40097236633312], [113.9148635864259, 22.400417327880973], [113.91513824462902, 22.400417327880973], [113.91513824462902, 22.399305343628043], [113.9148635864259, 22.399305343628043], [113.9148635864259, 22.398471832275447], [113.91513824462902, 22.398471832275447], [113.91513824462902, 22.397636413574332], [113.9148635864259, 22.397636413574332], [113.91485595703148, 22.397361755371094], [113.91458129882824, 22.397361755371094], [113.91458129882824, 22.397083282470703], [113.91402435302768, 22.397083282470703], [113.91402435302768, 22.396804809570312], [113.91374969482445, 22.396804809570312], [113.91374969482445, 22.39569473266596], [113.91402435302768, 22.39569473266596], [113.91402435302768, 22.395416259765625], [113.91430664062523, 22.395416259765625], [113.91430664062523, 22.39513969421415], [113.91458129882824, 22.39513969421415], [113.91458129882824, 22.39374923706066], [113.9148635864259, 22.39374923706066], [113.9148635864259, 22.392360687256087], [113.91513824462902, 22.392360687256087], [113.91513824462902, 22.3920841217041], [113.91596984863281, 22.3920841217041], [113.91600799560558, 22.39180564880394], [113.9165267944336, 22.39180564880394], [113.9165267944336, 22.391527175903548], [113.9168090820317, 22.391527175903548], [113.9168090820317, 22.391250610351733], [113.91735839843773, 22.391250610351733], [113.91735839843773, 22.390972137451172], [113.91819763183605, 22.390972137451172], [113.91819763183605, 22.39069366455078], [113.91874694824219, 22.39069366455078], [113.91874694824219, 22.390417098999023], [113.91902923583984, 22.390417098999023], [113.91902923583984, 22.390138626098633], [113.91958618164062, 22.390138626098633], [113.91960144042969, 22.38986206054699], [113.92013549804688, 22.38986206054699], [113.92017364501953, 22.38902854919445], [113.92041778564476, 22.38902854919445], [113.92041778564476, 22.38819503784191], [113.920692443848, 22.38819503784191], [113.920692443848, 22.386806488037337], [113.92097473144543, 22.386806488037337], [113.9209671020509, 22.385137557983626], [113.920692443848, 22.385137557983626], [113.920692443848, 22.384859085083235], [113.92041778564476, 22.384859085083235], [113.92041778564476, 22.38430786132824], [113.92013549804688, 22.38430786132824], [113.92013549804688, 22.382083892822322], [113.9198608398442, 22.382083892822322], [113.9198608398442, 22.380971908569393], [113.91958618164062, 22.380971908569393], [113.91958618164062, 22.380416870117415], [113.91930389404308, 22.380416870117415], [113.91930389404308, 22.380138397217024], [113.91902923583984, 22.380138397217024], [113.91902923583984, 22.37958335876465], [113.91819763183605, 22.37958335876465], [113.91819763183605, 22.379304885864258], [113.9176406860355, 22.379304885864258], [113.9176406860355, 22.37874984741211], [113.9168090820317, 22.37874984741211], [113.9168090820317, 22.3790283203125], [113.9165267944336, 22.3790283203125], [113.9165267944336, 22.37847137451189], [113.91625213623058, 22.37847137451189], [113.91625213623058, 22.378194808959904], [113.91569519042969, 22.378194808959904], [113.91569519042969, 22.37791633605957], [113.91513824462902, 22.37791633605957], [113.91513824462902, 22.377639770508097], [113.9148635864259, 22.377639770508097], [113.9148635864259, 22.377361297607536], [113.91507720947288, 22.377361297607536], [113.91513061523438, 22.376527786254996], [113.9148635864259, 22.376527786254996], [113.9148635864259, 22.37597274780279], [113.91513824462902, 22.37597274780279], [113.91513824462902, 22.375415802002067], [113.91541290283203, 22.375415802002067], [113.91541290283203, 22.375139236450423], [113.91513824462902, 22.375139236450423], [113.91513824462902, 22.374862670898438], [113.91541290283203, 22.374862670898438], [113.91541290283203, 22.374305725097884], [113.91569519042969, 22.374305725097884], [113.91569519042969, 22.374027252197493], [113.91596984863281, 22.374027252197493], [113.91596984863281, 22.37375068664568], [113.91625213623058, 22.37375068664568], [113.91625213623058, 22.373193740844727], [113.9168090820317, 22.373193740844727], [113.91683197021496, 22.372640609741325], [113.91708374023438, 22.372640609741325], [113.91708374023438, 22.372083663940373], [113.91735839843773, 22.372083663940373], [113.91735839843773, 22.371805191039982], [113.9176406860355, 22.371805191039982], [113.9176406860355, 22.37153053283697], [113.9179153442384, 22.37153053283697], [113.9179153442384, 22.371805191039982], [113.91819763183605, 22.371805191039982], [113.91819763183605, 22.372083663940373], [113.91847229003929, 22.372083663940373], [113.91847229003929, 22.373193740844727], [113.91874694824219, 22.373193740844727], [113.91874694824219, 22.373472213745117], [113.91902923583984, 22.373472213745117], [113.91902923583984, 22.37375068664568], [113.91958618164062, 22.37375068664568], [113.91958618164062, 22.373193740844727], [113.9198608398442, 22.373193740844727], [113.9198608398442, 22.372358322143782], [113.92013549804688, 22.372358322143782], [113.92013549804688, 22.371805191039982], [113.92041778564476, 22.371805191039982], [113.92041778564476, 22.37153053283697], [113.920692443848, 22.37153053283697], [113.920692443848, 22.370695114135856], [113.92097473144543, 22.370695114135856], [113.92097473144543, 22.37013626098627], [113.920692443848, 22.37013626098627], [113.920692443848, 22.36986160278326], [113.92041778564476, 22.36986160278326], [113.92041778564476, 22.369026184082145], [113.92124938964855, 22.369026184082145], [113.92124938964855, 22.3687496185305], [113.92152404785179, 22.3687496185305], [113.92152404785179, 22.368473052978516], [113.92180633544922, 22.368473052978516], [113.92180633544922, 22.368194580078125], [113.92236328125011, 22.368194580078125], [113.92236328125011, 22.36791419982916], [113.92263793945312, 22.36791419982916], [113.92263793945312, 22.367639541625977], [113.92402648925793, 22.367639541625977], [113.92402648925793, 22.367361068725756], [113.92458343505882, 22.367361068725756], [113.92458343505882, 22.367082595825195], [113.92485809326172, 22.367082595825195], [113.92485809326172, 22.366804122924805], [113.92541503906261, 22.366804122924805], [113.92541503906261, 22.366527557373047], [113.9262466430664, 22.366527557373047], [113.9262466430664, 22.366249084472656], [113.92652893066429, 22.366249084472656], [113.92652893066429, 22.365972518921012], [113.92708587646507, 22.365972518921012], [113.92708587646507, 22.366249084472656], [113.92736053466808, 22.366249084472656], [113.92736053466808, 22.366527557373047], [113.92763519287132, 22.366527557373047], [113.92763519287132, 22.366804122924805], [113.92986297607422, 22.366804122924805], [113.92986297607422, 22.367082595825195], [113.93041992187534, 22.367082595825195], [113.93041992187534, 22.367639541625977], [113.93069458007824, 22.367639541625977], [113.93069458007824, 22.368194580078125], [113.93125152587913, 22.368194580078125], [113.93125152587913, 22.368473052978516], [113.93152618408203, 22.368473052978516], [113.93152618408203, 22.3687496185305], [113.93347167968784, 22.3687496185305], [113.93347167968784, 22.368473052978516], [113.93395996093773, 22.368473052978516], [113.9340286254884, 22.36791419982916], [113.93430328369163, 22.36791419982916], [113.93430328369163, 22.367639541625977], [113.93458557128906, 22.367639541625977], [113.93458557128906, 22.366804122924805], [113.93486022949219, 22.366804122924805], [113.93486022949219, 22.366249084472656], [113.93458557128906, 22.366249084472656], [113.93458557128906, 22.365695953369254], [113.93430328369163, 22.365695953369254], [113.93430328369163, 22.364860534668253], [113.9340286254884, 22.364860534668253], [113.9340286254884, 22.364027023315543], [113.93374633789074, 22.364027023315543], [113.93374633789074, 22.363193511962947], [113.93347167968784, 22.363193511962947], [113.93347167968784, 22.361804962158203], [113.93374633789074, 22.361804962158203], [113.93374633789074, 22.361528396606445], [113.9340286254884, 22.361528396606445], [113.9340286254884, 22.3612518310548], [113.93514251708996, 22.3612518310548], [113.93514251708996, 22.361804962158203], [113.93541717529297, 22.36181068420416], [113.93541717529297, 22.36263847351097], [113.93569183349655, 22.362640380859546], [113.93569183349655, 22.36291694641136], [113.93597412109375, 22.36291694641136], [113.93597412109375, 22.3637504577639], [113.9362487792971, 22.3637504577639], [113.9362487792971, 22.364582061767692], [113.93653106689487, 22.364582061767692], [113.93653106689487, 22.365139007568473], [113.93680572509777, 22.365139007568473], [113.93680572509777, 22.365417480468864], [113.9370803833009, 22.365417480468864], [113.9370803833009, 22.366249084472656], [113.93736267089866, 22.366249084472656], [113.93736267089866, 22.367082595825195], [113.93763732910156, 22.367082595825195], [113.93763732910156, 22.367639541625977], [113.93791961669922, 22.367639541625977], [113.93791961669922, 22.36791419982916], [113.93875122070358, 22.36791419982916], [113.93875122070358, 22.367639541625977], [113.93902587890625, 22.367639541625977], [113.93902587890625, 22.366804122924805], [113.93930816650413, 22.366804122924805], [113.93930816650413, 22.366249084472656], [113.93985748291027, 22.366249084472656], [113.93985748291027, 22.365695953369254], [113.94097137451172, 22.365695953369254], [113.94097137451172, 22.364582061767692], [113.94125366210938, 22.364582061767692], [113.94126892089855, 22.364305496215934], [113.9415283203125, 22.364305496215934], [113.9415283203125, 22.363473892211914], [113.94125366210938, 22.363473892211914], [113.94125366210938, 22.36291694641136], [113.94097137451172, 22.36291694641136], [113.94097137451172, 22.36236381530756], [113.94125366210938, 22.36236381530756], [113.94125366210938, 22.362083435058594], [113.9415283203125, 22.362083435058594], [113.9415283203125, 22.361804962158203], [113.94180297851608, 22.361804962158203], [113.94180297851608, 22.361528396606445], [113.94235992431663, 22.361528396606445], [113.94235992431663, 22.3612518310548], [113.94319152832043, 22.3612518310548], [113.94319152832043, 22.36096954345726], [113.94347381591808, 22.36096954345726], [113.94347381591808, 22.36069488525385], [113.94430541992188, 22.36069488525385], [113.94430541992188, 22.360416412353516], [113.94438171386719, 22.360416412353516], [113.94486236572277, 22.360416412353516], [113.94486236572277, 22.360141754150447], [113.94513702392578, 22.360139846802042], [113.94513702392578, 22.359306335449332], [113.94541931152389, 22.359306335449332], [113.94541931152389, 22.35902976989769], [113.94596862792991, 22.35902976989769], [113.94596862792991, 22.358747482299805], [113.94680786132824, 22.358747482299805], [113.94680786132824, 22.35902976989769], [113.9473648071289, 22.35902976989769], [113.9473648071289, 22.359306335449332], [113.94763946533203, 22.359306335449332], [113.94763946533203, 22.35986137390148], [113.94791412353527, 22.35986137390148], [113.94791412353527, 22.35958290100109], [113.94819641113281, 22.35958290100109], [113.94819641113281, 22.35902976989769], [113.94847106933639, 22.35902976989769], [113.94847106933639, 22.358747482299805], [113.9487533569336, 22.358747482299805], [113.9487533569336, 22.358194351196346], [113.94930267334018, 22.358194351196346], [113.94930267334018, 22.357915878296012], [113.94985961914074, 22.357915878296012], [113.94985961914074, 22.35763740539562], [113.95014190673851, 22.35763740539562], [113.95014190673851, 22.357360839843977], [113.9504165649414, 22.357360839843977], [113.9504165649414, 22.35680580139183], [113.95069122314453, 22.35680580139183], [113.95069122314453, 22.35652732849144], [113.95124816894531, 22.35652732849144], [113.95124816894531, 22.356250762939624], [113.9518051147461, 22.356250762939624], [113.9518051147461, 22.355972290039062], [113.95319366455101, 22.355972290039062], [113.95319366455101, 22.355693817138672], [113.95430755615234, 22.355693817138672], [113.95430755615234, 22.355972290039062], [113.95458221435592, 22.355972290039062], [113.95458221435592, 22.357084274291992], [113.95486450195312, 22.357084274291992], [113.95486450195312, 22.35680580139183], [113.95513916015648, 22.35680580139183], [113.95513916015648, 22.357084274291992], [113.95569610595726, 22.357084274291992], [113.95569610595726, 22.35680580139183], [113.95541381835972, 22.35680580139183], [113.95541381835972, 22.356250762939624], [113.95513916015648, 22.356250762939624], [113.95513916015648, 22.355972290039062], [113.95486450195312, 22.355972290039062], [113.95486450195312, 22.355693817138672], [113.95513916015648, 22.355693817138672], [113.9551773071289, 22.355138778686523], [113.95569610595726, 22.355138778686523], [113.95571136474632, 22.354860305786133], [113.95597076416027, 22.354860305786133], [113.95597076416027, 22.354583740234318], [113.95625305175793, 22.354583740234318], [113.95625305175793, 22.354860305786133], [113.95652770996105, 22.354860305786133], [113.95652770996105, 22.355138778686523], [113.95708465576172, 22.355138778686523], [113.9570770263673, 22.35680580139183], [113.95652770996105, 22.35680580139183], [113.95652770996105, 22.359306335449332], [113.95625305175793, 22.359306335449332], [113.95625305175793, 22.35986137390148], [113.95597076416027, 22.35986137390148], [113.95597076416027, 22.360139846802042], [113.95680236816406, 22.360141754150447], [113.95680236816406, 22.360416412353516], [113.95708465576172, 22.360416412353516], [113.95708465576172, 22.35986137390148], [113.95764160156261, 22.35986137390148], [113.95764160156261, 22.35958290100109], [113.95791625976562, 22.35958290100109], [113.95791625976562, 22.359306335449332], [113.95903015136753, 22.359306335449332], [113.95903015136753, 22.35902976989769], [113.95958709716808, 22.35902976989769], [113.95958709716808, 22.358472824096737], [113.95986175537132, 22.358472824096737], [113.95986175537132, 22.358194351196346], [113.96013641357422, 22.358194351196346], [113.96013641357422, 22.35763740539562], [113.96041870117188, 22.35763740539562], [113.96041870117188, 22.357360839843977], [113.96097564697266, 22.357360839843977], [113.96097564697266, 22.35680580139183], [113.96125030517624, 22.35680580139183], [113.96125030517624, 22.35652732849144], [113.96180725097679, 22.35652732849144], [113.96180725097679, 22.357084274291992], [113.96208190918003, 22.357084274291992], [113.96208190918003, 22.357915878296012], [113.96291351318382, 22.357915878296012], [113.96291351318382, 22.358194351196346], [113.96319580078125, 22.358194351196346], [113.96319580078125, 22.358472824096737], [113.96291351318382, 22.358472824096737], [113.96290588378906, 22.35902976989769], [113.96263885498058, 22.35902976989769], [113.96263885498058, 22.359306335449332], [113.96208190918003, 22.359306335449332], [113.96208190918003, 22.35986137390148], [113.96180725097679, 22.35986137390148], [113.96180725097679, 22.35958290100109], [113.9615249633789, 22.35958290100109], [113.9615249633789, 22.359306335449332], [113.96097564697266, 22.359306335449332], [113.96096801757812, 22.35958290100109], [113.96069335937511, 22.35958290100109], [113.96069335937511, 22.360416412353516], [113.96041870117188, 22.360416412353516], [113.96041870117188, 22.362083435058594], [113.96013641357422, 22.362083435058594], [113.9601287841798, 22.36236381530756], [113.95986175537132, 22.36236381530756], [113.95986175537132, 22.36291694641136], [113.95958709716808, 22.36291694641136], [113.95954895019543, 22.363473892211914], [113.95930480957043, 22.363473892211914], [113.95930480957043, 22.364860534668253], [113.95903015136753, 22.364860534668253], [113.95903015136753, 22.365417480468864], [113.95945739746094, 22.365417480468864], [113.95958709716808, 22.365417480468864], [113.95958709716808, 22.365695953369254], [113.96013641357422, 22.365695953369254], [113.96013641357422, 22.365417480468864], [113.96041870117188, 22.365417480468864], [113.96041870117188, 22.364860534668253], [113.96069335937511, 22.364860534668253], [113.96069335937511, 22.364582061767692], [113.96125030517624, 22.364582061767692], [113.96126556396496, 22.364305496215934], [113.9615249633789, 22.364305496215934], [113.9615249633789, 22.3637504577639], [113.96208190918003, 22.3637504577639], [113.96208190918003, 22.363473892211914], [113.96236419677746, 22.363473892211914], [113.96236419677746, 22.36291694641136], [113.96263885498058, 22.36291694641136], [113.96263885498058, 22.36263847351097], [113.96402740478516, 22.36263847351097], [113.96402740478516, 22.36291694641136], [113.96514129638706, 22.36291694641136], [113.96514129638706, 22.363193511962947], [113.96541595458996, 22.36319541931175], [113.96541595458996, 22.363473892211914], [113.96564483642624, 22.363473892211914], [113.96708679199219, 22.363473892211914], [113.96708679199219, 22.3637504577639], [113.96736145019577, 22.3637504577639], [113.96736145019577, 22.364027023315543], [113.96763610839844, 22.364027023315543], [113.9676513671875, 22.364305496215934], [113.9684753417971, 22.364311218261662], [113.9684753417971, 22.366527557373047], [113.96819305419956, 22.366527557373047], [113.96819305419956, 22.367082595825195], [113.96791839599632, 22.367082595825195], [113.96791839599632, 22.367361068725756], [113.96763610839844, 22.367361068725756], [113.96763610839844, 22.368194580078125], [113.96791839599632, 22.368194580078125], [113.96791839599632, 22.3687496185305], [113.96986389160156, 22.3687496185305], [113.96986389160156, 22.368194580078125], [113.97013854980469, 22.368194580078125], [113.97013854980469, 22.36791419982916], [113.97069549560547, 22.36791419982916], [113.97071075439453, 22.367639541625977], [113.97125244140625, 22.367639541625977], [113.97125244140625, 22.367082595825195], [113.9715270996096, 22.367082595825195], [113.9715270996096, 22.366804122924805], [113.97347259521496, 22.366804122924805], [113.97347259521496, 22.366527557373047], [113.97402954101608, 22.366527557373047], [113.97402954101608, 22.366249084472656], [113.97430419921875, 22.366249084472656], [113.97430419921875, 22.365695953369254], [113.97486114501987, 22.365695953369254], [113.97486114501987, 22.365417480468864], [113.97513580322277, 22.365417480468864], [113.97513580322277, 22.364860534668253], [113.97569274902366, 22.364860534668253], [113.97569274902366, 22.364582061767692], [113.9759750366211, 22.364582061767692], [113.97599029541027, 22.364305496215934], [113.97624969482422, 22.364305496215934], [113.97624969482422, 22.3637504577639], [113.97652435302746, 22.3637504577639], [113.97652435302746, 22.363473892211914], [113.976806640625, 22.363473892211914], [113.976806640625, 22.36291694641136], [113.97708129882858, 22.36291694641136], [113.97708129882858, 22.36263847351097], [113.976806640625, 22.36263847351097], [113.976806640625, 22.361528396606445], [113.97652435302746, 22.361528396606445], [113.97652435302746, 22.3612518310548], [113.976806640625, 22.3612518310548], [113.976806640625, 22.36096954345726], [113.97708129882858, 22.36096954345726], [113.97708129882858, 22.36069488525385], [113.9790267944336, 22.36069488525385], [113.9790267944336, 22.36096954345726], [113.97930908203125, 22.36096954345726], [113.97931671142601, 22.36069488525385], [113.9798583984375, 22.36069488525385], [113.9798583984375, 22.3612518310548], [113.98014068603561, 22.3612518310548], [113.98014068603561, 22.361528396606445], [113.98041534423828, 22.361528396606445], [113.98041534423828, 22.362083435058594], [113.98014068603561, 22.362083435058594], [113.98014068603561, 22.36291694641136], [113.97958374023449, 22.36291694641136], [113.97958374023449, 22.3637504577639], [113.97930908203125, 22.3637504577639], [113.97930908203125, 22.365417480468864], [113.9798583984375, 22.365417480468864], [113.9798583984375, 22.365139007568473], [113.98014068603561, 22.365139007568473], [113.98014068603561, 22.364582061767692], [113.98069763183616, 22.364582061767692], [113.9807357788086, 22.364305496215934], [113.9812469482423, 22.364305496215934], [113.9812469482423, 22.363473892211914], [113.98152923583996, 22.363473892211914], [113.98152923583996, 22.36319541931175], [113.9818038940432, 22.363193511962947], [113.9818038940432, 22.36291694641136], [113.98263549804699, 22.36292457580589], [113.98263549804699, 22.363193511962947], [113.98291778564453, 22.36319541931175], [113.98291778564453, 22.363473892211914], [113.9830322265625, 22.363473892211914], [113.98374938964866, 22.363473892211914], [113.98374938964866, 22.364027023315543], [113.98458099365246, 22.36404037475586], [113.98458099365246, 22.364305496215934], [113.98666381835949, 22.364305496215934], [113.98680877685592, 22.364305496215934], [113.98680877685592, 22.364582061767692], [113.98735809326195, 22.364582061767692], [113.98735809326195, 22.365139007568473], [113.98764038085972, 22.365139007568473], [113.98764038085972, 22.365417480468864], [113.98791503906261, 22.365417480468864], [113.98791503906261, 22.365695953369254], [113.98819732666027, 22.365695953369254], [113.98819732666027, 22.366249084472656], [113.98847198486351, 22.366249084472656], [113.98847198486351, 22.366804122924805], [113.9887466430664, 22.366804122924805], [113.9887466430664, 22.367639541625977], [113.9893035888673, 22.367639541625977], [113.9893035888673, 22.3687496185305], [113.98958587646484, 22.3687496185305], [113.98958587646484, 22.369026184082145], [113.9893035888673, 22.369026184082145], [113.9893035888673, 22.36986160278326], [113.9901351928711, 22.36986160278326], [113.9901351928711, 22.3687496185305], [113.99041748046898, 22.3687496185305], [113.99041748046898, 22.368194580078125], [113.99069213867222, 22.368194580078125], [113.99069213867222, 22.36791419982916], [113.99180603027344, 22.36791419982916], [113.99180603027344, 22.367639541625977], [113.99153137207054, 22.367639541625977], [113.99153137207054, 22.366804122924805], [113.99180603027344, 22.366804122924805], [113.99182128906261, 22.365972518921012], [113.99208068847656, 22.365972518921012], [113.99208068847656, 22.365695953369254], [113.99236297607433, 22.365695953369254], [113.99236297607433, 22.365139007568473], [113.99263763427734, 22.365139007568473], [113.99263763427734, 22.364860534668253], [113.9943084716798, 22.364860534668253], [113.9943084716798, 22.364582061767692], [113.99458312988304, 22.364582061767692], [113.99458312988304, 22.364305496215934], [113.99541473388683, 22.364305496215934], [113.99541473388683, 22.364582061767692], [113.99569702148438, 22.364582061767692], [113.99573516845714, 22.364305496215934], [113.99624633789062, 22.364305496215934], [113.99624633789062, 22.3637504577639], [113.9973602294923, 22.3637504577639], [113.9973602294923, 22.363473892211914], [113.99791717529308, 22.363473892211914], [113.99791717529308, 22.36319541931175], [113.9981918334961, 22.363189697265625], [113.9981918334961, 22.36263847351097], [113.99847412109375, 22.36263847351097], [113.99847412109375, 22.36236381530756], [113.99874877929688, 22.36236381530756], [113.99874877929688, 22.362083435058594], [113.99930572509766, 22.362083435058594], [113.99930572509766, 22.361804962158203], [114.00002288818371, 22.361804962158203], [114.00096893310558, 22.361804962158203], [114.00096893310558, 22.362083435058594], [114.00263977050827, 22.362083435058594], [114.00263977050827, 22.36236381530756], [114.00375366210949, 22.36236381530756], [114.00375366210949, 22.36263847351097], [114.00419616699219, 22.36263847351097], [114.00430297851585, 22.36263847351097], [114.00430297851585, 22.363193511962947], [114.00458526611328, 22.36319541931175], [114.00458526611328, 22.363473892211914], [114.00514221191418, 22.363473892211914], [114.00514221191418, 22.3637504577639], [114.00597381591797, 22.3637504577639], [114.00597381591797, 22.364027023315543], [114.00708007812511, 22.36404037475586], [114.00708007812511, 22.364305496215934], [114.00736236572288, 22.364305496215934], [114.00736236572288, 22.364582061767692], [114.00763702392578, 22.364582061767692], [114.00763702392578, 22.364860534668253], [114.00791931152344, 22.364860534668253], [114.00791931152344, 22.365139007568473], [114.00902557373047, 22.365139007568473], [114.00902557373047, 22.365417480468864], [114.00986480712913, 22.365417480468864], [114.00986480712913, 22.365139007568473], [114.01013946533214, 22.365139007568473], [114.01013946533214, 22.364305496215934], [114.01041412353538, 22.364305496215934], [114.01041412353538, 22.36236381530756], [114.01069641113293, 22.36236381530756], [114.01069641113293, 22.362083435058594], [114.01097106933594, 22.362083435058594], [114.01097106933594, 22.361804962158203], [114.0112533569336, 22.361804962158203], [114.0112533569336, 22.362083435058594], [114.0120849609375, 22.362083435058594], [114.0120849609375, 22.36236381530756], [114.01235961914085, 22.36236381530756], [114.01235961914085, 22.36263847351097], [114.01374816894543, 22.362640380859546], [114.01374816894543, 22.36291694641136], [114.0143051147461, 22.36291694641136], [114.0143051147461, 22.36263847351097], [114.01457977294922, 22.36263847351097], [114.01457977294922, 22.36236381530756], [114.01513671875, 22.36236381530756], [114.01513671875, 22.361804962158203], [114.01541900634811, 22.361804962158203], [114.01541900634811, 22.361528396606445], [114.01569366455078, 22.361528396606445], [114.01570129394531, 22.36096954345726], [114.0162506103519, 22.36096954345726], [114.0162506103519, 22.360416412353516], [114.0163269042971, 22.360416412353516], [114.01680755615246, 22.360416412353516], [114.01680755615246, 22.360141754150447], [114.0170822143557, 22.360139846802042], [114.0170822143557, 22.35986137390148], [114.01736450195312, 22.35986137390148], [114.01736450195312, 22.35958290100109], [114.01763916015625, 22.35958290100109], [114.01763916015625, 22.358747482299805], [114.01791381835949, 22.358747482299805], [114.01791381835949, 22.358194351196346], [114.01819610595703, 22.358194351196346], [114.01819610595703, 22.35763740539562], [114.01847076416061, 22.35763740539562], [114.01847076416061, 22.357360839843977], [114.01875305175781, 22.357360839843977], [114.01875305175781, 22.357084274291992], [114.01902770996116, 22.357084274291992], [114.01902770996116, 22.35680580139183], [114.0193023681644, 22.35680580139183], [114.0193023681644, 22.35652732849144], [114.01985931396496, 22.35652732849144], [114.01985931396496, 22.356250762939624], [114.02014160156273, 22.356250762939624], [114.02014160156273, 22.355972290039062], [114.02034759521496, 22.355972290039062], [114.02041625976562, 22.355693817138672], [114.02124786376953, 22.355693817138672], [114.02124786376953, 22.35541534423828], [114.0220870971682, 22.35541534423828], [114.0220870971682, 22.355693817138672], [114.02236175537143, 22.355693817138672], [114.02236175537143, 22.355972290039062], [114.02319335937523, 22.355972290039062], [114.02319335937523, 22.355693817138672], [114.02375030517578, 22.355693817138672], [114.02375030517578, 22.35541534423828], [114.0251388549807, 22.35541534423828], [114.0251388549807, 22.355138778686523], [114.02625274658214, 22.355138778686523], [114.02625274658214, 22.354860305786133], [114.02708435058594, 22.354860305786133], [114.02708435058594, 22.355138778686523], [114.02735900878906, 22.35514068603527], [114.02740478515636, 22.355421066284237], [114.02874755859398, 22.355421066284237], [114.02874755859398, 22.35514068603527], [114.02900695800793, 22.35514068603527], [114.0304183959961, 22.35514068603527], [114.0304183959961, 22.354850769043196], [114.03070068359386, 22.354850769043196], [114.03070068359386, 22.355421066284237], [114.03180694580101, 22.35541534423828], [114.03180694580101, 22.355693817138672], [114.03208160400425, 22.355693817138672], [114.03208160400425, 22.355972290039062], [114.03373718261764, 22.355970382690657], [114.03373718261764, 22.356250762939624], [114.03402709960938, 22.356250762939624], [114.03402709960938, 22.35653114318859], [114.03485870361351, 22.35653114318859], [114.03485870361351, 22.35680961608898], [114.03514099121128, 22.35680580139183], [114.03514099121128, 22.357084274291992], [114.0370864868164, 22.357084274291992], [114.0370864868164, 22.35680580139183], [114.03791809082054, 22.35680580139183], [114.03791809082054, 22.357084274291992], [114.03819274902378, 22.357084274291992], [114.03819274902378, 22.35680580139183], [114.03874969482433, 22.35680961608898], [114.03874969482433, 22.357360839843977], [114.03901672363304, 22.357360839843977], [114.03901672363304, 22.357641220092773], [114.03930664062511, 22.35763740539562], [114.03930664062511, 22.358194351196346], [114.03958129882812, 22.358194351196346], [114.03958129882812, 22.357915878296012], [114.03986358642578, 22.357915878296012], [114.03986358642578, 22.358472824096737], [114.0401382446289, 22.35847091674833], [114.0401382446289, 22.358747482299805], [114.04041290283249, 22.358747482299805], [114.04041290283249, 22.35902976989769], [114.04070281982422, 22.35902976989769], [114.04070281982422, 22.359310150146484], [114.04125213623047, 22.359306335449332], [114.04125213623047, 22.35986137390148], [114.04235839843761, 22.35986137390148], [114.04235839843761, 22.360141754150447], [114.04264068603538, 22.360141754150447], [114.04264068603538, 22.360420227050838], [114.04319763183594, 22.360416412353516], [114.04319763183594, 22.36069488525385], [114.04486083984409, 22.36069488525385], [114.04486083984409, 22.360416412353516], [114.04541778564464, 22.360416412353516], [114.04541778564464, 22.36069488525385], [114.04597473144531, 22.36069488525385], [114.04597473144531, 22.360416412353516], [114.04680633544922, 22.360420227050838], [114.04680633544922, 22.360141754150447], [114.04763793945335, 22.360141754150447], [114.04763793945335, 22.35986137390148], [114.04902648925781, 22.35986137390148], [114.04902648925781, 22.36069488525385], [114.04930877685547, 22.36069488525385], [114.04930877685547, 22.36096954345726], [114.04957580566418, 22.36096954345726], [114.04957580566418, 22.3612518310548], [114.05014038085983, 22.3612518310548], [114.05014038085983, 22.36181068420416], [114.05124664306652, 22.361804962158203], [114.05124664306652, 22.362083435058594], [114.05263519287121, 22.362083435058594], [114.05263519287121, 22.36236381530756], [114.05319213867233, 22.362361907958984], [114.05319213867233, 22.362640380859546], [114.05374908447288, 22.36263847351097], [114.05374908447288, 22.363189697265625], [114.05403137207031, 22.36319541931175], [114.05403137207031, 22.363473892211914], [114.05458068847668, 22.363470077514762], [114.05458068847668, 22.3637504577639], [114.05487060546886, 22.3637504577639], [114.05487060546886, 22.36404037475586], [114.05513763427746, 22.36404037475586], [114.05513763427746, 22.364311218261662], [114.05541992187523, 22.364305496215934], [114.05541992187523, 22.364582061767692], [114.05552673339855, 22.364582061767692], [114.05708312988281, 22.364580154418945], [114.05708312988281, 22.364860534668253], [114.05735778808616, 22.364860534668253], [114.05735778808616, 22.36541938781761], [114.05791473388683, 22.365417480468864], [114.05791473388683, 22.365695953369254], [114.05819702148449, 22.365695953369254], [114.05819702148449, 22.365417480468864], [114.05847167968773, 22.365417480468864], [114.05847167968773, 22.365695953369254], [114.05902862548828, 22.365695953369254], [114.05902862548828, 22.365417480468864], [114.0595932006836, 22.36541938781761], [114.0595932006836, 22.36514091491705], [114.06014251708984, 22.36514091491705], [114.06014251708984, 22.36541938781761], [114.06215667724655, 22.365417480468864], [114.06318664550781, 22.36541938781761], [114.06318664550781, 22.364860534668253], [114.0634689331057, 22.364860534668253], [114.0634689331057, 22.364580154418945], [114.06402587890636, 22.364582061767692], [114.06402587890636, 22.364305496215934], [114.06430816650402, 22.364311218261662], [114.06430816650402, 22.3637504577639], [114.06485748291016, 22.3637504577639], [114.06485748291016, 22.363470077514762], [114.0656967163086, 22.363473892211914], [114.0656967163086, 22.36319541931175], [114.06625366210938, 22.36319541931175], [114.06625366210938, 22.363473892211914], [114.06652832031273, 22.363473892211914], [114.06652832031273, 22.36319541931175], [114.06764221191418, 22.363189697265625], [114.06764221191418, 22.36291694641136], [114.06819152832031, 22.36291694641136], [114.06819152832031, 22.363189697265625], [114.06958007812523, 22.36319541931175], [114.06958007812523, 22.363473892211914], [114.06984710693393, 22.363473892211914], [114.07125091552757, 22.363470077514762], [114.07125091552757, 22.3637504577639], [114.07152557373047, 22.3637504577639], [114.07152557373047, 22.364860534668253], [114.07208251953136, 22.364860534668253], [114.07208251953136, 22.36541938781761], [114.0723648071289, 22.365417480468864], [114.0723648071289, 22.365695953369254], [114.07291412353516, 22.365695953369254], [114.07291412353516, 22.365972518921012], [114.07319641113304, 22.365972518921012], [114.07319641113304, 22.366376876831055], [114.07319641113304, 22.366529464721964], [114.07334899902366, 22.366529464721964], [114.07375335693371, 22.366529464721964], [114.07375335693371, 22.36680984497076], [114.07402801513683, 22.366804122924805], [114.07402801513683, 22.367082595825195], [114.07457733154297, 22.36708068847679], [114.07457733154297, 22.367361068725756], [114.0751419067384, 22.367361068725756], [114.0751419067384, 22.367639541625977], [114.0754165649414, 22.367639541625977], [114.0754165649414, 22.367361068725756], [114.07569122314499, 22.367361068725756], [114.07569122314499, 22.367919921875114], [114.07624816894554, 22.36791419982916], [114.07624816894554, 22.368194580078125], [114.07653045654331, 22.368194580078125], [114.07653045654331, 22.368473052978516], [114.07707977294933, 22.36847114563011], [114.07707977294933, 22.3687496185305], [114.0773620605471, 22.3687496185305], [114.0773620605471, 22.36847114563011], [114.07763671875, 22.36847114563011], [114.07763671875, 22.3687496185305], [114.07818603515636, 22.3687496185305], [114.07818603515636, 22.369029998779467], [114.07897949218761, 22.369029998779467], [114.08040618896507, 22.369029998779467], [114.08040618896507, 22.3687496185305], [114.08180999755871, 22.3687496185305], [114.08180236816452, 22.368473052978516], [114.08291625976585, 22.368473052978516], [114.08291625976585, 22.368194580078125], [114.08333587646496, 22.368194580078125], [114.08347320556652, 22.368194580078125], [114.08347320556652, 22.368083953857422], [114.08347320556652, 22.36791419982916], [114.08367919921898, 22.36791419982916], [114.08403015136741, 22.367919921875114], [114.08403015136741, 22.367639541625977], [114.08458709716797, 22.36758995056175], [114.08458709716797, 22.367361068725756], [114.08513641357422, 22.367361068725756], [114.08513641357422, 22.36708068847679], [114.08597564697288, 22.367082595825195], [114.08597564697288, 22.366804122924805], [114.0865173339846, 22.36680984497076], [114.0865173339846, 22.366250991821403], [114.08708190917991, 22.366250991821403], [114.08708190917991, 22.365970611572266], [114.08763885498047, 22.365972518921012], [114.08763885498047, 22.365695953369254], [114.08819580078125, 22.365695953369254], [114.08819580078125, 22.365417480468864], [114.08847045898483, 22.365417480468864], [114.08847045898483, 22.365695953369254], [114.08902740478538, 22.365695953369254], [114.08902740478538, 22.365972518921012], [114.08930206298862, 22.365970611572266], [114.08930206298862, 22.366529464721964], [114.09041595458984, 22.366529464721964], [114.09041595458984, 22.36680984497076], [114.09124755859375, 22.36680984497076], [114.09124755859375, 22.366529464721964], [114.09152984619186, 22.366529464721964], [114.09152984619186, 22.36680984497076], [114.09208679199241, 22.366804122924805], [114.09208679199241, 22.367082595825195], [114.09236145019565, 22.36708068847679], [114.09236145019565, 22.367361068725756], [114.09401702880871, 22.367361068725756], [114.09401702880871, 22.367639541625977], [114.09513854980491, 22.367639541625977], [114.09513854980491, 22.368194580078125], [114.09819793701217, 22.368194580078125], [114.09819793701217, 22.368473052978516], [114.09852600097679, 22.368473052978516], [114.09902954101597, 22.368473052978516], [114.09902954101597, 22.368640899658203], [114.09902954101597, 22.3687496185305], [114.09929656982445, 22.3687496185305], [114.09929656982445, 22.369029998779467], [114.09958648681652, 22.369026184082145], [114.09958648681652, 22.36930465698248], [114.09986114501976, 22.36930465698248], [114.09986114501976, 22.36958312988287], [114.10060119628906, 22.36958312988287], [114.10069274902355, 22.36958312988287], [114.10069274902355, 22.36986160278326], [114.10098266601562, 22.369874954223746], [114.10098266601562, 22.370138168335075], [114.10124969482467, 22.370138168335075], [114.10124969482467, 22.370420455932617], [114.10180664062523, 22.370416641235465], [114.10180664062523, 22.370515823364258], [114.10180664062523, 22.370700836181584], [114.10204315185547, 22.370695114135856], [114.10263824462902, 22.370695114135856], [114.10263824462902, 22.370971679687614], [114.10319519042969, 22.370971679687614], [114.10319519042969, 22.371248245239258], [114.10485839843773, 22.371248245239258], [114.10485839843773, 22.370969772338867], [114.1054153442384, 22.370971679687614], [114.1054153442384, 22.370695114135856], [114.10597991943371, 22.370700836181584], [114.10597991943371, 22.370420455932617], [114.10652923583984, 22.370420455932617], [114.10652923583984, 22.370138168335075], [114.10708618164062, 22.370138168335075], [114.10708618164062, 22.36985015869135], [114.1073608398442, 22.36986160278326], [114.1073608398442, 22.36958312988287], [114.10763549804688, 22.36958312988287], [114.10763549804688, 22.36930465698248], [114.10791778564476, 22.36930465698248], [114.10791778564476, 22.369026184082145], [114.108192443848, 22.369029998779467], [114.108192443848, 22.3687496185305], [114.10867309570335, 22.3687496185305], [114.10874938964855, 22.3687496185305], [114.10874938964855, 22.368194580078125], [114.10902404785179, 22.368194580078125], [114.10902404785179, 22.36791419982916], [114.10930633544933, 22.367919921875114], [114.10930633544933, 22.367639541625977], [114.10958099365234, 22.367639541625977], [114.10958099365234, 22.36680984497076], [114.10986328125, 22.36680984497076], [114.10986328125, 22.366529464721964], [114.1104202270509, 22.366529464721964], [114.1104202270509, 22.365970611572266], [114.11096954345726, 22.365972518921012], [114.11096954345726, 22.365695953369254], [114.11125183105469, 22.365695953369254], [114.11125183105469, 22.365417480468864], [114.11152648925804, 22.36541938781761], [114.11152648925804, 22.364580154418945], [114.11180877685581, 22.364582061767692], [114.11180877685581, 22.364027023315543], [114.11207580566429, 22.36404037475586], [114.11208343505871, 22.36319541931175], [114.11217498779308, 22.36319541931175], [114.11235809326183, 22.363193511962947], [114.11235809326183, 22.362083435058594], [114.11208343505871, 22.362083435058594], [114.11209869384788, 22.361766815185547], [114.11190032958996, 22.36178207397478], [114.11152648925804, 22.36181068420416], [114.11152648925804, 22.361677169800032], [114.11152648925804, 22.36069488525385], [114.11125183105469, 22.36069488525385], [114.11125183105469, 22.360416412353516], [114.11096954345726, 22.360416412353516], [114.11096954345726, 22.35958290100109], [114.11152648925804, 22.35958290100109], [114.11152648925804, 22.358472824096737], [114.11208343505871, 22.358472824096737], [114.11208343505871, 22.358747482299805], [114.11235809326183, 22.358747482299805], [114.11235809326183, 22.35902976989769], [114.1129150390625, 22.35902976989769], [114.1129150390625, 22.358747482299805], [114.11319732666016, 22.358747482299805], [114.11319732666016, 22.358194351196346], [114.1134719848634, 22.358194351196346], [114.1134719848634, 22.357360839843977], [114.1137466430664, 22.357360839843977], [114.1137466430664, 22.35680580139183], [114.11402893066452, 22.35680580139183], [114.11402893066452, 22.356250762939624], [114.11430358886719, 22.356250762939624], [114.11430358886719, 22.355972290039062], [114.11458587646507, 22.355972290039062], [114.11458587646507, 22.35402870178234], [114.11486053466831, 22.35402870178234], [114.11486053466831, 22.35347175598156], [114.11458587646507, 22.35347175598156], [114.11458587646507, 22.35291671752941], [114.11430358886719, 22.35291671752941], [114.11430358886719, 22.35263824462902], [114.11402893066452, 22.35263824462902], [114.11402893066452, 22.351249694824446], [114.11430358886719, 22.351249694824446], [114.11430358886719, 22.349306106567383], [114.11458587646507, 22.349306106567383], [114.11458587646507, 22.349027633666992], [114.11486053466831, 22.349027633666992], [114.11486053466831, 22.3487491607666], [114.11513519287121, 22.3487491607666], [114.11513519287121, 22.348472595214957], [114.11541748046886, 22.348472595214957], [114.11541748046886, 22.348194122314396], [114.1156921386721, 22.348194122314396], [114.1156921386721, 22.34791755676281], [114.11597442626953, 22.34791755676281], [114.11597442626953, 22.34763908386242], [114.11624908447266, 22.34763908386242], [114.11624908447266, 22.34735870361328], [114.11708068847702, 22.34735870361328], [114.11708068847702, 22.347084045410213], [114.11736297607422, 22.347084045410213], [114.11736297607422, 22.34680557250988], [114.11763763427757, 22.34680557250988], [114.11763763427757, 22.347084045410213], [114.11819458007824, 22.347084045410213], [114.11819458007824, 22.34735870361328], [114.11846923828136, 22.34735870361328], [114.11846923828136, 22.34763908386242], [114.11875152587913, 22.34763908386242], [114.11875152587913, 22.34791755676281], [114.11930847167969, 22.34791755676281], [114.11930847167969, 22.34763908386242], [114.11958312988293, 22.34763908386242], [114.11958312988293, 22.347084045410213], [114.11985778808594, 22.347084045410213], [114.11985778808594, 22.346645355224894], [114.11985778808594, 22.34652709960949], [114.12014007568405, 22.34652709960949], [114.12014007568405, 22.346309661865234], [114.12014007568405, 22.34541893005371], [114.12041473388672, 22.34541893005371], [114.12041473388672, 22.34486198425293], [114.1206970214846, 22.34486198425293], [114.1206970214846, 22.34430503845215], [114.12097167968784, 22.34430503845215], [114.12097167968784, 22.344223022460994], [114.12097167968784, 22.344026565551985], [114.12124633789074, 22.344026565551985], [114.12124633789074, 22.343534469604492], [114.1215286254884, 22.34347152709978], [114.1215286254884, 22.34282875061035], [114.1215286254884, 22.342636108398438], [114.12180328369163, 22.342636108398438], [114.12180328369163, 22.341777801513672], [114.12180328369163, 22.341527938842887], [114.12208557128918, 22.341527938842887], [114.12208557128918, 22.340755462646428], [114.12236022949219, 22.34069442749029], [114.12236022949219, 22.340414047241325], [114.12264251708984, 22.340414047241325], [114.12264251708984, 22.33944320678711], [114.12264251708984, 22.339305877685774], [114.12291717529297, 22.339305877685774], [114.12291717529297, 22.339031219482536], [114.12291717529297, 22.338472366333008], [114.12319183349655, 22.338472366333008], [114.12319183349655, 22.337360382080078], [114.12347412109375, 22.337360382080078], [114.12347412109375, 22.33763885498047], [114.12430572509788, 22.33763885498047], [114.12430572509788, 22.33791732788086], [114.12513732910168, 22.33791732788086], [114.12513732910168, 22.338193893432617], [114.12596893310547, 22.338193893432617], [114.12596893310547, 22.338472366333008], [114.12708282470703, 22.338472366333008], [114.12708282470703, 22.33875083923357], [114.1274566650394, 22.33875083923357], [114.12819671630871, 22.33875083923357], [114.12819671630871, 22.338472366333008], [114.12847137451195, 22.338472366333008], [114.12847137451195, 22.33763885498047], [114.12875366210938, 22.33763885498047], [114.12875366210938, 22.337083816528263], [114.12808227539062, 22.337083816528263], [114.12791442871105, 22.337083816528263], [114.12791442871105, 22.336805343627873], [114.12680816650436, 22.336805343627873], [114.12680816650436, 22.33652687072754], [114.12596893310547, 22.33652687072754], [114.12596893310547, 22.336250305176065], [114.12486267089855, 22.336250305176065], [114.12486267089855, 22.33597373962408], [114.12403106689453, 22.33597373962408], [114.12403106689453, 22.33430480957037], [114.12430572509788, 22.33430480957037], [114.12430572509788, 22.333194732666016], [114.1245803833009, 22.333194732666016], [114.1245803833009, 22.33235931396507], [114.12486267089855, 22.33235931396507], [114.12486267089855, 22.330972671508903], [114.12513732910168, 22.330972671508903], [114.12513732910168, 22.3304195404055], [114.12541961669945, 22.33041572570795], [114.12541961669945, 22.32958412170416], [114.12569427490234, 22.32958412170416], [114.12569427490234, 22.32875061035179], [114.12625122070324, 22.32875061035179], [114.12625122070324, 22.32847213745123], [114.12680816650436, 22.32847213745123], [114.12680816650436, 22.327915191650447], [114.12763977050815, 22.327915191650447], [114.12763977050815, 22.328193664550838], [114.12875366210938, 22.328193664550838], [114.12875366210938, 22.32847213745123], [114.12985992431686, 22.32847213745123], [114.12985992431686, 22.32875061035179], [114.13069152832065, 22.32875061035179], [114.13069152832065, 22.32902526855463], [114.13180541992188, 22.32902526855463], [114.13180541992188, 22.329305648803825], [114.13263702392578, 22.329305648803825], [114.13263702392578, 22.32958412170416], [114.13402557373058, 22.32958412170416], [114.13402557373058, 22.329305648803825], [114.13430786132824, 22.329305648803825], [114.13430786132824, 22.328193664550838], [114.13458251953148, 22.328193664550838], [114.13458251953148, 22.32763862609886], [114.13375091552768, 22.32763862609886], [114.13375091552768, 22.327362060546875], [114.13291931152389, 22.32736015319847], [114.13291931152389, 22.327083587646484], [114.132080078125, 22.327083587646484], [114.132080078125, 22.326805114746094], [114.13124847412121, 22.326805114746094], [114.13124847412121, 22.326528549194336], [114.13041687011741, 22.326528549194336], [114.13041687011741, 22.326250076293945], [114.12958526611328, 22.326250076293945], [114.12956237792969, 22.325971603393725], [114.12875366210938, 22.325971603393725], [114.12875366210938, 22.325693130493164], [114.12859344482456, 22.325693130493164], [114.12847137451195, 22.325693130493164], [114.12847137451195, 22.325416564941406], [114.12765502929688, 22.325416564941406], [114.12708282470703, 22.325416564941406], [114.12708282470703, 22.325138092041016], [114.12682342529308, 22.325138092041016], [114.12625122070324, 22.325138092041016], [114.12625122070324, 22.324987411499023], [114.12625122070324, 22.32486152648937], [114.12568664550793, 22.32486152648937], [114.12541961669945, 22.32486152648937], [114.12541961669945, 22.32458305358898], [114.1245803833009, 22.32458305358898], [114.1245803833009, 22.324306488037223], [114.12403106689453, 22.324306488037223], [114.12403106689453, 22.32458305358898], [114.1237487792971, 22.32458305358898], [114.1237487792971, 22.32486152648937], [114.12264251708984, 22.32486152648937], [114.12264251708984, 22.324306488037223], [114.12236022949219, 22.32430458068842], [114.12236022949219, 22.324028015136832], [114.12208557128918, 22.324028015136832], [114.12208557128918, 22.32347106933622], [114.12180328369163, 22.32347106933622], [114.12180328369163, 22.322916030883903], [114.1215286254884, 22.322916030883903], [114.1215286254884, 22.322082519531307], [114.12180328369163, 22.322082519531307], [114.12180328369163, 22.32180595397972], [114.1215286254884, 22.32180595397972], [114.1215286254884, 22.32152748107933], [114.12180328369163, 22.32152748107933], [114.12180328369163, 22.320972442626953], [114.12208557128918, 22.320972442626953], [114.12208557128918, 22.320693969726562], [114.12236022949219, 22.320693969726562], [114.12236022949219, 22.320417404174805], [114.12291717529297, 22.320417404174805], [114.12291717529297, 22.32014083862316], [114.12319183349655, 22.32014083862316], [114.12319183349655, 22.319858551025618], [114.1237487792971, 22.319858551025618], [114.1237487792971, 22.31958389282221], [114.12403106689453, 22.31958389282221], [114.12403106689453, 22.319305419921818], [114.1245803833009, 22.319305419921818], [114.1245803833009, 22.31902885437023], [114.12486267089855, 22.31902885437023], [114.12486267089855, 22.318748474121094], [114.12541961669945, 22.318748474121094], [114.12541961669945, 22.31847190856945], [114.12569427490234, 22.31847190856945], [114.12569427490234, 22.318195343017692], [114.12625122070324, 22.318195343017692], [114.12625122070324, 22.317918777466048], [114.12652587890625, 22.317918777466048], [114.12652587890625, 22.317636489868107], [114.12708282470703, 22.317636489868107], [114.12708282470703, 22.317361831665096], [114.12763977050815, 22.317361831665096], [114.12763977050815, 22.317083358764705], [114.12819671630871, 22.317083358764705], [114.12819671630871, 22.316804885864315], [114.13124847412121, 22.316804885864315], [114.13124847412121, 22.317083358764705], [114.13180541992188, 22.317083358764705], [114.13180541992188, 22.317361831665096], [114.13236236572277, 22.317361831665096], [114.13236236572277, 22.317636489868107], [114.13269805908226, 22.317640304565657], [114.13291931152389, 22.317640304565657], [114.13291931152389, 22.317920684814453], [114.13375091552768, 22.317920684814453], [114.13375091552768, 22.318195343017692], [114.13652801513695, 22.318195343017692], [114.13652801513695, 22.317918777466048], [114.13986206054688, 22.317918777466048], [114.13986206054688, 22.317636489868107], [114.14013671875023, 22.317636489868107], [114.14013671875023, 22.317361831665096], [114.140419006348, 22.317361831665096], [114.140419006348, 22.317083358764705], [114.1406936645509, 22.317083358764705], [114.1406936645509, 22.316804885864315], [114.14125061035179, 22.316804885864315], [114.14125061035179, 22.316249847412337], [114.14180755615234, 22.316249847412337], [114.14180755615234, 22.31569480895996], [114.14208221435558, 22.31569480895996], [114.14208221435558, 22.315416336059798], [114.14319610595726, 22.31542015075695], [114.14319610595726, 22.31569480895996], [114.1434707641605, 22.315700531005916], [114.1434707641605, 22.31652641296398], [114.14375305175793, 22.31652641296398], [114.14375305175793, 22.316804885864315], [114.14402770996105, 22.316804885864315], [114.14402770996105, 22.317083358764705], [114.14375305175793, 22.317083358764705], [114.14375305175793, 22.318195343017692], [114.1434707641605, 22.318195343017692], [114.1434707641605, 22.31847190856945], [114.14375305175793, 22.31847190856945], [114.14375305175793, 22.318748474121094], [114.14402770996105, 22.318748474121094], [114.14402770996105, 22.319305419921818], [114.14430236816429, 22.319305419921818], [114.14430236816429, 22.31958389282221], [114.14458465576172, 22.31958389282221], [114.14458465576172, 22.319858551025618], [114.14485931396484, 22.319858551025618], [114.14485931396484, 22.32014083862316], [114.14514160156261, 22.32014083862316], [114.14514160156261, 22.320417404174805], [114.1456909179692, 22.320417404174805], [114.1456909179692, 22.320693969726562], [114.1459732055664, 22.320693969726562], [114.1459732055664, 22.32125282287592], [114.14624786376976, 22.32125282287592], [114.14624786376976, 22.32152748107933], [114.14680480957043, 22.32152748107933], [114.14680480957043, 22.322082519531307], [114.14653015136753, 22.322082519531307], [114.14653015136753, 22.322362899780273], [114.14624786376976, 22.322362899780273], [114.14624786376976, 22.32263946533226], [114.1459732055664, 22.32263946533226], [114.1459732055664, 22.322916030883903], [114.1456909179692, 22.322916030883903], [114.1456909179692, 22.323194503784237], [114.14514160156261, 22.323194503784237], [114.14511871337936, 22.32347106933622], [114.14458465576172, 22.32347106933622], [114.14458465576172, 22.323749542236442], [114.14402770996105, 22.323749542236442], [114.14402770996105, 22.324028015136832], [114.14375305175793, 22.324028015136832], [114.14375305175793, 22.32430458068842], [114.14344787597668, 22.324306488037223], [114.14319610595726, 22.324306488037223], [114.14319610595726, 22.32486152648937], [114.14291381835938, 22.324871063232536], [114.14291381835938, 22.325138092041016], [114.14319610595726, 22.325139999389933], [114.14319610595726, 22.325416564941406], [114.1434707641605, 22.325416564941406], [114.1434707641605, 22.325971603393725], [114.14375305175793, 22.325971603393725], [114.14375305175793, 22.326250076293945], [114.14402770996105, 22.326250076293945], [114.14402770996105, 22.326528549194336], [114.14430236816429, 22.326528549194336], [114.14430236816429, 22.327083587646484], [114.14624786376976, 22.327083587646484], [114.14624786376976, 22.326805114746094], [114.14653015136753, 22.326805114746094], [114.14653015136753, 22.326528549194336], [114.14680480957043, 22.326528549194336], [114.14680480957043, 22.326250076293945], [114.14736175537132, 22.326250076293945], [114.14736175537132, 22.325971603393725], [114.14819335937511, 22.325971603393725], [114.14819335937511, 22.325693130493164], [114.14875030517624, 22.325693130493164], [114.14877319335938, 22.325416564941406], [114.1490249633789, 22.325416564941406], [114.1490249633789, 22.325138092041016], [114.14930725097679, 22.325138092041016], [114.14930725097679, 22.32486152648937], [114.14986419677757, 22.32486152648937], [114.14986419677757, 22.32458305358898], [114.15035247802734, 22.32458305358898], [114.15045928955124, 22.324306488037223], [114.15097045898438, 22.324306488037223], [114.15097045898438, 22.324028015136832], [114.15125274658203, 22.324028015136832], [114.15125274658203, 22.32347106933622], [114.15152740478516, 22.32347106933622], [114.15152740478516, 22.323194503784237], [114.15164184570312, 22.323194503784237], [114.15180969238293, 22.323202133178825], [114.15180206298874, 22.322916030883903], [114.15193939209007, 22.322931289672965], [114.15225982666016, 22.32296943664545], [114.15235900878929, 22.322916030883903], [114.15235900878929, 22.32263946533226], [114.15264129638672, 22.32263946533226], [114.15264129638672, 22.322362899780273], [114.15319824218784, 22.322362899780273], [114.15319824218784, 22.322082519531307], [114.15347290039074, 22.322082519531307], [114.15347290039074, 22.32180595397972], [114.15374755859386, 22.32180595397972], [114.15374755859386, 22.32152748107933], [114.15402984619163, 22.32152748107933], [114.15402984619163, 22.32125282287592], [114.15430450439453, 22.32125282287592], [114.15430450439453, 22.320972442626953], [114.15443420410168, 22.320972442626953], [114.15458679199219, 22.320972442626953], [114.15458679199219, 22.320693969726562], [114.15486145019543, 22.320693969726562], [114.15486145019543, 22.320417404174805], [114.15513610839844, 22.320417404174805], [114.15513610839844, 22.32014083862316], [114.15541839599655, 22.32014083862316], [114.15541839599655, 22.31958389282221], [114.15569305419922, 22.31958389282221], [114.15569305419922, 22.319305419921818], [114.1559753417971, 22.319305419921818], [114.1559753417971, 22.31902885437023], [114.15625000000034, 22.31902885437023], [114.15625000000034, 22.31847190856945], [114.15652465820324, 22.31847190856945], [114.15652465820324, 22.317918777466048], [114.1568069458009, 22.317918777466048], [114.1568069458009, 22.317361831665096], [114.15708160400413, 22.317361831665096], [114.15708160400413, 22.316804885864315], [114.15736389160156, 22.316804885864315], [114.15736389160156, 22.31652641296398], [114.15763854980469, 22.31652641296398], [114.15763854980469, 22.315971374511946], [114.15791320800793, 22.315971374511946], [114.15791320800793, 22.315416336059798], [114.1568069458009, 22.315416336059798], [114.1568069458009, 22.315139770507812], [114.15541839599655, 22.315139770507812], [114.15541839599655, 22.314861297607592], [114.15499114990257, 22.314861297607592], [114.15486145019543, 22.314861297607592], [114.15486145019543, 22.31236076355009], [114.15513610839844, 22.31236076355009], [114.15513610839844, 22.30902862548828], [114.15541839599655, 22.30902862548828], [114.15541839599655, 22.306804656982365], [114.15569305419922, 22.306804656982365], [114.15569305419922, 22.305973052978572], [114.1559753417971, 22.305973052978572], [114.1559753417971, 22.304582595825252], [114.15625000000034, 22.304582595825252], [114.15625000000034, 22.30430793762207], [114.1559753417971, 22.30430793762207], [114.1559753417971, 22.303747177124137], [114.15569305419922, 22.303747177124137], [114.15569305419922, 22.3034725189209], [114.15541839599655, 22.3034725189209], [114.15541839599655, 22.303209304809798], [114.15541839599655, 22.302083969116154], [114.15569305419922, 22.302083969116154], [114.15569305419922, 22.29986190795904], [114.1559753417971, 22.29986190795904], [114.1559753417971, 22.29964256286621], [114.1559753417971, 22.299303054809684], [114.15625000000034, 22.299303054809684], [114.15625000000034, 22.29958343505865], [114.15638732910168, 22.29958343505865], [114.1568069458009, 22.29958343505865], [114.1568069458009, 22.29986190795904], [114.15736389160156, 22.29986190795904], [114.15736389160156, 22.300138473510856], [114.15763854980469, 22.300138473510856], [114.15763854980469, 22.300416946411246], [114.15819549560547, 22.300416946411246], [114.15819549560547, 22.300693511963004], [114.15875244140625, 22.300695419311637], [114.15875244140625, 22.300971984863395], [114.15930175781284, 22.300971984863395], [114.15930175781284, 22.301250457763956], [114.15958404541027, 22.301250457763956], [114.15958404541027, 22.301525115966797], [114.16014099121116, 22.301525115966797], [114.16014099121116, 22.301805496215763], [114.16069793701172, 22.301805496215763], [114.16069793701172, 22.302083969116154], [114.16152954101608, 22.302083969116154], [114.16152954101608, 22.30236053466797], [114.16236114501987, 22.30236053466797], [114.16236114501987, 22.302637100219954], [114.16291809082043, 22.302637100219954], [114.16291809082043, 22.302919387817667], [114.16319274902366, 22.302919387817667], [114.16319274902366, 22.303194046020508], [114.16347503662121, 22.303194046020508], [114.16347503662121, 22.3034725189209], [114.16374969482422, 22.3034725189209], [114.16374969482422, 22.303747177124137], [114.164306640625, 22.303747177124137], [114.164306640625, 22.30402946472168], [114.16513824462913, 22.30402946472168], [114.16513824462913, 22.30430793762207], [114.16625213623058, 22.30430793762207], [114.16625213623058, 22.303194046020508], [114.16652679443371, 22.303194046020508], [114.16652679443371, 22.300971984863395], [114.16661071777344, 22.300971984863395], [114.16680908203148, 22.300971984863395], [114.16680145263672, 22.29986190795904], [114.16569519042991, 22.29986190795904], [114.16569519042991, 22.29958343505865], [114.16541290283237, 22.29958343505865], [114.16541290283237, 22.298194885253906], [114.16569519042991, 22.298194885253906], [114.16569519042991, 22.297637939453352], [114.16541290283237, 22.297637939453352], [114.16541290283237, 22.297361373901538], [114.1673583984375, 22.297361373901538], [114.1673583984375, 22.297084808349553], [114.16764068603527, 22.297084808349553], [114.16764068603527, 22.296823501587028], [114.16764068603527, 22.295881271362532], [114.16764068603527, 22.29541587829584], [114.1673583984375, 22.29541587829584], [114.1673583984375, 22.295139312744254], [114.16680908203148, 22.295139312744254], [114.16680908203148, 22.29486274719244], [114.16593933105469, 22.29486274719244], [114.16569519042991, 22.29486274719244], [114.16569519042991, 22.29458427429205], [114.16513824462913, 22.294582366943473], [114.16513824462913, 22.294305801391715], [114.16708374023438, 22.294305801391715], [114.16708374023438, 22.294027328491325], [114.16764068603527, 22.294027328491325], [114.16764068603527, 22.29375076293968], [114.16791534423828, 22.29375076293968], [114.16791534423828, 22.29347229003912], [114.16819763183639, 22.29347229003912], [114.16819763183639, 22.29291725158714], [114.16930389404308, 22.29291725158714], [114.16930389404308, 22.292640686035327], [114.17013549804688, 22.292640686035327], [114.17013549804688, 22.29307365417492], [114.17013549804688, 22.29319381713873], [114.17097473144531, 22.29319381713873], [114.17097473144531, 22.29307365417492], [114.17097473144531, 22.29291725158714], [114.17236328125011, 22.29291725158714], [114.17236328125011, 22.292640686035327], [114.17402648925781, 22.292640686035327], [114.17402648925781, 22.292358398437614], [114.1745834350586, 22.292358398437614], [114.1745834350586, 22.292640686035327], [114.17485809326195, 22.292640686035327], [114.17485809326195, 22.29291725158714], [114.17514038085972, 22.29291725158714], [114.17514038085972, 22.29319381713873], [114.17541503906261, 22.29319381713873], [114.17541503906261, 22.29375076293968], [114.17597198486351, 22.29375076293968], [114.17597198486351, 22.294305801391715], [114.1762466430664, 22.294305801391715], [114.1762466430664, 22.29486274719244], [114.17652893066406, 22.29486274719244], [114.17652893066406, 22.295139312744254], [114.1768035888673, 22.295139312744254], [114.1768035888673, 22.29541587829584], [114.17708587646484, 22.29541587829584], [114.17708587646484, 22.295694351196232], [114.1776351928711, 22.295694351196232], [114.1776351928711, 22.295972824096793], [114.17791748046898, 22.295972824096793], [114.17791748046898, 22.296249389648438], [114.17819213867222, 22.296249389648438], [114.17819213867222, 22.296527862548828], [114.17847442626976, 22.296527862548828], [114.17847442626976, 22.297084808349553], [114.17903137207043, 22.297084808349553], [114.17903137207043, 22.297637939453352], [114.17930603027355, 22.297639846801758], [114.17930603027355, 22.297916412353743], [114.17958068847656, 22.297916412353743], [114.17958068847656, 22.298194885253906], [114.17970275878918, 22.298194885253906], [114.1802978515625, 22.298194885253906], [114.18096923828148, 22.298194885253906], [114.18096923828148, 22.297916412353743], [114.18152618408226, 22.297916412353743], [114.18152618408226, 22.297639846801758], [114.18180847168003, 22.297637939453352], [114.18180847168003, 22.297084808349553], [114.18208312988293, 22.297084808349553], [114.18208312988293, 22.29680633544922], [114.18264007568382, 22.29680633544922], [114.18264007568382, 22.296527862548828], [114.18319702148438, 22.296527862548828], [114.18319702148438, 22.296249389648438], [114.18347167968761, 22.296249389648438], [114.18347167968761, 22.296527862548828], [114.18402862548874, 22.296527862548828], [114.18402862548874, 22.29680633544922], [114.18458557128929, 22.29680633544922], [114.18458557128929, 22.297637939453352], [114.18486022949253, 22.297639846801758], [114.18483734130871, 22.29791450500494], [114.18541717529308, 22.297916412353743], [114.18541717529308, 22.299028396606673], [114.18569183349632, 22.299028396606673], [114.18569183349632, 22.299303054809684], [114.18597412109375, 22.299303054809684], [114.18597412109375, 22.29958343505865], [114.18653106689464, 22.29958343505865], [114.18653106689464, 22.29986190795904], [114.18708038330124, 22.29986190795904], [114.18708038330124, 22.300138473510856], [114.18902587890625, 22.300138473510856], [114.18902587890625, 22.29986190795904], [114.1893081665039, 22.29986190795904], [114.1893081665039, 22.300416946411246], [114.19041442871094, 22.300416946411246], [114.19041442871094, 22.300693511963004], [114.19069671630882, 22.300695419311637], [114.19069671630882, 22.300971984863395], [114.19097137451206, 22.300971984863395], [114.19097137451206, 22.301250457763956], [114.1912536621096, 22.301250457763956], [114.1912536621096, 22.301525115966797], [114.1923599243164, 22.301525115966797], [114.1923599243164, 22.301805496215763], [114.19264221191406, 22.301805496215763], [114.19264221191406, 22.302083969116154], [114.19291687011719, 22.302083969116154], [114.19291687011719, 22.30236053466797], [114.19319152832077, 22.30236053466797], [114.19319152832077, 22.303747177124137], [114.19347381591797, 22.303747177124137], [114.19347381591797, 22.30430793762207], [114.19319152832077, 22.30430793762207], [114.19319152832077, 22.304859161377067], [114.19347381591797, 22.304859161377067], [114.19347381591797, 22.305137634277457], [114.19374847412132, 22.305137634277457], [114.19374847412132, 22.30791664123535], [114.19403076171875, 22.30791664123535], [114.19403076171875, 22.30902862548828], [114.19374847412132, 22.30902862548828], [114.19374847412132, 22.30930519104004], [114.19319152832077, 22.30930519104004], [114.19319152832077, 22.310972213745174], [114.19291687011719, 22.310972213745174], [114.19291687011719, 22.311250686645735], [114.19264221191406, 22.311250686645735], [114.19264221191406, 22.31180572509777], [114.1923599243164, 22.31180572509777], [114.1923599243164, 22.31236076355009], [114.1920852661134, 22.31236076355009], [114.1920852661134, 22.313194274902287], [114.19180297851585, 22.313194274902287], [114.19180297851585, 22.313472747802848], [114.1920852661134, 22.313472747802848], [114.1920852661134, 22.31458282470703], [114.1923599243164, 22.314645767211914], [114.1923599243164, 22.314861297607592], [114.19251251220703, 22.314861297607592], [114.19291687011719, 22.314861297607592], [114.19291687011719, 22.315416336059798], [114.19319152832077, 22.315416336059798], [114.19319152832077, 22.31569480895996], [114.19347381591797, 22.31569480895996], [114.19347381591797, 22.31623649597168], [114.19347381591797, 22.316804885864315], [114.1938705444336, 22.316804885864315], [114.19403076171875, 22.316804885864315], [114.19403076171875, 22.317031860351562], [114.19403076171875, 22.317636489868107], [114.1943054199221, 22.317636489868107], [114.1943054199221, 22.31847190856945], [114.19458007812511, 22.31847190856945], [114.19458007812511, 22.31902885437023], [114.19486236572277, 22.31902885437023], [114.19486236572277, 22.319305419921818], [114.1951370239259, 22.319305419921818], [114.1951370239259, 22.31958389282221], [114.19541931152366, 22.31958389282221], [114.19541931152366, 22.319858551025618], [114.19567871093761, 22.319858551025618], [114.19596862792969, 22.319858551025618], [114.19596862792969, 22.32014083862316], [114.19652557373047, 22.32014083862316], [114.19652557373047, 22.319858551025618], [114.19680786132858, 22.319858551025618], [114.19680786132858, 22.31958389282221], [114.19708251953125, 22.31958389282221], [114.19708251953125, 22.319305419921818], [114.19763946533237, 22.319305419921818], [114.19763946533237, 22.31902885437023], [114.19791412353527, 22.31902885437023], [114.19791412353527, 22.318748474121094], [114.19819641113293, 22.318748474121094], [114.19819641113293, 22.31847190856945], [114.1987533569336, 22.31847190856945], [114.1987533569336, 22.318195343017692], [114.19902801513672, 22.318195343017692], [114.19902801513672, 22.317636489868107], [114.1995849609375, 22.317636489868107], [114.1995849609375, 22.317361831665096], [114.19985961914108, 22.317361831665096], [114.19985961914108, 22.317083358764705], [114.20014190673828, 22.317083358764705], [114.20014190673828, 22.31652641296398], [114.2009735107423, 22.31652641296398], [114.2009735107423, 22.316249847412337], [114.20124816894543, 22.316249847412337], [114.20124816894543, 22.315971374511946], [114.2015304565432, 22.315971374511946], [114.2015304565432, 22.31569480895996], [114.2018051147461, 22.31569480895996], [114.2018051147461, 22.315139770507812], [114.20207977294922, 22.315139770507812], [114.20207977294922, 22.314861297607592], [114.20263671875, 22.314861297607592], [114.20263671875, 22.31430435180664], [114.20319366455078, 22.31430435180664], [114.20319366455078, 22.314027786254883], [114.20347595214866, 22.314027786254883], [114.20347595214866, 22.313749313354492], [114.2040252685548, 22.313749313354492], [114.2040252685548, 22.313194274902287], [114.2045822143557, 22.313194274902287], [114.2045822143557, 22.312915802001896], [114.20486450195324, 22.312915802001896], [114.20486450195324, 22.31236076355009], [114.20513916015625, 22.31236076355009], [114.20513916015625, 22.312084197998104], [114.20541381835949, 22.312084197998104], [114.20541381835949, 22.31180572509777], [114.20569610595703, 22.31180572509777], [114.20569610595703, 22.31152725219738], [114.20597076416061, 22.31152725219738], [114.20597076416061, 22.311250686645735], [114.20652770996116, 22.311250686645735], [114.20652770996116, 22.310972213745174], [114.2068023681644, 22.310972213745174], [114.2068023681644, 22.310693740844783], [114.20708465576195, 22.310693740844783], [114.20708465576195, 22.310138702392805], [114.20764160156261, 22.310138702392805], [114.20764160156261, 22.309860229492415], [114.20791625976574, 22.309860229492415], [114.20791625976574, 22.30958366394043], [114.2084732055664, 22.30958366394043], [114.2084732055664, 22.30930519104004], [114.20874786376953, 22.30930519104004], [114.20874786376953, 22.30902862548828], [114.2090301513673, 22.30902862548828], [114.2090301513673, 22.30875015258789], [114.20930480957031, 22.30875015258789], [114.20930480957031, 22.30847167968767], [114.20958709716842, 22.30847167968767], [114.20958709716842, 22.308195114135685], [114.21013641357445, 22.308195114135685], [114.21013641357445, 22.30791664123535], [114.21041870117222, 22.30791664123535], [114.21041870117222, 22.30763816833496], [114.21069335937511, 22.30763816833496], [114.21069335937511, 22.307361602783317], [114.21097564697277, 22.307361602783317], [114.21097564697277, 22.307083129882926], [114.21125030517601, 22.307083129882926], [114.21125030517601, 22.306804656982365], [114.2115249633789, 22.306804656982365], [114.2115249633789, 22.306528091430778], [114.21180725097656, 22.306528091430778], [114.21180725097656, 22.306251525878963], [114.2120819091798, 22.306251525878963], [114.2120819091798, 22.305973052978572], [114.21236419677734, 22.305973052978572], [114.21236419677734, 22.305694580078182], [114.21263885498092, 22.305694580078182], [114.21263885498092, 22.305416107177848], [114.2129135131836, 22.305416107177848], [114.2129135131836, 22.304859161377067], [114.21347045898472, 22.304859161377067], [114.21347045898472, 22.304582595825252], [114.21402740478527, 22.304582595825252], [114.21402740478527, 22.30402946472168], [114.21430206298851, 22.30402946472168], [114.21430206298851, 22.303747177124137], [114.21485900878906, 22.303747177124137], [114.21485900878906, 22.3034725189209], [114.21514129638683, 22.3034725189209], [114.21514129638683, 22.303194046020508], [114.21541595458984, 22.303194046020508], [114.21541595458984, 22.302919387817667], [114.21569061279342, 22.302919387817667], [114.21569824218795, 22.303194046020508], [114.21597290039062, 22.303194046020508], [114.21597290039062, 22.3034725189209], [114.21624755859398, 22.3034725189209], [114.21624755859398, 22.303747177124137], [114.21680450439464, 22.303747177124137], [114.21680450439464, 22.30402946472168], [114.2170867919923, 22.30402946472168], [114.21703338623092, 22.305137634277457], [114.21680450439464, 22.305137634277457], [114.21680450439464, 22.305524826049748], [114.21680450439464, 22.305694580078182], [114.2165756225586, 22.305694580078182], [114.21624755859398, 22.305694580078182], [114.21620178222656, 22.305973052978572], [114.21597290039062, 22.305973052978572], [114.21597290039062, 22.306146621704215], [114.21597290039062, 22.306528091430778], [114.21541595458984, 22.306528091430778], [114.21541595458984, 22.30791664123535], [114.21514129638683, 22.30791664123535], [114.21514129638683, 22.308195114135685], [114.21485900878906, 22.308195114135685], [114.21485900878906, 22.30875015258789], [114.21430206298851, 22.30875015258789], [114.21430206298851, 22.30930519104004], [114.21458435058594, 22.30930519104004], [114.21458435058594, 22.30958366394043], [114.21430206298851, 22.30958366394043], [114.21430206298851, 22.309860229492415], [114.21347045898472, 22.309860229492415], [114.21347045898472, 22.310138702392805], [114.2129135131836, 22.310138702392805], [114.2129135131836, 22.309860229492415], [114.21212768554699, 22.309860229492415], [114.21125030517601, 22.309860229492415], [114.21125030517601, 22.310693740844783], [114.21069335937511, 22.310693740844783], [114.21069335937511, 22.310972213745174], [114.21041870117222, 22.310972213745174], [114.21041870117222, 22.311250686645735], [114.2098617553711, 22.311250686645735], [114.2098617553711, 22.31152725219738], [114.20958709716842, 22.31152725219738], [114.20958709716842, 22.31180572509777], [114.20930480957031, 22.31180572509777], [114.20930480957031, 22.312084197998104], [114.20874786376953, 22.312084197998104], [114.20874786376953, 22.31263923645031], [114.2084732055664, 22.31263923645031], [114.2084732055664, 22.312915802001896], [114.20791625976574, 22.312915802001896], [114.20791625976574, 22.313194274902287], [114.20735931396496, 22.313194274902287], [114.20735931396496, 22.314027786254883], [114.2072448730471, 22.314027786254883], [114.2068023681644, 22.314027786254883], [114.2068023681644, 22.31430435180664], [114.20625305175781, 22.31430435180664], [114.20625305175781, 22.314861297607592], [114.20569610595703, 22.314861297607592], [114.20569610595703, 22.315139770507812], [114.20541381835949, 22.315139770507812], [114.20541381835949, 22.315416336059798], [114.20513916015625, 22.315416336059798], [114.20513916015625, 22.31569480895996], [114.20486450195324, 22.31569480895996], [114.20486450195324, 22.316249847412337], [114.2045822143557, 22.316249847412337], [114.2045822143557, 22.31652641296398], [114.20430755615246, 22.31652641296398], [114.20430755615246, 22.316804885864315], [114.2037506103519, 22.316804885864315], [114.2037506103519, 22.317083358764705], [114.20319366455078, 22.317083358764705], [114.20319366455078, 22.317361831665096], [114.20263671875, 22.317361831665096], [114.20263671875, 22.317636489868107], [114.20236206054699, 22.317636489868107], [114.20236206054699, 22.318195343017692], [114.20207977294922, 22.318195343017692], [114.20207977294922, 22.31847190856945], [114.2018051147461, 22.31847190856945], [114.2018051147461, 22.318748474121094], [114.2015304565432, 22.318748474121094], [114.2015304565432, 22.31902885437023], [114.20124816894543, 22.31902885437023], [114.20124816894543, 22.319305419921818], [114.2009735107423, 22.319305419921818], [114.2009735107423, 22.31958389282221], [114.20041656494163, 22.31958389282221], [114.20041656494163, 22.320693969726562], [114.20069122314487, 22.320693969726562], [114.20069122314487, 22.320972442626953], [114.2009735107423, 22.320972442626953], [114.2009735107423, 22.32152748107933], [114.20124816894543, 22.32152748107933], [114.20124816894543, 22.32125282287592], [114.2018051147461, 22.32125282287592], [114.2018051147461, 22.320693969726562], [114.20207977294922, 22.320693969726562], [114.20207977294922, 22.320417404174805], [114.20263671875, 22.320417404174805], [114.20263671875, 22.32014083862316], [114.20291900634811, 22.32014083862316], [114.20291900634811, 22.31958389282221], [114.20319366455078, 22.31958389282221], [114.20319366455078, 22.319305419921818], [114.2037506103519, 22.319305419921818], [114.2037506103519, 22.31902885437023], [114.20430755615246, 22.31902885437023], [114.20430755615246, 22.31847190856945], [114.2045822143557, 22.31847190856945], [114.2045822143557, 22.318195343017692], [114.20486450195324, 22.318195343017692], [114.20486450195324, 22.317918777466048], [114.20541381835949, 22.317918777466048], [114.20541381835949, 22.317636489868107], [114.20597076416061, 22.317636489868107], [114.20597076416061, 22.317361831665096], [114.20625305175781, 22.317361831665096], [114.20625305175781, 22.317083358764705], [114.20652770996116, 22.317083358764705], [114.20652770996116, 22.316804885864315], [114.20735931396496, 22.316804885864315], [114.20735931396496, 22.31652641296398], [114.20764160156261, 22.31652641296398], [114.20764160156261, 22.316249847412337], [114.20791625976574, 22.316249847412337], [114.20791625976574, 22.315971374511946], [114.20819091796875, 22.315971374511946], [114.20819091796875, 22.31569480895996], [114.20930480957031, 22.31569480895996], [114.20930480957031, 22.315534591675032], [114.20930480957031, 22.315416336059798], [114.20958709716842, 22.315416336059798], [114.20958709716842, 22.315139770507812], [114.2098617553711, 22.315139770507812], [114.2098617553711, 22.31423187255882], [114.2098617553711, 22.313749313354492], [114.21013641357445, 22.313749313354492], [114.21013641357445, 22.313194274902287], [114.21343231201172, 22.313194274902287], [114.21375274658214, 22.313194274902287], [114.21376037597679, 22.312915802001896], [114.21430206298851, 22.312915802001896], [114.21430206298851, 22.31263923645031], [114.21514129638683, 22.31263923645031], [114.21514129638683, 22.31236076355009], [114.21597290039062, 22.31236076355009], [114.21597290039062, 22.312084197998104], [114.21646881103527, 22.312084197998104], [114.21652984619175, 22.31180572509777], [114.21680450439464, 22.31180572509777], [114.21680450439464, 22.31152725219738], [114.2170867919923, 22.31152725219738], [114.2170867919923, 22.310972213745174], [114.21736145019554, 22.310972213745174], [114.21736145019554, 22.309860229492415], [114.21763610839844, 22.309860229492415], [114.21763610839844, 22.30930519104004], [114.2179183959961, 22.30930519104004], [114.2179183959961, 22.30902862548828], [114.21847534179688, 22.30902862548828], [114.21847534179688, 22.30875015258789], [114.21875000000045, 22.30875015258789], [114.21875000000045, 22.308195114135685], [114.21902465820312, 22.308195114135685], [114.21902465820312, 22.30791664123535], [114.21930694580101, 22.307920455932674], [114.21930694580101, 22.308195114135685], [114.21958160400425, 22.308195114135685], [114.21958160400425, 22.30791664123535], [114.21986389160179, 22.30791664123535], [114.21986389160179, 22.307361602783317], [114.2201385498048, 22.307361602783317], [114.2201385498048, 22.307083129882926], [114.22069549560558, 22.307083129882926], [114.22069549560558, 22.306528091430778], [114.2209701538086, 22.306528091430778], [114.2209701538086, 22.306251525878963], [114.22125244140625, 22.306251525878963], [114.22125244140625, 22.305973052978572], [114.22180175781295, 22.305973052978572], [114.22180175781295, 22.305753707885913], [114.22180938720714, 22.305416107177848], [114.22208404541016, 22.305416107177848], [114.22208404541016, 22.305137634277457], [114.22235870361351, 22.305137634277457], [114.22235870361351, 22.30430793762207], [114.22264099121094, 22.30430793762207], [114.22264099121094, 22.30402946472168], [114.22291564941429, 22.30402946472168], [114.22291564941429, 22.303747177124137], [114.22319793701206, 22.303747177124137], [114.22319793701206, 22.3034725189209], [114.22347259521496, 22.3034725189209], [114.22347259521496, 22.303194046020508], [114.22374725341808, 22.303194046020508], [114.22374725341808, 22.302919387817667], [114.22402954101585, 22.302919387817667], [114.22402954101585, 22.302637100219954], [114.22430419921875, 22.302637100219954], [114.22430419921875, 22.30236053466797], [114.22486114501964, 22.30236053466797], [114.22486114501964, 22.302083969116154], [114.22513580322266, 22.302083969116154], [114.22515106201172, 22.301805496215763], [114.22541809082077, 22.301805496215763], [114.22541809082077, 22.301525115966797], [114.22569274902344, 22.301525115966797], [114.22569274902344, 22.301250457763956], [114.22624969482456, 22.301250457763956], [114.22624969482456, 22.300971984863395], [114.22652435302746, 22.300971984863395], [114.22653961181663, 22.300695419311637], [114.22680664062511, 22.300693511963004], [114.22680664062511, 22.300416946411246], [114.22708129882835, 22.300416946411246], [114.22708129882835, 22.300138473510856], [114.22736358642578, 22.300138473510856], [114.22736358642578, 22.29986190795904], [114.22791290283214, 22.29986190795904], [114.22791290283214, 22.299655914306868], [114.22819519042969, 22.29958343505865], [114.22819519042969, 22.299303054809684], [114.22846984863327, 22.299303054809684], [114.22846984863327, 22.299028396606673], [114.22854614257847, 22.299028396606673], [114.22875213623047, 22.299028396606673], [114.22875213623047, 22.29887771606468], [114.22875213623047, 22.298749923706282], [114.2289199829105, 22.298749923706282], [114.22902679443382, 22.298749923706282], [114.22902679443382, 22.29847145080589], [114.2292938232423, 22.29847145080589], [114.22958374023449, 22.29847145080589], [114.22958374023449, 22.298194885253906], [114.2296600341798, 22.298194885253906], [114.22985839843761, 22.298194885253906], [114.22989654541016, 22.297916412353743], [114.23014068603538, 22.297916412353743], [114.23014068603538, 22.297639846801758], [114.23041534423828, 22.297637939453352], [114.23041534423828, 22.297084808349553], [114.23069763183594, 22.297084808349553], [114.23069763183594, 22.296527862548828], [114.23097229003918, 22.296527862548828], [114.23097229003918, 22.296249389648438], [114.23124694824219, 22.296249389648438], [114.23124694824219, 22.295694351196232], [114.2315292358403, 22.295694351196232], [114.2315292358403, 22.295139312744254], [114.23180389404297, 22.295139312744254], [114.23180389404297, 22.29486274719244], [114.23208618164085, 22.29486274719244], [114.23208618164085, 22.294305801391715], [114.23236083984409, 22.294305801391715], [114.23236083984409, 22.294027328491325], [114.23263549804699, 22.294027328491325], [114.23264312744163, 22.29375076293968], [114.23291778564464, 22.29375076293968], [114.23291778564464, 22.29347229003912], [114.23319244384788, 22.29347229003912], [114.23319244384788, 22.29319381713873], [114.23374938964844, 22.29319381713873], [114.23374938964844, 22.29291725158714], [114.23402404785168, 22.29291725158714], [114.23402404785168, 22.292640686035327], [114.23430633544922, 22.292640686035327], [114.23430633544922, 22.292358398437614], [114.2345809936528, 22.292358398437614], [114.2345809936528, 22.292083740234375], [114.23486328125, 22.292083740234375], [114.23486328125, 22.291805267333984], [114.23513793945335, 22.291805267333984], [114.23513793945335, 22.291530609130973], [114.23542022705078, 22.291530609130973], [114.23542022705078, 22.29124832153343], [114.23569488525413, 22.29124832153343], [114.23569488525413, 22.290971755981616], [114.2362518310548, 22.290971755981616], [114.2362518310548, 22.29069519042963], [114.23652648925793, 22.29069519042963], [114.23652648925793, 22.290418624878043], [114.2368087768557, 22.290418624878043], [114.2368087768557, 22.290136337280273], [114.2370834350586, 22.290136337280273], [114.23707580566418, 22.289861679077262], [114.2368087768557, 22.289861679077262], [114.2368087768557, 22.28763961792015], [114.2370834350586, 22.28763961792015], [114.2370834350586, 22.28736114501976], [114.23735809326172, 22.28736114501976], [114.23735809326172, 22.286804199218807], [114.23764038085949, 22.286804199218807], [114.23764038085949, 22.28652763366722], [114.23874664306663, 22.28652763366722], [114.23874664306663, 22.28624916076683], [114.2393035888673, 22.28624916076683], [114.2393035888673, 22.285972595214844], [114.24041748046875, 22.285972595214844], [114.24041748046875, 22.285694122314453], [114.24180603027366, 22.285694122314453], [114.24180603027366, 22.285417556762695], [114.24291992187523, 22.285417556762695], [114.24291992187523, 22.285694122314453], [114.24319458007812, 22.285694122314453], [114.24319458007812, 22.285972595214844], [114.24375152587902, 22.285972595214844], [114.24375152587902, 22.28625679016136], [114.24375152587902, 22.28652763366722], [114.24402618408203, 22.28652763366722], [114.24402618408203, 22.286804199218807], [114.24430847168014, 22.286804199218807], [114.24430847168014, 22.287082672119197], [114.24458312988281, 22.287082672119197], [114.24458312988281, 22.287231445312784], [114.24458312988281, 22.28763961792015], [114.24514007568393, 22.28763961792015], [114.24514007568393, 22.28791427612316], [114.24541473388683, 22.28791427612316], [114.24541473388683, 22.28763961792015], [114.24569702148449, 22.28763961792015], [114.24569702148449, 22.288194656372127], [114.24624633789062, 22.288194656372127], [114.24624633789062, 22.288473129272518], [114.24652862548828, 22.288473129272518], [114.24652862548828, 22.288749694824332], [114.24680328369152, 22.288749694824332], [114.24680328369152, 22.28930473327631], [114.24736022949264, 22.28930473327631], [114.24731445312511, 22.28958320617687], [114.24680328369152, 22.28958320617687], [114.24680328369152, 22.290418624878043], [114.24708557128906, 22.29042053222662], [114.2470932006836, 22.290700912475586], [114.24740600585949, 22.29069519042963], [114.24764251708984, 22.29069519042963], [114.24764251708984, 22.291059494018555], [114.24764251708984, 22.29124832153343], [114.24776458740234, 22.29124832153343], [114.2479171752932, 22.29124832153343], [114.24795532226562, 22.291530609130973], [114.24819183349643, 22.291530609130973], [114.24819183349643, 22.291885375976562], [114.24819183349643, 22.292083740234375], [114.24832153320324, 22.292083740234375], [114.24847412109398, 22.292083740234375], [114.24847412109398, 22.292358398437614], [114.24930572509777, 22.292358398437614], [114.24930572509777, 22.292640686035327], [114.24958038330078, 22.292640686035327], [114.24958038330078, 22.29291725158714], [114.24986267089844, 22.29291725158714], [114.24986267089844, 22.29319381713873], [114.25013732910156, 22.29319381713873], [114.25013732910156, 22.29347229003912], [114.25041961669933, 22.29347229003912], [114.25041961669933, 22.29375076293968], [114.25069427490234, 22.29375076293968], [114.25069427490234, 22.294305801391715], [114.2509689331057, 22.294305801391715], [114.2509689331057, 22.29458427429205], [114.25125122070312, 22.29458427429205], [114.25125122070312, 22.295139312744254], [114.25152587890648, 22.29514122009283], [114.25152587890648, 22.29541587829584], [114.25180816650425, 22.29541587829584], [114.25180816650425, 22.295972824096793], [114.25208282470714, 22.295972824096793], [114.25208282470714, 22.296249389648438], [114.25263977050804, 22.296249389648438], [114.25263977050804, 22.296527862548828], [114.25291442871094, 22.296527862548828], [114.25291442871094, 22.297084808349553], [114.25347137451183, 22.297084808349553], [114.25347137451183, 22.297361373901538], [114.25375366210938, 22.297361373901538], [114.2537612915039, 22.297637939453352], [114.25458526611351, 22.297639846801758], [114.25458526611351, 22.297916412353743], [114.25485992431675, 22.297916412353743], [114.25485992431675, 22.29847145080589], [114.2554168701173, 22.29847145080589], [114.2554168701173, 22.298749923706282], [114.2562484741211, 22.298749923706282], [114.2562484741211, 22.299028396606673], [114.25597381591797, 22.299028396606673], [114.25597381591797, 22.299303054809684], [114.25653076171886, 22.299303054809684], [114.25653076171886, 22.300416946411246], [114.25597381591797, 22.300416946411246], [114.25597381591797, 22.300971984863395], [114.2562484741211, 22.300971984863395], [114.2562484741211, 22.301250457763956], [114.25597381591797, 22.301250457763956], [114.25597381591797, 22.301525115966797], [114.2562484741211, 22.301525115966797], [114.2562484741211, 22.301805496215763], [114.25597381591797, 22.301805496215763], [114.25595855712902, 22.302083969116154], [114.25569152832054, 22.302083969116154], [114.25569152832054, 22.302637100219954], [114.2554168701173, 22.302637100219954], [114.2554168701173, 22.303747177124137], [114.25569152832054, 22.303747177124137], [114.25569152832054, 22.30402946472168], [114.2562484741211, 22.30402946472168], [114.2562484741211, 22.303747177124137], [114.25653076171886, 22.303747177124137], [114.25653076171886, 22.30402946472168], [114.25708007812545, 22.30402946472168], [114.25708007812545, 22.303747177124137], [114.25736236572266, 22.303747177124137], [114.25736236572266, 22.3034725189209], [114.25791931152378, 22.3034725189209], [114.25791931152378, 22.302637100219954], [114.25763702392601, 22.302637100219954], [114.25763702392601, 22.301525115966797], [114.25819396972668, 22.301525115966797], [114.25819396972668, 22.301250457763956], [114.25930786132812, 22.301250457763956], [114.25930786132812, 22.300971984863395], [114.25958251953136, 22.300971984863395], [114.25958251953136, 22.301250457763956], [114.26069641113304, 22.301250457763956], [114.26069641113304, 22.300971984863395], [114.26180267334007, 22.300971984863395], [114.26180267334007, 22.300695419311637], [114.26235961914062, 22.300695419311637], [114.26235961914062, 22.300971984863395], [114.26264190673828, 22.300971984863395], [114.26264190673828, 22.300695419311637], [114.26374816894554, 22.300693511963004], [114.26374816894554, 22.299028396606673], [114.26403045654297, 22.299028396606673], [114.26403045654297, 22.298194885253906], [114.26430511474632, 22.298194885253906], [114.26430511474632, 22.297639846801758], [114.26457977294933, 22.297637939453352], [114.26457977294933, 22.297084808349553], [114.26486206054699, 22.297084808349553], [114.26486206054699, 22.29680633544922], [114.26513671875011, 22.29680633544922], [114.26513671875011, 22.296249389648438], [114.26541900634788, 22.296249389648438], [114.26541900634788, 22.295972824096793], [114.26569366455078, 22.295972824096793], [114.26569366455078, 22.29541587829584], [114.26597595214844, 22.29541587829584], [114.26597595214844, 22.295139312744254], [114.26625061035168, 22.295139312744254], [114.26625061035168, 22.29458427429205], [114.26597595214844, 22.294582366943473], [114.26597595214844, 22.29375076293968], [114.26625061035168, 22.29375076293968], [114.26625061035168, 22.29347229003912], [114.26597595214844, 22.29347229003912], [114.26597595214844, 22.29319381713873], [114.26625061035168, 22.29319381713873], [114.26625061035168, 22.29291725158714], [114.26652526855469, 22.29291725158714], [114.26652526855469, 22.292640686035327], [114.2668075561528, 22.292640686035327], [114.2668075561528, 22.292358398437614], [114.26708221435547, 22.292358398437614], [114.26708221435547, 22.292083740234375], [114.26763916015659, 22.292083740234375], [114.26763916015659, 22.291805267333984], [114.26791381835949, 22.291805267333984], [114.26791381835949, 22.291530609130973], [114.26819610595714, 22.291530609130973], [114.26819610595714, 22.29124832153343], [114.26847076416038, 22.29124832153343], [114.26847076416038, 22.28902626037592], [114.26875305175781, 22.28902626037592], [114.26875305175781, 22.287082672119197], [114.26847076416038, 22.287082672119197], [114.26847076416038, 22.285972595214844], [114.26819610595714, 22.285972595214844], [114.26819610595714, 22.285694122314453], [114.26791381835949, 22.285694122314453], [114.26791381835949, 22.285139083862305], [114.26763916015659, 22.285139083862305], [114.26763916015659, 22.284860610961914], [114.26736450195335, 22.284860610961914], [114.26736450195335, 22.284027099609375], [114.26708221435547, 22.284027099609375], [114.26708221435547, 22.28347206115734], [114.2668075561528, 22.28347206115734], [114.2668075561528, 22.282917022705192], [114.26652526855469, 22.282917022705192], [114.26653289794922, 22.282083511352596], [114.26708221435547, 22.282083511352596], [114.26708221435547, 22.280139923095703], [114.2668075561528, 22.280139923095703], [114.2668075561528, 22.279861450195483], [114.26652526855469, 22.279861450195483], [114.26652526855469, 22.279582977294922], [114.26625061035168, 22.279582977294922], [114.26625061035168, 22.27902984619169], [114.26597595214844, 22.27902984619169], [114.26597595214844, 22.278747558593977], [114.26569366455078, 22.278747558593977], [114.26568603515636, 22.27847290039074], [114.26541900634788, 22.27847290039074], [114.26541900634788, 22.278194427490178], [114.26513671875011, 22.278194427490178], [114.26513671875011, 22.277915954589787], [114.26486206054699, 22.277915954589787], [114.26486206054699, 22.276529312134016], [114.26457977294933, 22.276529312134016], [114.26457977294933, 22.276250839233626], [114.26430511474632, 22.276250839233626], [114.26430511474632, 22.275415420532283], [114.26457977294933, 22.275415420532283], [114.26457977294933, 22.274860382080305], [114.26513671875011, 22.274860382080305], [114.26513671875011, 22.27430534362793], [114.26541900634788, 22.27430534362793], [114.26541900634788, 22.274026870727766], [114.26625061035168, 22.274026870727766], [114.26625061035168, 22.27375030517578], [114.26736450195335, 22.27375030517578], [114.26736450195335, 22.27347183227556], [114.26819610595714, 22.27347183227556], [114.26819610595714, 22.274026870727766], [114.26902770996094, 22.27403068542492], [114.26902770996094, 22.27430534362793], [114.2698593139653, 22.27430534362793], [114.2698593139653, 22.27458381652832], [114.2701416015625, 22.27458381652832], [114.2701416015625, 22.274860382080305], [114.27041625976585, 22.274860382080305], [114.27041625976585, 22.275138854980696], [114.27069091796909, 22.275140762329272], [114.27069091796909, 22.275415420532283], [114.27097320556652, 22.275415420532283], [114.27097320556652, 22.275693893432674], [114.27153015136741, 22.275693893432674], [114.27153015136741, 22.275972366333065], [114.27180480957031, 22.275972366333065], [114.27180480957031, 22.276250839233626], [114.27208709716797, 22.276250839233626], [114.27208709716797, 22.276529312134016], [114.273193359375, 22.276529312134016], [114.273193359375, 22.275415420532283], [114.27291870117233, 22.275415420532283], [114.27291870117233, 22.275138854980696], [114.27263641357422, 22.275138854980696], [114.27263641357422, 22.274860382080305], [114.27236175537121, 22.274860382080305], [114.27236175537121, 22.27458381652832], [114.27208709716797, 22.27458381652832], [114.27205657958984, 22.27430534362793], [114.27180480957031, 22.27430534362793], [114.27180480957031, 22.274026870727766], [114.27263641357422, 22.274026870727766], [114.27263641357422, 22.27347183227556], [114.27291870117233, 22.27347183227556], [114.27291870117233, 22.273193359375], [114.27458190917991, 22.273193359375], [114.27458190917991, 22.272916793823242], [114.27513885498047, 22.272916793823242], [114.27513885498047, 22.271804809570256], [114.27402496337902, 22.271804809570256], [114.27402496337902, 22.272083282470817], [114.27180480957031, 22.272083282470817], [114.27180480957031, 22.271804809570256], [114.27153015136741, 22.271804809570256], [114.27153015136741, 22.27152824401867], [114.27124786376964, 22.27152824401867], [114.27124786376964, 22.271249771118278], [114.27041625976585, 22.271249771118278], [114.27041625976585, 22.270971298218058], [114.2701416015625, 22.270971298218058], [114.2701416015625, 22.27041625976574], [114.2698593139653, 22.27041625976574], [114.2698593139653, 22.269861221313704], [114.26958465576172, 22.269861221313704], [114.26957702636719, 22.269582748413143], [114.26930236816418, 22.269582748413143], [114.26930236816418, 22.268749237060774], [114.2698593139653, 22.268749237060774], [114.2698593139653, 22.26847267150879], [114.2701416015625, 22.26847267150879], [114.27014923095703, 22.26791763305664], [114.27041625976585, 22.267915725708008], [114.27041625976585, 22.26763916015625], [114.27069091796909, 22.26763916015625], [114.27069091796909, 22.267084121704045], [114.27097320556652, 22.267084121704045], [114.27101135253952, 22.266805648803654], [114.27153015136741, 22.266805648803654], [114.27153015136741, 22.26652717590332], [114.27124786376964, 22.26652717590332], [114.27124786376964, 22.266250610351847], [114.27153015136741, 22.266250610351847], [114.27153015136741, 22.265693664550895], [114.27180480957031, 22.265693664550895], [114.27182006835949, 22.265140533447493], [114.27208709716797, 22.265140533447493], [114.27208709716797, 22.26458358764654], [114.27236175537121, 22.26458358764654], [114.27236175537121, 22.26430511474615], [114.27291870117233, 22.26430511474615], [114.27291870117233, 22.264026641845817], [114.273193359375, 22.264026641845817], [114.273193359375, 22.26319694519043], [114.27291870117233, 22.26319694519043], [114.27291870117233, 22.26236152648943], [114.27347564697288, 22.26236152648943], [114.27347564697288, 22.262083053588867], [114.27402496337902, 22.262083053588867], [114.27402496337902, 22.26236152648943], [114.27430725097668, 22.26236152648943], [114.27430725097668, 22.26263618469244], [114.27541351318371, 22.26263618469244], [114.27541351318371, 22.26236152648943], [114.27569580078125, 22.26236152648943], [114.27569580078125, 22.262083053588867], [114.27597045898483, 22.262083053588867], [114.27597045898483, 22.261526107788086], [114.27652740478538, 22.261526107788086], [114.27652740478538, 22.261808395385856], [114.27680206298862, 22.261808395385856], [114.27680206298862, 22.26236152648943], [114.27708435058616, 22.26236152648943], [114.27708435058616, 22.26263618469244], [114.27735900878918, 22.262638092041243], [114.27735900878918, 22.26291847229004], [114.27764129638683, 22.26291847229004], [114.27764129638683, 22.26319694519043], [114.27819061279297, 22.26319694519043], [114.27819824218773, 22.263471603393782], [114.27847290039062, 22.263471603393782], [114.27847290039062, 22.263748168945426], [114.27874755859375, 22.263748168945426], [114.27874755859375, 22.264026641845817], [114.27902984619152, 22.26403045654314], [114.27902984619152, 22.26430511474615], [114.27930450439453, 22.26430511474615], [114.27930450439453, 22.264862060546932], [114.27958679199264, 22.264862060546932], [114.27959442138717, 22.26458358764654], [114.27986145019531, 22.26458358764654], [114.27986145019531, 22.267362594604606], [114.28041839599643, 22.267362594604606], [114.28041839599643, 22.267915725708008], [114.28180694580078, 22.26791763305664], [114.28180694580078, 22.26847267150879], [114.28236389160156, 22.26847267150879], [114.28236389160156, 22.268749237060774], [114.28263854980514, 22.268749237060774], [114.28263092041038, 22.269582748413143], [114.28236389160156, 22.269582748413143], [114.28236389160156, 22.270139694214095], [114.28180694580078, 22.270139694214095], [114.28180694580078, 22.270971298218058], [114.28208160400402, 22.270971298218058], [114.28208160400402, 22.271249771118278], [114.28291320800781, 22.271249771118278], [114.28291320800781, 22.270971298218058], [114.2831954956057, 22.270971298218058], [114.2831954956057, 22.270694732666072], [114.28347015380893, 22.270694732666072], [114.28347015380893, 22.27041625976574], [114.28597259521484, 22.27041625976574], [114.28597259521484, 22.270694732666072], [114.28652954101597, 22.270694732666072], [114.28652954101597, 22.27041625976574], [114.28708648681652, 22.27041625976574], [114.28708648681652, 22.270139694214095], [114.28791809082031, 22.270139694214095], [114.28791809082031, 22.269861221313704], [114.28958129882847, 22.269861221313704], [114.28958129882847, 22.269582748413143], [114.28986358642601, 22.269582748413143], [114.28986358642601, 22.269306182861555], [114.29013824462902, 22.269306182861555], [114.29013824462902, 22.267362594604606], [114.29041290283226, 22.267362594604606], [114.29041290283226, 22.267084121704045], [114.29096984863281, 22.267084121704045], [114.2910079956057, 22.266805648803654], [114.2915267944336, 22.266805648803654], [114.2915267944336, 22.266250610351847], [114.29235839843773, 22.266250610351847], [114.29235839843773, 22.265972137451286], [114.29291534423851, 22.265972137451286], [114.29291534423851, 22.265693664550895], [114.2937469482423, 22.265693664550895], [114.2937469482423, 22.265417098999137], [114.29458618164062, 22.265417098999137], [114.29458618164062, 22.265140533447493], [114.29541778564499, 22.265140533447493], [114.29541778564499, 22.26458358764654], [114.29597473144554, 22.26458358764654], [114.29597473144554, 22.263748168945426], [114.29652404785168, 22.263748168945426], [114.29652404785168, 22.26236152648943], [114.29680633544933, 22.26236152648943], [114.29683685302734, 22.261808395385856], [114.29708099365257, 22.261808395385856], [114.29708099365257, 22.261526107788086], [114.29736328125, 22.261526107788086], [114.29736328125, 22.261249542236328], [114.29763793945312, 22.261249542236328], [114.29763793945312, 22.260972976684684], [114.2981948852539, 22.260972976684684], [114.2981948852539, 22.260694503784123], [114.29875183105469, 22.260694503784123], [114.29875183105469, 22.260414123535156], [114.29902648925804, 22.260414123535156], [114.29902648925804, 22.260139465332145], [114.3001403808596, 22.260139465332145], [114.3001403808596, 22.260414123535156], [114.30069732666016, 22.260414123535156], [114.30069732666016, 22.261249542236328], [114.3009719848634, 22.261249542236328], [114.3009719848634, 22.26263618469244], [114.3012466430664, 22.26263618469244], [114.3012466430664, 22.263471603393782], [114.3009719848634, 22.263471603393782], [114.3009719848634, 22.263748168945426], [114.30069732666016, 22.263748168945426], [114.30069732666016, 22.264026641845817], [114.3004150390625, 22.264026641845817], [114.3004150390625, 22.265417098999137], [114.30069732666016, 22.265417098999137], [114.30069732666016, 22.265972137451286], [114.3009719848634, 22.265972137451286], [114.3009719848634, 22.266250610351847], [114.3012466430664, 22.266250610351847], [114.3012466430664, 22.265972137451286], [114.30180358886719, 22.265972137451286], [114.30180358886719, 22.265693664550895], [114.30236053466831, 22.265693664550895], [114.30236053466831, 22.265417098999137], [114.30263519287121, 22.265417098999137], [114.30263519287121, 22.265140533447493], [114.30291748046886, 22.265140533447493], [114.30291748046886, 22.264862060546932], [114.30347442626964, 22.264862060546932], [114.30348205566418, 22.26458358764654], [114.30374908447266, 22.26458358764654], [114.30374908447266, 22.26430511474615], [114.30513763427757, 22.264310836792106], [114.30513763427757, 22.26458358764654], [114.30569458007835, 22.26458358764654], [114.30569458007835, 22.264862060546932], [114.30596923828136, 22.264862060546932], [114.30596923828136, 22.265140533447493], [114.30652618408214, 22.265140533447493], [114.30652618408214, 22.265417098999137], [114.30680847167991, 22.265417098999137], [114.30680847167991, 22.26652717590332], [114.30708312988281, 22.26652717590332], [114.30708312988281, 22.267084121704045], [114.30735778808594, 22.267084121704045], [114.30735778808594, 22.26763916015625], [114.30764007568371, 22.26763916015625], [114.30763244628952, 22.268749237060774], [114.30735778808594, 22.268749237060774], [114.30735778808594, 22.269027709961165], [114.30708312988281, 22.269027709961165], [114.30708312988281, 22.269306182861555], [114.30652618408214, 22.269306182861555], [114.30652618408214, 22.269582748413143], [114.30569458007835, 22.269582748413143], [114.30569458007835, 22.269306182861555], [114.30486297607422, 22.269306182861555], [114.30486297607422, 22.268749237060774], [114.30430603027344, 22.268749237060774], [114.30430603027344, 22.269306182861555], [114.30458068847702, 22.269306182861555], [114.30458068847702, 22.269582748413143], [114.30430603027344, 22.269582748413143], [114.30430603027344, 22.270694732666072], [114.30403137207031, 22.270694732666072], [114.30403137207031, 22.270971298218058], [114.30389404296875, 22.270971298218058], [114.3031921386721, 22.270971298218058], [114.3031921386721, 22.271249771118278], [114.30263519287121, 22.271249771118278], [114.30263519287121, 22.27152824401867], [114.30236053466831, 22.27152824401867], [114.30233001708996, 22.272083282470817], [114.30208587646507, 22.272083282470817], [114.30208587646507, 22.27375030517578], [114.30180358886719, 22.27375030517578], [114.30180358886719, 22.274860382080305], [114.30152893066452, 22.274860382080305], [114.30152893066452, 22.275415420532283], [114.3009719848634, 22.275415420532283], [114.3009719848634, 22.27708244323742], [114.30069732666016, 22.27708244323742], [114.30069732666016, 22.278194427490178], [114.3009719848634, 22.278194427490178], [114.3009719848634, 22.27847290039074], [114.30152893066452, 22.27847290039074], [114.30152893066452, 22.278747558593977], [114.30236053466831, 22.278747558593977], [114.30236053466831, 22.27902984619169], [114.30263519287121, 22.27902984619169], [114.30263519287121, 22.279306411743164], [114.30291748046886, 22.279306411743164], [114.30291748046886, 22.279582977294922], [114.3031921386721, 22.279582977294922], [114.3031921386721, 22.279861450195483], [114.30236053466831, 22.279861450195483], [114.30236053466831, 22.280139923095703], [114.29958343505871, 22.280139923095703], [114.29957580566418, 22.279861450195483], [114.29902648925804, 22.279861450195483], [114.29902648925804, 22.279582977294922], [114.29875183105469, 22.279582977294922], [114.29875183105469, 22.279306411743164], [114.29846954345749, 22.279306411743164], [114.29846954345749, 22.27902984619169], [114.2981948852539, 22.27902984619169], [114.29818725585938, 22.27847290039074], [114.2979202270509, 22.27847290039074], [114.2979202270509, 22.277915954589787], [114.29763793945312, 22.277915954589787], [114.29763793945312, 22.27736091613798], [114.29736328125, 22.27736091613798], [114.29736328125, 22.27708244323742], [114.29652404785168, 22.27708244323742], [114.29652404785168, 22.276807785034407], [114.29569244384766, 22.27681922912592], [114.29569244384766, 22.277637481689453], [114.29597473144554, 22.277637481689453], [114.29597473144554, 22.277915954589787], [114.29624938964878, 22.277915954589787], [114.29624938964878, 22.27902984619169], [114.29597473144554, 22.27902984619169], [114.29596710205101, 22.279306411743164], [114.29541778564499, 22.279306411743164], [114.29541778564499, 22.279582977294922], [114.2937469482423, 22.279582977294922], [114.2937469482423, 22.279306411743164], [114.29096984863281, 22.279306411743164], [114.29096984863281, 22.279582977294922], [114.29041290283226, 22.279582977294922], [114.29041290283226, 22.279861450195483], [114.28930664062523, 22.279861450195483], [114.28930664062523, 22.280139923095703], [114.28902435302734, 22.28014183044445], [114.28901672363281, 22.28041648864769], [114.28874969482467, 22.28041648864769], [114.28874969482467, 22.28069496154785], [114.2884750366211, 22.28069496154785], [114.2884750366211, 22.281251907348633], [114.28819274902355, 22.281251907348633], [114.28819274902355, 22.2826385498048], [114.28791809082031, 22.2826385498048], [114.28791809082031, 22.28319358825695], [114.28819274902355, 22.28319358825695], [114.28819274902355, 22.2837505340579], [114.28874969482467, 22.2837505340579], [114.28874969482467, 22.284027099609375], [114.28986358642601, 22.284027099609375], [114.28986358642601, 22.28430557250971], [114.29041290283226, 22.28430938720726], [114.29041290283226, 22.285417556762695], [114.2906951904298, 22.285417556762695], [114.2906951904298, 22.285972595214844], [114.29096984863281, 22.285972595214844], [114.29096984863281, 22.28652763366722], [114.29041290283226, 22.28652763366722], [114.29041290283226, 22.285972595214844], [114.28874969482467, 22.285972595214844], [114.28874969482467, 22.28624916076683], [114.2884750366211, 22.28624916076683], [114.2884750366211, 22.288473129272518], [114.28874969482467, 22.288473129272518], [114.28874969482467, 22.288749694824332], [114.28902435302734, 22.288749694824332], [114.28902435302734, 22.28930473327631], [114.28930664062523, 22.28930473327631], [114.28930664062523, 22.28958320617687], [114.28958129882847, 22.28958320617687], [114.28958129882847, 22.289861679077262], [114.28986358642601, 22.289861679077262], [114.28986358642601, 22.290136337280273], [114.29041290283226, 22.290140151977823], [114.29041290283226, 22.290418624878043], [114.2906951904298, 22.290418624878043], [114.2906951904298, 22.29069519042963], [114.29347229003918, 22.29069519042963], [114.29347229003918, 22.290418624878043], [114.2937469482423, 22.290418624878043], [114.2937469482423, 22.290136337280273], [114.29402923584007, 22.290136337280273], [114.29402923584007, 22.28958320617687], [114.2937469482423, 22.28958320617687], [114.2937469482423, 22.28902626037592], [114.29347229003918, 22.28902626037592], [114.29347229003918, 22.288749694824332], [114.29430389404297, 22.288749694824332], [114.29430389404297, 22.288194656372127], [114.29486083984386, 22.288194656372127], [114.29486083984386, 22.28791427612316], [114.29624938964878, 22.28791427612316], [114.29624938964878, 22.28763961792015], [114.29680633544933, 22.28763961792015], [114.29680633544933, 22.28736114501976], [114.29846954345749, 22.28736114501976], [114.29846954345749, 22.287082672119197], [114.29930877685581, 22.287082672119197], [114.29930877685581, 22.286804199218807], [114.3001403808596, 22.286804199218807], [114.3001403808596, 22.28652763366722], [114.3009719848634, 22.286529541015625], [114.3009719848634, 22.286804199218807], [114.30208587646507, 22.286804199218807], [114.30208587646507, 22.287082672119197], [114.30236053466831, 22.287082672119197], [114.30236053466831, 22.28763961792015], [114.30263519287121, 22.28763961792015], [114.30263519287121, 22.288473129272518], [114.30291748046886, 22.288473129272518], [114.30291748046886, 22.28902626037592], [114.3031921386721, 22.28902626037592], [114.3031921386721, 22.28930473327631], [114.30347442626964, 22.28930473327631], [114.30347442626964, 22.289861679077262], [114.30403137207031, 22.289861679077262], [114.30403137207031, 22.290136337280273], [114.30458068847702, 22.290136337280273], [114.30458831787121, 22.290418624878043], [114.30486297607422, 22.29042053222662], [114.30486297607422, 22.29069519042963], [114.30569458007835, 22.29069519042963], [114.30569458007835, 22.290971755981616], [114.30596923828136, 22.290971755981616], [114.30596923828136, 22.291530609130973], [114.30625152587902, 22.291530609130973], [114.30625152587902, 22.291805267333984], [114.3084716796875, 22.291805267333984], [114.3084716796875, 22.292083740234375], [114.30902862548862, 22.292083740234375], [114.30902862548862, 22.291805267333984], [114.30958557128918, 22.291805267333984], [114.30958557128918, 22.292358398437614], [114.30986022949241, 22.292358398437614], [114.30986022949241, 22.292640686035327], [114.31041717529297, 22.292640686035327], [114.31041717529297, 22.29291725158714], [114.31069183349621, 22.29291725158714], [114.31069183349621, 22.29319381713873], [114.31097412109375, 22.29319381713873], [114.31097412109375, 22.295139312744254], [114.31124877929733, 22.295139312744254], [114.31124877929733, 22.295694351196232], [114.31097412109375, 22.295694351196232], [114.31097412109375, 22.296249389648438], [114.31069183349621, 22.296249389648438], [114.31069183349621, 22.29680633544922], [114.31041717529297, 22.29680633544922], [114.31041717529297, 22.297361373901538], [114.31124877929733, 22.297361373901538], [114.31124877929733, 22.297637939453352], [114.31208038330112, 22.297639846801758], [114.31208038330112, 22.29847145080589], [114.31236267089855, 22.29847145080589], [114.31235504150402, 22.29986190795904], [114.31208038330112, 22.29986190795904], [114.31208038330112, 22.300693511963004], [114.31180572509788, 22.300693511963004], [114.31179809570335, 22.300971984863395], [114.31153106689453, 22.300971984863395], [114.31153106689453, 22.301250457763956], [114.31124877929733, 22.301250457763956], [114.31124877929733, 22.301525115966797], [114.31069183349621, 22.301525115966797], [114.31069183349621, 22.301805496215763], [114.31014251708984, 22.301805496215763], [114.3101272583009, 22.302083969116154], [114.30986022949241, 22.302083969116154], [114.30986022949241, 22.302919387817667], [114.3094253540039, 22.302919387817667], [114.30930328369152, 22.302919387817667], [114.30930328369152, 22.303194046020508], [114.30902862548862, 22.303194046020508], [114.30902862548862, 22.3034725189209], [114.30874633789085, 22.3034725189209], [114.30874633789085, 22.303747177124137], [114.3084716796875, 22.303760528564396], [114.3084716796875, 22.30430793762207], [114.30819702148483, 22.30430793762207], [114.30819702148483, 22.304582595825252], [114.30764007568371, 22.304582595825252], [114.30764007568371, 22.305137634277457], [114.30680847167991, 22.305137634277457], [114.3067855834961, 22.305973052978572], [114.30652618408214, 22.305973052978572], [114.30652618408214, 22.306251525878963], [114.30569458007835, 22.306251525878963], [114.30568695068371, 22.306528091430778], [114.305419921875, 22.306528091430778], [114.305419921875, 22.306804656982365], [114.30513763427757, 22.306804656982365], [114.30513763427757, 22.307083129882926], [114.30486297607422, 22.307083129882926], [114.30486297607422, 22.307361602783317], [114.30458068847702, 22.307361602783317], [114.30458831787121, 22.308195114135685], [114.30486297607422, 22.308202743530273], [114.30486297607422, 22.30902862548828], [114.30458068847702, 22.30902862548828], [114.30458068847702, 22.309860229492415], [114.30403137207031, 22.309860229492415], [114.30403137207031, 22.310138702392805], [114.30374908447266, 22.310138702392805], [114.30374908447266, 22.310417175293196], [114.30208587646507, 22.310417175293196], [114.30208587646507, 22.310138702392805], [114.30180358886719, 22.310138702392805], [114.30179595947266, 22.30958366394043], [114.3012466430664, 22.30958366394043], [114.3012466430664, 22.309860229492415], [114.3009719848634, 22.309860229492415], [114.3009719848634, 22.310138702392805], [114.3004150390625, 22.310138702392805], [114.3004150390625, 22.309860229492415], [114.3001403808596, 22.309860229492415], [114.3001403808596, 22.30958366394043], [114.29985809326183, 22.30958366394043], [114.29985809326183, 22.30930519104004], [114.29930877685581, 22.30930519104004], [114.29930877685581, 22.30958366394043], [114.29902648925804, 22.30958366394043], [114.29902648925804, 22.309860229492415], [114.2979202270509, 22.309860229492415], [114.2979202270509, 22.30958366394043], [114.29763793945312, 22.30958366394043], [114.29763793945312, 22.30930519104004], [114.29736328125, 22.30930519104004], [114.29736328125, 22.30902862548828], [114.29708099365257, 22.30902862548828], [114.29708099365257, 22.30875015258789], [114.29652404785168, 22.30875015258789], [114.29651641845726, 22.30847167968767], [114.29624938964878, 22.30847167968767], [114.29624938964878, 22.308195114135685], [114.29597473144554, 22.308195114135685], [114.29597473144554, 22.30791664123535], [114.29624938964878, 22.30791664123535], [114.29624938964878, 22.30763816833496], [114.29569244384766, 22.30763816833496], [114.29569244384766, 22.307361602783317], [114.29513549804688, 22.307361602783317], [114.29513549804688, 22.305694580078182], [114.29541778564499, 22.305694580078182], [114.29541778564499, 22.304859161377067], [114.29458618164062, 22.304859161377067], [114.29458618164062, 22.304582595825252], [114.29319763183628, 22.304582595825252], [114.29319763183628, 22.304859161377067], [114.29291534423851, 22.304859161377067], [114.29291534423851, 22.306528091430778], [114.29319763183628, 22.306528091430778], [114.29319763183628, 22.306804656982365], [114.29291534423851, 22.306804656982365], [114.29291534423851, 22.307361602783317], [114.29096984863281, 22.307361602783317], [114.29096984863281, 22.30791664123535], [114.29125213623047, 22.30791664123535], [114.29125213623047, 22.30847167968767], [114.2915267944336, 22.30847167968767], [114.2915267944336, 22.30902862548828], [114.29180908203136, 22.309030532837028], [114.29180908203136, 22.309860229492415], [114.29235839843773, 22.309860229492415], [114.29235839843773, 22.310138702392805], [114.29264068603516, 22.310138702392805], [114.29264068603516, 22.31236076355009], [114.29235839843773, 22.31236076355009], [114.29235839843773, 22.312915802001896], [114.29264068603516, 22.312915802001896], [114.29264068603516, 22.313194274902287], [114.29235839843773, 22.313194274902287], [114.29235839843773, 22.313472747802848], [114.29208374023438, 22.313472747802848], [114.29207611083984, 22.313749313354492], [114.29096984863281, 22.313749313354492], [114.29096984863281, 22.314027786254883], [114.29041290283226, 22.314027786254883], [114.29041290283226, 22.315971374511946], [114.29013824462902, 22.315971374511946], [114.29013824462902, 22.316249847412337], [114.29041290283226, 22.316249847412337], [114.29041290283226, 22.316804885864315], [114.29013824462902, 22.316804885864315], [114.29013824462902, 22.317083358764705], [114.29041290283226, 22.317083358764705], [114.29041290283226, 22.317361831665096], [114.29013824462902, 22.317361831665096], [114.29013824462902, 22.318195343017692], [114.28986358642601, 22.318199157715014], [114.28985595703136, 22.31902885437023], [114.28958129882847, 22.31902885437023], [114.28958129882847, 22.31958389282221], [114.28986358642601, 22.31958389282221], [114.28985595703136, 22.320417404174805], [114.28958129882847, 22.320457458496094], [114.28958129882847, 22.32125282287592], [114.28930664062523, 22.32125282287592], [114.28930664062523, 22.32152748107933], [114.28874969482467, 22.32152748107933], [114.28874969482467, 22.32125282287592], [114.2884750366211, 22.32125282287592], [114.2884750366211, 22.320972442626953], [114.28819274902355, 22.320972442626953], [114.28819274902355, 22.320417404174805], [114.28763580322266, 22.320417404174805], [114.28763580322266, 22.32014083862316], [114.28708648681652, 22.32014083862316], [114.28708648681652, 22.320417404174805], [114.28680419921886, 22.320417404174805], [114.28680419921886, 22.32014083862316], [114.2862472534182, 22.32014083862316], [114.2862472534182, 22.320417404174805], [114.28597259521484, 22.320417404174805], [114.28596496582031, 22.320693969726562], [114.28569793701217, 22.320693969726562], [114.28569793701217, 22.32125282287592], [114.28541564941406, 22.32125282287592], [114.28541564941406, 22.32180595397972], [114.28430938720726, 22.32180595397972], [114.28430175781273, 22.32152748107933], [114.28291320800781, 22.32152748107933], [114.28291320800781, 22.320972442626953], [114.28236389160156, 22.320972442626953], [114.28236389160156, 22.320693969726562], [114.28097534179699, 22.320693969726562], [114.28097534179699, 22.320417404174805], [114.28069305419933, 22.320417404174805], [114.28069305419933, 22.320693969726562], [114.28041839599643, 22.320693969726562], [114.28038787841797, 22.320417404174805], [114.28013610839866, 22.320417404174805], [114.28013610839866, 22.32014083862316], [114.27902984619152, 22.32014083862316], [114.27902984619152, 22.319858551025618], [114.27847290039062, 22.319858551025618], [114.27847290039062, 22.320417404174805], [114.27774047851574, 22.320417404174805], [114.27764129638683, 22.320417404174805], [114.27764129638683, 22.32125282287592], [114.27735900878918, 22.32125282287592], [114.27735900878918, 22.32152748107933], [114.27708435058616, 22.32152748107933], [114.27708435058616, 22.32180595397972], [114.27680206298862, 22.32180595397972], [114.27680206298862, 22.322082519531307], [114.27652740478538, 22.322082519531307], [114.27652740478538, 22.322362899780273], [114.27486419677746, 22.322362899780273], [114.27486419677746, 22.32263946533226], [114.27347564697288, 22.32263946533226], [114.27347564697288, 22.322916030883903], [114.273193359375, 22.322916030883903], [114.273193359375, 22.323194503784237], [114.27263641357422, 22.323194503784237], [114.27261352539062, 22.32347106933622], [114.27208709716797, 22.32347106933622], [114.27208709716797, 22.324028015136832], [114.27236175537121, 22.32402992248558], [114.27236175537121, 22.325416564941406], [114.27208709716797, 22.325416564941406], [114.27208709716797, 22.327083587646484], [114.27236175537121, 22.327083587646484], [114.2723312377932, 22.32847213745123], [114.27208709716797, 22.32847213745123], [114.27208709716797, 22.329305648803825], [114.27236175537121, 22.329305648803825], [114.27233886718795, 22.32958412170416], [114.27208709716797, 22.32958412170416], [114.27208709716797, 22.330137252807617], [114.27180480957031, 22.33014106750494], [114.27179718017578, 22.33041572570795], [114.27153015136741, 22.33041572570795], [114.27152252197288, 22.33069419860834], [114.27124786376964, 22.33069419860834], [114.27124786376964, 22.33124732971214], [114.27097320556652, 22.331251144409293], [114.27097320556652, 22.331806182861328], [114.27069091796909, 22.331806182861328], [114.27069091796909, 22.33430480957037], [114.27097320556652, 22.33430480957037], [114.27097320556652, 22.33486175537115], [114.27069091796909, 22.33486175537115], [114.27069091796909, 22.335695266723746], [114.27041625976585, 22.335695266723746], [114.27041625976585, 22.33597373962408], [114.27032470703125, 22.33597373962408], [114.2701416015625, 22.33597373962408], [114.2701416015625, 22.33653068542486], [114.2701416015625, 22.337083816528263], [114.26958465576172, 22.337083816528263], [114.26957702636719, 22.33791732788086], [114.26902770996094, 22.33791732788086], [114.26902770996094, 22.338193893432617], [114.26847076416038, 22.338193893432617], [114.26847076416038, 22.338472366333008], [114.26736450195335, 22.338472366333008], [114.26735687255882, 22.339027404785384], [114.26708221435547, 22.339031219482536], [114.26708221435547, 22.339305877685774], [114.2668075561528, 22.339309692382926], [114.2668075561528, 22.339860916137923], [114.26708221435547, 22.339860916137923], [114.26708221435547, 22.340139389038313], [114.2668075561528, 22.340139389038313], [114.26679229736351, 22.340972900390682], [114.26652526855469, 22.340972900390682], [114.26652526855469, 22.341808319092024], [114.2668075561528, 22.341808319092024], [114.2668075561528, 22.342082977295036], [114.26708221435547, 22.342082977295036], [114.26708221435547, 22.342636108398438], [114.2668075561528, 22.342636108398438], [114.2668075561528, 22.34291648864746], [114.26652526855469, 22.34291648864746], [114.26652526855469, 22.34430503845215], [114.26625061035168, 22.34430503845215], [114.26625061035168, 22.34541893005371], [114.26652526855469, 22.34541893005371], [114.26652526855469, 22.345970153808707], [114.2668075561528, 22.345970153808707], [114.2668075561528, 22.34680557250988], [114.26736450195335, 22.34680557250988], [114.26736450195335, 22.34763908386242], [114.26763916015659, 22.34764289855957], [114.26763916015659, 22.34791755676281], [114.26791381835949, 22.34791755676281], [114.26791381835949, 22.348472595214957], [114.26847076416038, 22.348472595214957], [114.26847076416038, 22.349306106567383], [114.26875305175781, 22.349306106567383], [114.26875305175781, 22.35097312927246], [114.26902770996094, 22.35097312927246], [114.26902770996094, 22.351249694824446], [114.26847076416038, 22.351249694824446], [114.26846313476562, 22.351528167724837], [114.2668075561528, 22.351530075073413], [114.2668075561528, 22.351804733276424], [114.26625061035168, 22.351804733276424], [114.26625061035168, 22.352361679077205], [114.26597595214844, 22.352361679077205], [114.26597595214844, 22.35263824462902], [114.26541900634788, 22.35263824462902], [114.26541900634788, 22.35291671752941], [114.26486206054699, 22.35291671752941], [114.26486206054699, 22.35319328308117], [114.26430511474632, 22.35319328308117], [114.26430511474632, 22.35375022888212], [114.26347351074219, 22.35375022888212], [114.26346588134766, 22.354305267333928], [114.26319122314499, 22.354305267333928], [114.26319122314499, 22.354583740234318], [114.26208496093761, 22.354583740234318], [114.26206207275402, 22.354860305786133], [114.26152801513683, 22.354860305786133], [114.26152801513683, 22.355138778686523], [114.26097106933628, 22.355138778686523], [114.26097106933628, 22.35541534423828], [114.26069641113304, 22.35541534423828], [114.26069641113304, 22.355972290039062], [114.2606201171875, 22.355972290039062], [114.26041412353516, 22.355972290039062], [114.26040649414062, 22.35652732849144], [114.26013946533249, 22.35653114318859], [114.26013946533249, 22.35680580139183], [114.25958251953136, 22.35680580139183], [114.25958251953136, 22.35652732849144], [114.25930786132812, 22.35652732849144], [114.25930786132812, 22.354583740234318], [114.25902557373047, 22.354583740234318], [114.25902557373047, 22.354305267333928], [114.25653076171886, 22.354305267333928], [114.25653076171886, 22.35402870178234], [114.25597381591797, 22.354030609130916], [114.25596618652344, 22.354305267333928], [114.2554168701173, 22.354305267333928], [114.2554168701173, 22.354583740234318], [114.25514221191418, 22.354583740234318], [114.25514221191418, 22.354860305786133], [114.25485992431675, 22.354860305786133], [114.25485992431675, 22.354583740234318], [114.25430297851562, 22.354583740234318], [114.25430297851562, 22.354305267333928], [114.25375366210938, 22.354305267333928], [114.25375366210938, 22.35402870178234], [114.2531967163086, 22.35402870178234], [114.2531967163086, 22.354305267333928], [114.25291442871094, 22.354305267333928], [114.25291442871094, 22.354583740234318], [114.2531967163086, 22.354583740234318], [114.2531967163086, 22.354860305786133], [114.25430297851562, 22.354860305786133], [114.25430297851562, 22.355138778686523], [114.25485992431675, 22.35514068603527], [114.25485992431675, 22.35541534423828], [114.25514221191418, 22.35541534423828], [114.25514221191418, 22.355693817138672], [114.25597381591797, 22.355693817138672], [114.25597381591797, 22.355972290039062], [114.25680541992188, 22.355972290039062], [114.25680541992188, 22.356250762939624], [114.25708007812545, 22.356250762939624], [114.25708007812545, 22.35652732849144], [114.25736236572266, 22.35652732849144], [114.25736236572266, 22.35680580139183], [114.2584686279298, 22.35680580139183], [114.2584686279298, 22.357084274291992], [114.25857543945324, 22.357084274291992], [114.25930786132812, 22.357084274291992], [114.25930786132812, 22.357360839843977], [114.25958251953136, 22.357360839843977], [114.25958251953136, 22.357915878296012], [114.25930786132812, 22.357915878296012], [114.25930786132812, 22.358747482299805], [114.25902557373047, 22.358747482299805], [114.25902557373047, 22.359306335449332], [114.25875091552757, 22.359306335449332], [114.25875091552757, 22.35958290100109], [114.2584686279298, 22.35958290100109], [114.2584686279298, 22.35986137390148], [114.25791931152378, 22.35986137390148], [114.25791931152378, 22.360139846802042], [114.25763702392601, 22.360139846802042], [114.25763702392601, 22.360416412353516], [114.25736236572266, 22.360420227050838], [114.25736236572266, 22.3612518310548], [114.25763702392601, 22.3612518310548], [114.25763702392601, 22.362083435058594], [114.26041412353516, 22.362083435058594], [114.26040649414062, 22.36291694641136], [114.26013946533249, 22.362920761108512], [114.26013946533249, 22.364305496215934], [114.26041412353516, 22.364305496215934], [114.26041412353516, 22.364582061767692], [114.26069641113304, 22.364582061767692], [114.26069641113304, 22.364860534668253], [114.26125335693382, 22.364860534668253], [114.26125335693382, 22.366527557373047], [114.26097106933628, 22.366527557373047], [114.26097106933628, 22.36791419982916], [114.26152801513683, 22.36791419982916], [114.26152801513683, 22.367639541625977], [114.2629165649414, 22.367639541625977], [114.2629165649414, 22.367082595825195], [114.26319122314499, 22.367082595825195], [114.26319122314499, 22.3687496185305], [114.26347351074219, 22.3687496185305], [114.26347351074219, 22.369026184082145], [114.26403045654297, 22.369026184082145], [114.26403045654297, 22.36986160278326], [114.26430511474632, 22.36986160278326], [114.26430511474632, 22.370416641235465], [114.26403045654297, 22.370420455932617], [114.26403045654297, 22.37153053283697], [114.26486206054699, 22.37153053283697], [114.26486206054699, 22.371248245239258], [114.26513671875011, 22.371248245239258], [114.26513671875011, 22.370695114135856], [114.26541900634788, 22.370695114135856], [114.26541900634788, 22.370416641235465], [114.26597595214844, 22.370416641235465], [114.26597595214844, 22.37013626098627], [114.26625061035168, 22.37013626098627], [114.26625061035168, 22.368194580078125], [114.26597595214844, 22.368194580078125], [114.26597595214844, 22.367361068725756], [114.26569366455078, 22.367361068725756], [114.26569366455078, 22.366804122924805], [114.26625061035168, 22.366804122924805], [114.26625061035168, 22.366527557373047], [114.26652526855469, 22.366527557373047], [114.26652526855469, 22.366249084472656], [114.2668075561528, 22.366249084472656], [114.2668075561528, 22.366527557373047], [114.26708221435547, 22.366527557373047], [114.26708221435547, 22.366804122924805], [114.26819610595714, 22.366804122924805], [114.26819610595714, 22.366527557373047], [114.26930236816418, 22.366527557373047], [114.26930236816418, 22.365972518921012], [114.26958465576172, 22.365972518921012], [114.26958465576172, 22.365139007568473], [114.2698593139653, 22.365139007568473], [114.2698593139653, 22.364305496215934], [114.26958465576172, 22.364305496215934], [114.26958465576172, 22.36291694641136], [114.26930236816418, 22.36291694641136], [114.26930236816418, 22.36236381530756], [114.26902770996094, 22.36236381530756], [114.26902770996094, 22.362083435058594], [114.26875305175781, 22.362083435058594], [114.26875305175781, 22.361528396606445], [114.26847076416038, 22.361528396606445], [114.26847076416038, 22.3612518310548], [114.26819610595714, 22.3612518310548], [114.26819610595714, 22.36096954345726], [114.26791381835949, 22.36096954345726], [114.26791381835949, 22.36069488525385], [114.26763916015659, 22.36069488525385], [114.26763916015659, 22.360416412353516], [114.26756286621116, 22.360416412353516], [114.26708221435547, 22.360416412353516], [114.26708221435547, 22.360139846802042], [114.26569366455078, 22.360139846802042], [114.26568603515636, 22.35986137390148], [114.26541900634788, 22.35986137390148], [114.26541900634788, 22.359306335449332], [114.26513671875011, 22.359306335449332], [114.26513671875011, 22.35763740539562], [114.26486206054699, 22.35763740539562], [114.26486206054699, 22.35680580139183], [114.26541900634788, 22.35680580139183], [114.26541900634788, 22.35652732849144], [114.26652526855469, 22.35652732849144], [114.26652526855469, 22.35680580139183], [114.26708221435547, 22.35680580139183], [114.26708221435547, 22.357084274291992], [114.26930236816418, 22.357084274291992], [114.26930236816418, 22.35680580139183], [114.2701416015625, 22.35680580139183], [114.2701416015625, 22.357084274291992], [114.27097320556652, 22.357084274291992], [114.27097320556652, 22.35652732849144], [114.27124786376964, 22.35652732849144], [114.27124786376964, 22.356250762939624], [114.2701416015625, 22.356250762939624], [114.2701416015625, 22.355972290039062], [114.2698593139653, 22.355972290039062], [114.2698593139653, 22.35541534423828], [114.26958465576172, 22.35541534423828], [114.26958465576172, 22.354583740234318], [114.2698593139653, 22.354583740234318], [114.2698593139653, 22.354860305786133], [114.27041625976585, 22.354860305786133], [114.27041625976585, 22.354583740234318], [114.27069091796909, 22.354583740234318], [114.27069091796909, 22.354860305786133], [114.27153015136741, 22.354860305786133], [114.27153015136741, 22.354305267333928], [114.27180480957031, 22.354305267333928], [114.27180480957031, 22.35402870178234], [114.27208709716797, 22.35402870178234], [114.27208709716797, 22.35375022888212], [114.27236175537121, 22.35375022888212], [114.27236175537121, 22.35319328308117], [114.27263641357422, 22.35319328308117], [114.27263641357422, 22.352361679077205], [114.273193359375, 22.352361679077205], [114.273193359375, 22.351528167724837], [114.27347564697288, 22.351528167724837], [114.27348327636764, 22.351249694824446], [114.27402496337902, 22.351249694824446], [114.27402496337902, 22.35097312927246], [114.27458190917991, 22.35097312927246], [114.27458190917991, 22.35069465637207], [114.27486419677746, 22.35069465637207], [114.27486419677746, 22.350416183471907], [114.27569580078125, 22.350416183471907], [114.27562713623058, 22.35097312927246], [114.27541351318371, 22.35097312927246], [114.27541351318371, 22.351249694824446], [114.27569580078125, 22.351249694824446], [114.27569580078125, 22.351804733276424], [114.27597045898483, 22.351804733276424], [114.27597045898483, 22.35319328308117], [114.27625274658203, 22.35319328308117], [114.27625274658203, 22.35347175598156], [114.27652740478538, 22.35347175598156], [114.27652740478538, 22.35375022888212], [114.27708435058616, 22.35375022888212], [114.27708435058616, 22.35402870178234], [114.27764129638683, 22.35402870178234], [114.27764129638683, 22.354583740234318], [114.27791595458996, 22.354583740234318], [114.27791595458996, 22.355972290039062], [114.27783966064464, 22.355972290039062], [114.27764129638683, 22.355972290039062], [114.27764892578136, 22.35652732849144], [114.27791595458996, 22.35653114318859], [114.27791595458996, 22.35680580139183], [114.27764129638683, 22.35680580139183], [114.27764129638683, 22.357084274291992], [114.27791595458996, 22.357084274291992], [114.27791595458996, 22.35763740539562], [114.27819061279297, 22.35763740539562], [114.27819824218773, 22.358194351196346], [114.27847290039062, 22.358194351196346], [114.27847290039062, 22.358472824096737], [114.27874755859375, 22.358472824096737], [114.27874755859375, 22.359306335449332], [114.27847290039062, 22.359306335449332], [114.27847290039062, 22.360139846802042], [114.27819824218773, 22.360139846802042], [114.27819061279297, 22.36069488525385], [114.27764129638683, 22.36069488525385], [114.27764129638683, 22.36096954345726], [114.27735900878918, 22.36096954345726], [114.27735900878918, 22.3612518310548], [114.27708435058616, 22.3612518310548], [114.27707672119152, 22.361528396606445], [114.27680206298862, 22.361528396606445], [114.27680206298862, 22.361804962158203], [114.27597045898483, 22.361804962158203], [114.27597045898483, 22.362083435058594], [114.27541351318371, 22.362083435058594], [114.27541351318371, 22.36236381530756], [114.27486419677746, 22.36236381530756], [114.27482604980514, 22.363473892211914], [114.27458190917991, 22.363473892211914], [114.27458190917991, 22.3637504577639], [114.27430725097668, 22.3637504577639], [114.27430725097668, 22.364305496215934], [114.27375030517612, 22.364305496215934], [114.27375030517612, 22.364582061767692], [114.27347564697288, 22.364582061767692], [114.27347564697288, 22.364860534668253], [114.273193359375, 22.364860534668253], [114.273193359375, 22.365695953369254], [114.27291870117233, 22.365695953369254], [114.27291870117233, 22.365972518921012], [114.273193359375, 22.365972518921012], [114.273193359375, 22.366804122924805], [114.27291870117233, 22.366804122924805], [114.27291870117233, 22.367639541625977], [114.27263641357422, 22.367639541625977], [114.27263641357422, 22.368194580078125], [114.27236175537121, 22.368194580078125], [114.27232360839866, 22.368473052978516], [114.27208709716797, 22.368473052978516], [114.27208709716797, 22.37013626098627], [114.27236175537121, 22.37013626098627], [114.27236175537121, 22.370971679687614], [114.27263641357422, 22.370971679687614], [114.27263641357422, 22.37153053283697], [114.273193359375, 22.37153053283697], [114.273193359375, 22.371805191039982], [114.27347564697288, 22.371805191039982], [114.27347564697288, 22.372358322143782], [114.27375030517612, 22.372358322143782], [114.27375030517612, 22.372640609741325], [114.27402496337902, 22.372640609741325], [114.27402496337902, 22.37375068664568], [114.27430725097668, 22.37375068664568], [114.27430725097668, 22.374584197998047], [114.27458190917991, 22.374584197998047], [114.27458190917991, 22.374862670898438], [114.27486419677746, 22.374862670898438], [114.27486419677746, 22.375139236450423], [114.27513885498047, 22.375141143798828], [114.27513885498047, 22.375415802002067], [114.27541351318371, 22.375415802002067], [114.27537536621116, 22.3756942749024], [114.27513885498047, 22.3756942749024], [114.27513885498047, 22.376249313354606], [114.27486419677746, 22.376251220703182], [114.27485656738281, 22.376527786254996], [114.27458190917991, 22.376527786254996], [114.27458190917991, 22.376806259155387], [114.27430725097668, 22.37681007385254], [114.27430725097668, 22.37791633605957], [114.27402496337902, 22.37791633605957], [114.27402496337902, 22.378194808959904], [114.273193359375, 22.378194808959904], [114.273193359375, 22.37791633605957], [114.27208709716797, 22.37791633605957], [114.27208709716797, 22.37847137451189], [114.27180480957031, 22.37847137451189], [114.27180480957031, 22.37874984741211], [114.27208709716797, 22.37874984741211], [114.27208709716797, 22.3790283203125], [114.27236175537121, 22.3790283203125], [114.27236175537121, 22.379304885864258], [114.27263641357422, 22.379304885864258], [114.27263641357422, 22.37958335876465], [114.273193359375, 22.37958335876465], [114.273193359375, 22.37986183166504], [114.27347564697288, 22.37986183166504], [114.27347564697288, 22.380138397217024], [114.27375030517612, 22.380138397217024], [114.27375030517612, 22.380416870117415], [114.27402496337902, 22.380416870117415], [114.27402496337902, 22.380695343017805], [114.27430725097668, 22.380695343017805], [114.27430725097668, 22.381250381469954], [114.27458190917991, 22.381250381469954], [114.27458190917991, 22.381526947021598], [114.27486419677746, 22.381526947021598], [114.27486419677746, 22.38180541992199], [114.27513885498047, 22.381811141967717], [114.27513885498047, 22.382360458374308], [114.27541351318371, 22.382360458374308], [114.27541351318371, 22.382638931274528], [114.27569580078125, 22.382640838623104], [114.27569580078125, 22.382915496826115], [114.27597045898483, 22.382915496826115], [114.27597045898483, 22.383193969726506], [114.27625274658203, 22.383193969726506], [114.27625274658203, 22.383472442627067], [114.27652740478538, 22.383472442627067], [114.27652740478538, 22.383750915527457], [114.27708435058616, 22.383750915527457], [114.27708435058616, 22.3840274810791], [114.27735900878918, 22.3840274810791], [114.27735900878918, 22.38430786132824], [114.27764129638683, 22.384332656860465], [114.27764129638683, 22.384859085083235], [114.27735900878918, 22.384859085083235], [114.27735900878918, 22.385137557983626], [114.27708435058616, 22.385137557983626], [114.27708435058616, 22.38569450378418], [114.27680206298862, 22.38569450378418], [114.27680206298862, 22.38625144958496], [114.27652740478538, 22.38625144958496], [114.27652740478538, 22.389305114746037], [114.27708435058616, 22.389305114746037], [114.27708435058616, 22.389583587646428], [114.27680206298862, 22.389583587646428], [114.27680206298862, 22.39069366455078], [114.27708435058616, 22.39069366455078], [114.27707672119152, 22.390972137451172], [114.27680206298862, 22.390972137451172], [114.27680206298862, 22.391250610351733], [114.27708435058616, 22.391250610351733], [114.27708435058616, 22.3920841217041], [114.27735900878918, 22.3920841217041], [114.27735900878918, 22.392639160156477], [114.27764129638683, 22.392639160156477], [114.27764892578136, 22.39291572570812], [114.27791595458996, 22.392917633056868], [114.27791595458996, 22.393472671508846], [114.27819061279297, 22.393472671508846], [114.27819824218773, 22.39374923706066], [114.27847290039062, 22.39374923706066], [114.27847290039062, 22.39402770996105], [114.27930450439453, 22.39402770996105], [114.27930450439453, 22.39374923706066], [114.27986145019531, 22.39374923706066], [114.27986145019531, 22.393472671508846], [114.28013610839866, 22.393472671508846], [114.28013610839866, 22.393194198608455], [114.28041839599643, 22.393194198608455], [114.28043365478516, 22.392917633056868], [114.28069305419933, 22.39291572570812], [114.28069305419933, 22.392639160156477], [114.28208160400402, 22.392641067504883], [114.28208160400402, 22.39291572570812], [114.28236389160156, 22.392917633056868], [114.28236389160156, 22.39374923706066], [114.28263854980514, 22.39374923706066], [114.28263854980514, 22.39402770996105], [114.28291320800781, 22.39402770996105], [114.28291320800781, 22.39430427551264], [114.2831954956057, 22.39430427551264], [114.2831954956057, 22.3945827484132], [114.28347015380893, 22.3945827484132], [114.28347015380893, 22.39486122131359], [114.28402709960949, 22.39486122131359], [114.28402709960949, 22.39513969421415], [114.28597259521484, 22.39513969421415], [114.28597259521484, 22.39486122131359], [114.2862472534182, 22.39486122131359], [114.2862472534182, 22.3945827484132], [114.28652954101597, 22.3945827484132], [114.28652954101597, 22.39430427551264], [114.28680419921886, 22.39430427551264], [114.28680419921886, 22.3945827484132], [114.28708648681652, 22.3945827484132], [114.28708648681652, 22.39430427551264], [114.28791809082031, 22.39430427551264], [114.28791809082031, 22.39402770996105], [114.28819274902355, 22.39402770996105], [114.28819274902355, 22.39374923706066], [114.28874969482467, 22.39374923706066], [114.28874969482467, 22.39180564880394], [114.28902435302734, 22.39180564880394], [114.28902435302734, 22.391527175903548], [114.28958129882847, 22.391527175903548], [114.28958129882847, 22.390972137451172], [114.28986358642601, 22.390972137451172], [114.28986358642601, 22.39069366455078], [114.29013824462902, 22.39069366455078], [114.29013824462902, 22.38986206054699], [114.29041290283226, 22.38986206054699], [114.29041290283226, 22.389305114746037], [114.2906951904298, 22.389305114746037], [114.2906951904298, 22.38902854919445], [114.29096984863281, 22.38902854919445], [114.29096984863281, 22.38847160339367], [114.29235839843773, 22.38847160339367], [114.29235839843773, 22.38819503784191], [114.29264068603516, 22.38819503784191], [114.29264068603516, 22.38791656494152], [114.29430389404297, 22.38791656494152], [114.29430389404297, 22.38819503784191], [114.29458618164062, 22.38819503784191], [114.29458618164062, 22.38847160339367], [114.29541778564499, 22.38847160339367], [114.29541778564499, 22.38875007629423], [114.29569244384766, 22.38875007629423], [114.29569244384766, 22.38902854919445], [114.29652404785168, 22.38902854919445], [114.29652404785168, 22.38847160339367], [114.29680633544933, 22.38847160339367], [114.29680633544933, 22.38819503784191], [114.29708099365257, 22.38819503784191], [114.29708099365257, 22.38791656494152], [114.29736328125, 22.38791656494152], [114.29736328125, 22.387361526489315], [114.29763793945312, 22.387361526489315], [114.29763793945312, 22.387083053588924], [114.2979202270509, 22.387083053588924], [114.2979202270509, 22.386529922485522], [114.2981948852539, 22.386529922485522], [114.2981948852539, 22.38625144958496], [114.29846954345749, 22.38625144958496], [114.29846954345749, 22.385416030884016], [114.29875183105469, 22.385416030884016], [114.29875183105469, 22.384859085083235], [114.29846954345749, 22.384859085083235], [114.29846954345749, 22.3840274810791], [114.29875183105469, 22.3840274810791], [114.29875183105469, 22.383750915527457], [114.29930877685581, 22.383750915527457], [114.29930877685581, 22.3840274810791], [114.3001403808596, 22.3840274810791], [114.3001403808596, 22.38430786132824], [114.3004150390625, 22.38430786132824], [114.3004150390625, 22.38458251953125], [114.30152893066452, 22.38458251953125], [114.30152893066452, 22.384859085083235], [114.30236053466831, 22.384859085083235], [114.30236053466831, 22.385416030884016], [114.30403137207031, 22.385416030884016], [114.30403137207031, 22.38430786132824], [114.30430603027344, 22.38430786132824], [114.30430603027344, 22.3840274810791], [114.30458068847702, 22.3840274810791], [114.30458068847702, 22.383750915527457], [114.30513763427757, 22.383750915527457], [114.30513763427757, 22.3840274810791], [114.30579376220737, 22.3840274810791], [114.30596923828136, 22.3840274810791], [114.30596923828136, 22.38458251953125], [114.30625152587902, 22.38458251953125], [114.30625152587902, 22.384859085083235], [114.30735778808594, 22.384859085083235], [114.30735778808594, 22.385137557983626], [114.30791473388672, 22.385137557983626], [114.30791473388672, 22.384859085083235], [114.30930328369152, 22.384859085083235], [114.30930328369152, 22.38458251953125], [114.31041717529297, 22.38458251953125], [114.31041717529297, 22.385137557983626], [114.31069183349621, 22.385137557983626], [114.31069183349621, 22.38569450378418], [114.31041717529297, 22.38569450378418], [114.31038665771484, 22.38597297668457], [114.31014251708984, 22.38597297668457], [114.31014251708984, 22.38625144958496], [114.30958557128918, 22.38625144958496], [114.30958557128918, 22.386529922485522], [114.30930328369152, 22.386529922485522], [114.30930328369152, 22.386804580688533], [114.30902862548862, 22.386806488037337], [114.3090057373048, 22.387083053588924], [114.30874633789085, 22.387083053588924], [114.30874633789085, 22.38791656494152], [114.30902862548862, 22.38791656494152], [114.30902862548862, 22.38847160339367], [114.30930328369152, 22.38847160339367], [114.30930328369152, 22.38902854919445], [114.30958557128918, 22.38902854919445], [114.30958557128918, 22.389305114746037], [114.30986022949241, 22.389305114746037], [114.30986022949241, 22.389583587646428], [114.31014251708984, 22.389583587646428], [114.31014251708984, 22.38986206054699], [114.31041717529297, 22.38986206054699], [114.31041717529297, 22.390138626098633], [114.31014251708984, 22.39014053344738], [114.31014251708984, 22.391250610351733], [114.31041717529297, 22.391250610351733], [114.31041717529297, 22.39180564880394], [114.31069183349621, 22.39180946350109], [114.31069183349621, 22.392360687256087], [114.31180572509788, 22.392360687256087], [114.31181335449241, 22.392639160156477], [114.31458282470703, 22.392641067504883], [114.31458282470703, 22.39291572570812], [114.31597137451195, 22.392917633056868], [114.31597137451195, 22.393472671508846], [114.31764221191406, 22.393472671508846], [114.31764221191406, 22.393194198608455], [114.31819152832065, 22.393194198608455], [114.31822204589844, 22.392917633056868], [114.31874847412121, 22.39291572570812], [114.31874847412121, 22.392639160156477], [114.31819152832065, 22.392639160156477], [114.31819152832065, 22.392360687256087], [114.31735992431686, 22.392360687256087], [114.31735992431686, 22.38847160339367], [114.31625366210949, 22.38847160339367], [114.31623840332031, 22.38791656494152], [114.31597137451195, 22.38791656494152], [114.31597137451195, 22.387361526489315], [114.31569671630871, 22.387361526489315], [114.31569671630871, 22.386806488037337], [114.31541442871105, 22.38680076599121], [114.31541442871105, 22.38625144958496], [114.31513977050815, 22.38625144958496], [114.31513977050815, 22.385416030884016], [114.31485748291038, 22.385416030884016], [114.31485748291038, 22.385137557983626], [114.31458282470703, 22.385137557983626], [114.31458282470703, 22.38458251953125], [114.31485748291038, 22.38458251953125], [114.31485748291038, 22.38430786132824], [114.31513977050815, 22.38430786132824], [114.31513977050815, 22.3840274810791], [114.31569671630871, 22.3840274810791], [114.31569671630871, 22.383750915527457], [114.31625366210949, 22.383750915527457], [114.31625366210949, 22.383472442627067], [114.31680297851574, 22.383472442627067], [114.31680297851574, 22.383750915527457], [114.31708526611328, 22.383750915527457], [114.31709289550781, 22.38430786132824], [114.31735992431686, 22.384309768676815], [114.31735992431686, 22.384859085083235], [114.31764221191406, 22.384859085083235], [114.31764221191406, 22.385137557983626], [114.31791687011741, 22.385137557983626], [114.31791687011741, 22.385416030884016], [114.31819152832065, 22.385416030884016], [114.31819152832065, 22.38597297668457], [114.3184738159182, 22.38597297668457], [114.3184738159182, 22.38625144958496], [114.31903076171886, 22.38625144958496], [114.31903076171886, 22.38569450378418], [114.31874847412121, 22.38569450378418], [114.31874847412121, 22.384859085083235], [114.3184738159182, 22.384859085083235], [114.3184738159182, 22.38430786132824], [114.31819152832065, 22.38430786132824], [114.31819152832065, 22.383472442627067], [114.31791687011741, 22.383472442627067], [114.31791687011741, 22.382638931274528], [114.31819152832065, 22.382638931274528], [114.31819152832065, 22.382083892822322], [114.3184738159182, 22.382083892822322], [114.3184738159182, 22.381526947021598], [114.319580078125, 22.381526947021598], [114.319580078125, 22.38180541992199], [114.32013702392578, 22.38180541992199], [114.32013702392578, 22.382083892822322], [114.32041931152355, 22.382083892822322], [114.32041931152355, 22.382360458374308], [114.32069396972656, 22.382360458374308], [114.32069396972656, 22.382083892822322], [114.32096862792991, 22.382083892822322], [114.32096862792991, 22.382360458374308], [114.3215255737307, 22.382360458374308], [114.3215255737307, 22.383193969726506], [114.32180786132847, 22.383193969726506], [114.32180786132847, 22.383472442627067], [114.32236480712902, 22.383472442627067], [114.32236480712902, 22.383193969726506], [114.32263946533226, 22.383193969726506], [114.32266235351574, 22.382915496826115], [114.32291412353516, 22.382915496826115], [114.32291412353516, 22.382638931274528], [114.32263946533226, 22.382638931274528], [114.32263946533226, 22.381526947021598], [114.32291412353516, 22.381526947021598], [114.32291412353516, 22.380971908569393], [114.32319641113281, 22.380971908569393], [114.32321929931663, 22.380695343017805], [114.32347106933605, 22.380695343017805], [114.32347106933605, 22.380416870117415], [114.3237533569336, 22.380416870117415], [114.3237533569336, 22.380138397217024], [114.32402801513717, 22.380138397217024], [114.32402801513717, 22.37986183166504], [114.32458496093773, 22.37986183166504], [114.32458496093773, 22.37958335876465], [114.3251419067384, 22.37958335876465], [114.3251419067384, 22.379304885864258], [114.32569122314476, 22.379304885864258], [114.32569122314476, 22.3790283203125], [114.32597351074219, 22.3790283203125], [114.32597351074219, 22.37874984741211], [114.32653045654308, 22.37874984741211], [114.32653045654308, 22.37847137451189], [114.3268051147461, 22.37847137451189], [114.3268051147461, 22.378194808959904], [114.32875061035179, 22.378194808959904], [114.32875061035179, 22.37791633605957], [114.32930755615234, 22.37791633605957], [114.32930755615234, 22.377639770508097], [114.3301391601567, 22.377639770508097], [114.3301391601567, 22.377361297607536], [114.3305816650394, 22.377361297607536], [114.33069610595726, 22.377361297607536], [114.33069610595726, 22.377082824707145], [114.33152770996105, 22.377082824707145], [114.33152770996105, 22.376806259155387], [114.33208465576183, 22.376806259155387], [114.33208465576183, 22.376249313354606], [114.33235931396484, 22.376249313354606], [114.33235931396484, 22.37597274780279], [114.33291625976562, 22.37597274780279], [114.33291625976562, 22.376249313354606], [114.3331909179692, 22.376251220703182], [114.3331909179692, 22.376806259155387], [114.3334732055664, 22.376806259155387], [114.3334732055664, 22.377082824707145], [114.33374786376976, 22.377082824707145], [114.33374786376976, 22.377361297607536], [114.33385467529297, 22.377361297607536], [114.33430480957054, 22.377361297607536], [114.33430480957054, 22.377639770508097], [114.33486175537121, 22.377639770508097], [114.33486175537121, 22.375139236450423], [114.33458709716831, 22.375139236450423], [114.33458709716831, 22.374305725097884], [114.33430480957054, 22.374305725097884], [114.3342971801759, 22.373472213745117], [114.33403015136719, 22.373472213745117], [114.33403015136719, 22.372083663940373], [114.33430480957054, 22.372083663940373], [114.33430480957054, 22.370695114135856], [114.33403015136719, 22.370695114135856], [114.33403015136719, 22.37013626098627], [114.33374786376976, 22.37013626098627], [114.33374786376976, 22.36958312988287], [114.3334732055664, 22.36958312988287], [114.3334732055664, 22.36930465698248], [114.3331909179692, 22.36930465698248], [114.3331909179692, 22.3687496185305], [114.3334732055664, 22.3687496185305], [114.3334732055664, 22.368194580078125], [114.33374786376976, 22.368194580078125], [114.33374786376976, 22.367639541625977], [114.3334732055664, 22.367639541625977], [114.3334732055664, 22.367361068725756], [114.3331909179692, 22.367361068725756], [114.3331909179692, 22.367082595825195], [114.33291625976562, 22.367082595825195], [114.33291625976562, 22.367361068725756], [114.3326416015625, 22.367361068725756], [114.3326416015625, 22.366527557373047], [114.33235931396484, 22.366527557373047], [114.33235931396484, 22.365417480468864], [114.3326416015625, 22.365417480468864], [114.3326416015625, 22.364860534668253], [114.33208465576183, 22.364860534668253], [114.33207702636719, 22.364582061767692], [114.33152770996105, 22.364582061767692], [114.33151245117199, 22.364305496215934], [114.33125305175804, 22.364305496215934], [114.33125305175804, 22.364027023315543], [114.3309707641605, 22.364027023315543], [114.3309707641605, 22.3637504577639], [114.33125305175804, 22.3637504577639], [114.33125305175804, 22.36236381530756], [114.33180236816429, 22.36236381530756], [114.33180236816429, 22.361804962158203], [114.33208465576183, 22.361804962158203], [114.33208465576183, 22.3612518310548], [114.3326416015625, 22.3612518310548], [114.3326416015625, 22.36096954345726], [114.33291625976562, 22.36096954345726], [114.33291625976562, 22.36069488525385], [114.3331909179692, 22.36069488525385], [114.33322906494152, 22.360416412353516], [114.3334732055664, 22.360416412353516], [114.3334732055664, 22.35958290100109], [114.33430480957054, 22.35958290100109], [114.33430480957054, 22.35902976989769], [114.33513641357433, 22.35902976989769], [114.33513641357433, 22.358747482299805], [114.3362503051759, 22.358747482299805], [114.3362503051759, 22.35902976989769], [114.33708190917969, 22.35902976989769], [114.33708190917969, 22.358747482299805], [114.33763885498081, 22.358747482299805], [114.33763885498081, 22.358472824096737], [114.33791351318371, 22.358472824096737], [114.33791351318371, 22.357915878296012], [114.33819580078136, 22.357915878296012], [114.33819580078136, 22.35763740539562], [114.33875274658203, 22.35763740539562], [114.33875274658203, 22.357360839843977], [114.33902740478516, 22.357360839843977], [114.33902740478516, 22.35680580139183], [114.33958435058594, 22.35680580139183], [114.33958435058594, 22.35652732849144], [114.34097290039074, 22.35652732849144], [114.34097290039074, 22.355972290039062], [114.34124755859386, 22.355972290039062], [114.34126281738315, 22.355138778686523], [114.34152984619163, 22.355138778686523], [114.34152984619163, 22.354583740234318], [114.34014129638672, 22.354583740234318], [114.34014129638672, 22.354860305786133], [114.3384704589846, 22.354860305786133], [114.3384704589846, 22.354583740234318], [114.33819580078136, 22.354583740234318], [114.33819580078136, 22.354860305786133], [114.33791351318371, 22.354860305786133], [114.33792877197288, 22.35402870178234], [114.33819580078136, 22.35402870178234], [114.33819580078136, 22.35347175598156], [114.3384704589846, 22.35347175598156], [114.3384704589846, 22.35319328308117], [114.33875274658203, 22.35319328308117], [114.33875274658203, 22.352083206176815], [114.33902740478516, 22.352083206176815], [114.33902740478516, 22.351249694824446], [114.33958435058594, 22.351249694824446], [114.33958435058594, 22.35069465637207], [114.33985900878952, 22.35069465637207], [114.33985900878952, 22.350139617919922], [114.34041595459007, 22.350139617919922], [114.34041595459007, 22.34958267211914], [114.34069824218784, 22.34958267211914], [114.34073638916016, 22.349027633666992], [114.34124755859386, 22.349027633666992], [114.34124755859386, 22.348472595214957], [114.34152984619163, 22.348472595214957], [114.34152984619163, 22.348194122314396], [114.34180450439453, 22.348194122314396], [114.34185028076172, 22.34791755676281], [114.34208679199219, 22.34791755676281], [114.34208679199219, 22.34763908386242], [114.34236145019543, 22.34763908386242], [114.34236145019543, 22.34735870361328], [114.34263610839844, 22.34735870361328], [114.34263610839844, 22.347084045410213], [114.34291839599655, 22.347084045410213], [114.34295654296886, 22.34680557250988], [114.3434753417971, 22.34680557250988], [114.3434753417971, 22.34652709960949], [114.34402465820324, 22.34652709960949], [114.34402465820324, 22.347084045410213], [114.3443069458009, 22.347084045410213], [114.3443069458009, 22.34735870361328], [114.34458160400413, 22.34735870361328], [114.34458160400413, 22.34791755676281], [114.34486389160168, 22.34791755676281], [114.34486389160168, 22.348194122314396], [114.34513854980469, 22.348194122314396], [114.34513854980469, 22.3487491607666], [114.34541320800793, 22.3487491607666], [114.34541320800793, 22.349027633666992], [114.34513854980469, 22.349027633666992], [114.34513854980469, 22.34958267211914], [114.34569549560547, 22.34958267211914], [114.34569549560547, 22.350139617919922], [114.34625244140625, 22.350139617919922], [114.34625244140625, 22.350416183471907], [114.3473587036134, 22.350416183471907], [114.3473587036134, 22.350139617919922], [114.34764099121105, 22.350139617919922], [114.34764099121105, 22.34958267211914], [114.34819793701195, 22.34958267211914], [114.34819793701195, 22.349306106567383], [114.34847259521484, 22.349306106567383], [114.34847259521484, 22.34958267211914], [114.34902954101574, 22.34958267211914], [114.34902954101574, 22.349861145019702], [114.34958648681686, 22.349861145019702], [114.34958648681686, 22.35291671752941], [114.35097503662121, 22.35291671752941], [114.35097503662121, 22.35402870178234], [114.35124969482445, 22.35402870178234], [114.35124969482445, 22.354305267333928], [114.35208129882824, 22.354305267333928], [114.35208129882824, 22.35347175598156], [114.35236358642578, 22.35347175598156], [114.35237121582031, 22.351804733276424], [114.35263824462936, 22.351804733276424], [114.35263824462936, 22.35097312927246], [114.35236358642578, 22.35097312927246], [114.35236358642578, 22.35069465637207], [114.35208129882824, 22.35069465637207], [114.35208129882824, 22.350416183471907], [114.351806640625, 22.350416183471907], [114.351806640625, 22.350139617919922], [114.35152435302734, 22.350139617919922], [114.35152435302734, 22.349306106567383], [114.35208129882824, 22.349306106567383], [114.35208129882824, 22.348194122314396], [114.351806640625, 22.348194122314396], [114.35176086425815, 22.34791755676281], [114.35152435302734, 22.34791755676281], [114.35152435302734, 22.34763908386242], [114.35124969482445, 22.34763908386242], [114.35124969482445, 22.347084045410213], [114.351806640625, 22.347084045410213], [114.35182189941429, 22.34680557250988], [114.35208129882824, 22.34680557250988], [114.35208129882824, 22.34652709960949], [114.35236358642578, 22.34652709960949], [114.35236358642578, 22.345693588256893], [114.35263824462936, 22.345693588256893], [114.35263824462936, 22.34541893005371], [114.35236358642578, 22.34541893005371], [114.35236358642578, 22.343748092651595], [114.35263824462936, 22.343748092651595], [114.35263824462936, 22.343196868896598], [114.35291290283203, 22.343196868896598], [114.35291290283203, 22.342636108398438], [114.35319519042991, 22.342636108398438], [114.35320281982445, 22.342361450195426], [114.35375213623058, 22.342361450195426], [114.35375213623058, 22.342082977295036], [114.35402679443371, 22.342082977295036], [114.35405731201172, 22.341808319092024], [114.35430908203148, 22.341808319092024], [114.35430908203148, 22.341527938842887], [114.35458374023438, 22.341527938842887], [114.35458374023438, 22.339027404785384], [114.35430908203148, 22.339027404785384], [114.35430908203148, 22.338193893432617], [114.35458374023438, 22.338193893432617], [114.35458374023438, 22.33763885498047], [114.3548583984375, 22.33763885498047], [114.3548583984375, 22.33652687072754], [114.35514068603527, 22.33652687072754], [114.35514068603527, 22.33597373962408], [114.35541534423828, 22.33597373962408], [114.35541534423828, 22.335695266723746], [114.35569763183639, 22.335695266723746], [114.35569763183639, 22.335416793823356], [114.35624694824241, 22.335416793823356], [114.35624694824241, 22.335138320922965], [114.35680389404308, 22.335138320922965], [114.35680389404308, 22.335416793823356], [114.35736083984398, 22.335420608520508], [114.35736083984398, 22.335695266723746], [114.35791778564453, 22.335695266723746], [114.35791778564453, 22.33597373962408], [114.35874938964889, 22.33597373962408], [114.35874938964889, 22.336250305176065], [114.35902404785156, 22.336250305176065], [114.35902404785156, 22.33652687072754], [114.35930633544945, 22.33652687072754], [114.35930633544945, 22.336805343627873], [114.35958099365268, 22.336811065673828], [114.35958099365268, 22.339860916137923], [114.35986328125023, 22.339860916137923], [114.35986328125023, 22.340414047241325], [114.36013793945324, 22.340414047241325], [114.36013793945324, 22.34051513671892], [114.36013793945324, 22.34069442749029], [114.36069488525402, 22.34069442749029], [114.36069488525402, 22.340972900390682], [114.36152648925781, 22.340972900390682], [114.36152648925781, 22.342636108398438], [114.36125183105469, 22.342636108398438], [114.36125183105469, 22.343196868896598], [114.36096954345703, 22.34320068359375], [114.36096954345703, 22.344026565551985], [114.36069488525402, 22.344026565551985], [114.36069488525402, 22.34458351135254], [114.35986328125023, 22.34458351135254], [114.35986328125023, 22.34514045715349], [114.36013793945324, 22.34514045715349], [114.36013793945324, 22.34541893005371], [114.35986328125023, 22.345420837402457], [114.35986328125023, 22.34680557250988], [114.36013793945324, 22.34680557250988], [114.36012268066418, 22.347084045410213], [114.35986328125023, 22.347084045410213], [114.35986328125023, 22.34735870361328], [114.36013793945324, 22.34735870361328], [114.36013793945324, 22.34763908386242], [114.3604202270509, 22.34763908386242], [114.3604202270509, 22.349027633666992], [114.36013793945324, 22.349027633666992], [114.36013793945324, 22.349861145019702], [114.35986328125023, 22.349861145019702], [114.35986328125023, 22.351249694824446], [114.36013793945324, 22.351249694824446], [114.36013793945324, 22.351528167724837], [114.3604202270509, 22.351528167724837], [114.3604202270509, 22.351804733276424], [114.36125183105469, 22.351804733276424], [114.36125183105469, 22.351528167724837], [114.36180877685558, 22.351528167724837], [114.36180877685558, 22.351249694824446], [114.3620834350586, 22.351249694824446], [114.3620834350586, 22.35097312927246], [114.36228942871094, 22.35097312927246], [114.36235809326195, 22.350416183471907], [114.3631973266605, 22.350416183471907], [114.3631973266605, 22.350139617919922], [114.36374664306652, 22.350139617919922], [114.36374664306652, 22.34958267211914], [114.36402893066429, 22.34958267211914], [114.36406707763695, 22.349027633666992], [114.36458587646484, 22.349027633666992], [114.36458587646484, 22.3487491607666], [114.3651351928711, 22.3487491607666], [114.36514282226562, 22.348472595214957], [114.36569213867188, 22.348472595214957], [114.36569213867188, 22.349306106567383], [114.36597442626976, 22.349306106567383], [114.36597442626976, 22.34958267211914], [114.366249084473, 22.34958267211914], [114.366249084473, 22.349861145019702], [114.36680603027355, 22.349861145019702], [114.36680603027355, 22.34958267211914], [114.36736297607422, 22.34958267211914], [114.36736297607422, 22.349306106567383], [114.36763763427734, 22.349306106567383], [114.36763763427734, 22.349861145019702], [114.36791992187511, 22.349861145019702], [114.36791992187511, 22.35069465637207], [114.36763763427734, 22.35069465637207], [114.36763763427734, 22.351249694824446], [114.36736297607422, 22.351249694824446], [114.36736297607422, 22.351528167724837], [114.36708068847679, 22.351530075073413], [114.36708068847679, 22.351804733276424], [114.366249084473, 22.351804733276424], [114.366249084473, 22.352083206176815], [114.36458587646484, 22.352083206176815], [114.36458587646484, 22.352361679077205], [114.36430358886719, 22.352361679077205], [114.36430358886719, 22.35319328308117], [114.36458587646484, 22.35319328308117], [114.36458587646484, 22.35347175598156], [114.36486053466808, 22.35347175598156], [114.36486053466808, 22.35375022888212], [114.3651351928711, 22.35375022888212], [114.3651351928711, 22.35402870178234], [114.3654174804692, 22.35402870178234], [114.3654174804692, 22.354583740234318], [114.366249084473, 22.354583740234318], [114.366249084473, 22.354305267333928], [114.36680603027355, 22.354305267333928], [114.36680603027355, 22.35402870178234], [114.36708068847679, 22.35402870178234], [114.36708068847679, 22.35375022888212], [114.3687515258789, 22.35375022888212], [114.3687515258789, 22.35347175598156], [114.36930847168003, 22.35347175598156], [114.36930847168003, 22.352361679077205], [114.36985778808605, 22.352361679077205], [114.36985778808605, 22.352083206176815], [114.37014007568382, 22.352083206176815], [114.37014007568382, 22.351804733276424], [114.37152862548874, 22.351804733276424], [114.37152862548874, 22.352361679077205], [114.3718032836914, 22.352361679077205], [114.3718032836914, 22.35319328308117], [114.37403106689453, 22.35320091247553], [114.37403106689453, 22.35375022888212], [114.37430572509766, 22.35375022888212], [114.37430572509766, 22.35402870178234], [114.37458038330124, 22.35402870178234], [114.37458038330124, 22.354583740234318], [114.37430572509766, 22.354583740234318], [114.37430572509766, 22.355138778686523], [114.37458038330124, 22.355138778686523], [114.37458038330124, 22.35541534423828], [114.37513732910179, 22.35541534423828], [114.37513732910179, 22.355693817138672], [114.37541961669922, 22.355693817138672], [114.37541961669922, 22.355972290039062], [114.37569427490257, 22.355972290039062], [114.37568664550793, 22.35680580139183], [114.37541961669922, 22.35680961608898], [114.37541961669922, 22.357360839843977], [114.37596893310558, 22.357360839843977], [114.37596893310558, 22.357084274291992], [114.37680816650413, 22.357084274291992], [114.37680816650413, 22.357360839843977], [114.37735748291016, 22.357360839843977], [114.37735748291016, 22.35763740539562], [114.37791442871094, 22.35763740539562], [114.37791442871094, 22.357915878296012], [114.37819671630905, 22.357915878296012], [114.37819671630905, 22.35763740539562], [114.3795852661134, 22.35763740539562], [114.3795852661134, 22.358194351196346], [114.37930297851574, 22.358194351196346], [114.37930297851574, 22.358472824096737], [114.37902832031284, 22.358472824096737], [114.37902832031284, 22.358747482299805], [114.37847137451172, 22.358747482299805], [114.37847137451172, 22.35902976989769], [114.37680816650413, 22.35902976989769], [114.37680816650413, 22.359306335449332], [114.37541961669922, 22.359306335449332], [114.37541961669922, 22.35958290100109], [114.37513732910179, 22.35958290100109], [114.37513732910179, 22.35986137390148], [114.37541961669922, 22.35986137390148], [114.37541961669922, 22.36069488525385], [114.37569427490257, 22.36069488525385], [114.37569427490257, 22.36096954345726], [114.37596893310558, 22.36096954345726], [114.37596893310558, 22.3612518310548], [114.37625122070324, 22.3612518310548], [114.37625122070324, 22.361804962158203], [114.37652587890636, 22.361804962158203], [114.37652587890636, 22.362083435058594], [114.37680816650413, 22.362083435058594], [114.37680816650413, 22.36263847351097], [114.37708282470703, 22.362640380859546], [114.37708282470703, 22.36291694641136], [114.37847137451172, 22.36291694641136], [114.37847137451172, 22.36263847351097], [114.37985992431663, 22.36263847351097], [114.37985992431663, 22.36291694641136], [114.38014221191406, 22.36291694641136], [114.38014221191406, 22.363193511962947], [114.38069152832043, 22.36319541931175], [114.38069152832043, 22.363473892211914], [114.38097381591797, 22.363473892211914], [114.38097381591797, 22.3637504577639], [114.38124847412155, 22.3637504577639], [114.38124847412155, 22.364582061767692], [114.38153076171875, 22.364582061767692], [114.38153076171875, 22.366527557373047], [114.38124847412155, 22.366527557373047], [114.38124847412155, 22.367082595825195], [114.38041687011719, 22.367082595825195], [114.38041687011719, 22.367361068725756], [114.37985992431663, 22.367361068725756], [114.37985992431663, 22.367639541625977], [114.3795852661134, 22.367639541625977], [114.3795852661134, 22.368194580078125], [114.37902832031284, 22.368194580078125], [114.37902832031284, 22.368473052978516], [114.37894439697288, 22.368473052978516], [114.37847137451172, 22.368473052978516], [114.37847137451172, 22.3687496185305], [114.37791442871094, 22.3687496185305], [114.3779067993164, 22.369026184082145], [114.37763977050793, 22.369026184082145], [114.37763977050793, 22.36930465698248], [114.37708282470703, 22.36930465698248], [114.37708282470703, 22.36958312988287], [114.37680816650413, 22.36958312988287], [114.37680816650413, 22.36986160278326], [114.37625122070324, 22.36986160278326], [114.37625122070324, 22.37153053283697], [114.37596893310558, 22.37153053283697], [114.37596893310558, 22.372358322143782], [114.37569427490257, 22.372358322143782], [114.37568664550793, 22.372640609741325], [114.37541961669922, 22.372640609741325], [114.37541961669922, 22.373472213745117], [114.37569427490257, 22.373472213745117], [114.37569427490257, 22.37375068664568], [114.37596893310558, 22.37375068664568], [114.37596893310558, 22.374027252197493], [114.37625122070324, 22.374027252197493], [114.37625122070324, 22.374584197998047], [114.37652587890636, 22.374584197998047], [114.37652587890636, 22.375139236450423], [114.37680816650413, 22.375141143798828], [114.37680816650413, 22.375415802002067], [114.37708282470703, 22.375415802002067], [114.37708282470703, 22.375139236450423], [114.37763977050793, 22.375139236450423], [114.37763977050793, 22.374862670898438], [114.37819671630905, 22.374862670898438], [114.37819671630905, 22.374584197998047], [114.37847137451172, 22.374584197998047], [114.37847137451172, 22.374027252197493], [114.3787536621096, 22.374027252197493], [114.3787536621096, 22.37375068664568], [114.37930297851574, 22.37375068664568], [114.37930297851574, 22.373472213745117], [114.38014221191406, 22.373472213745117], [114.38014221191406, 22.37375068664568], [114.38097381591797, 22.37375068664568], [114.38097381591797, 22.374027252197493], [114.38153076171875, 22.374027252197493], [114.38153076171875, 22.374584197998047], [114.38208007812534, 22.374584197998047], [114.38208007812534, 22.375415802002067], [114.3826370239259, 22.375415802002067], [114.3826370239259, 22.373193740844727], [114.38291931152366, 22.373193740844727], [114.38291931152366, 22.37291717529297], [114.38319396972656, 22.37291717529297], [114.38319396972656, 22.372083663940373], [114.38346862792969, 22.372083663940373], [114.38346862792969, 22.371805191039982], [114.38375091552746, 22.371805191039982], [114.38375091552746, 22.371248245239258], [114.38402557373047, 22.371248245239258], [114.38402557373047, 22.370695114135856], [114.38458251953125, 22.370695114135856], [114.38458251953125, 22.370416641235465], [114.38486480712913, 22.370416641235465], [114.38486480712913, 22.36958312988287], [114.38513946533237, 22.36958312988287], [114.38513946533237, 22.368194580078125], [114.38541412353527, 22.368194580078125], [114.38541412353527, 22.367639541625977], [114.38569641113293, 22.367639541625977], [114.38569641113293, 22.366804122924805], [114.38597106933616, 22.366804122924805], [114.38597106933616, 22.366249084472656], [114.38625335693371, 22.366249084472656], [114.38625335693371, 22.365972518921012], [114.38652801513672, 22.365972518921012], [114.38652801513672, 22.365695953369254], [114.3870849609375, 22.365695953369254], [114.3870849609375, 22.365417480468864], [114.38726043701172, 22.365417480468864], [114.38791656494163, 22.365417480468864], [114.38791656494163, 22.365139007568473], [114.38874816894543, 22.365139007568473], [114.38874816894543, 22.364860534668253], [114.38957977294922, 22.364860534668253], [114.38957977294922, 22.365139007568473], [114.39041900634777, 22.36514091491705], [114.39041900634777, 22.365417480468864], [114.39069366455078, 22.365417480468864], [114.39069366455078, 22.365695953369254], [114.39125061035156, 22.365695953369254], [114.39125061035156, 22.366527557373047], [114.39097595214889, 22.366527557373047], [114.39097595214889, 22.367082595825195], [114.39125061035156, 22.367082595825195], [114.39125061035156, 22.367639541625977], [114.39152526855491, 22.367639541625977], [114.39152526855491, 22.36791419982916], [114.39180755615268, 22.36791419982916], [114.39180755615268, 22.368194580078125], [114.39208221435558, 22.368194580078125], [114.39208221435558, 22.369026184082145], [114.39180755615268, 22.369029998779467], [114.39180755615268, 22.37013626098627], [114.39152526855491, 22.37013626098627], [114.39152526855491, 22.370695114135856], [114.39125061035156, 22.370695114135856], [114.39125061035156, 22.370971679687614], [114.39069366455078, 22.370971679687614], [114.39068603515625, 22.37153053283697], [114.39041900634777, 22.37153053283697], [114.39041900634777, 22.372083663940373], [114.39013671875, 22.372083663940373], [114.39013671875, 22.372358322143782], [114.38986206054688, 22.372358322143782], [114.38986206054688, 22.37291717529297], [114.38957977294922, 22.37291717529297], [114.38957977294922, 22.373193740844727], [114.38930511474621, 22.373193740844727], [114.38930511474621, 22.374027252197493], [114.38903045654308, 22.374027252197493], [114.38903045654308, 22.374305725097884], [114.38874816894543, 22.374305725097884], [114.38874816894543, 22.374862670898438], [114.38847351074241, 22.374862670898438], [114.38846588134777, 22.375139236450423], [114.38819122314487, 22.375139236450423], [114.38815307617188, 22.3756942749024], [114.38791656494163, 22.3756942749024], [114.38791656494163, 22.37597274780279], [114.38819122314487, 22.37597274780279], [114.38819122314487, 22.376249313354606], [114.39097595214889, 22.376251220703182], [114.39097595214889, 22.376527786254996], [114.39125061035156, 22.376527786254996], [114.39125061035156, 22.376806259155387], [114.39180755615268, 22.376806259155387], [114.39180755615268, 22.377082824707145], [114.39208221435558, 22.377082824707145], [114.39208221435558, 22.377361297607536], [114.39236450195324, 22.377361297607536], [114.39235687255871, 22.37791633605957], [114.39208221435558, 22.377920150756893], [114.39208221435558, 22.37874984741211], [114.39180755615268, 22.37874984741211], [114.39180755615268, 22.379304885864258], [114.39152526855491, 22.379304885864258], [114.39152526855491, 22.380695343017805], [114.39125061035156, 22.380701065063533], [114.39125061035156, 22.381250381469954], [114.39097595214889, 22.381250381469954], [114.39097595214889, 22.382360458374308], [114.39125061035156, 22.382360458374308], [114.39123535156284, 22.383193969726506], [114.39097595214889, 22.383193969726506], [114.39097595214889, 22.386529922485522], [114.39125061035156, 22.386529922485522], [114.39125061035156, 22.387083053588924], [114.39097595214889, 22.387083053588924], [114.39097595214889, 22.38847160339367], [114.39041900634777, 22.38847160339367], [114.39041900634777, 22.38875007629423], [114.39013671875, 22.38875007629423], [114.39013671875, 22.38902854919445], [114.38930511474621, 22.38902854919445], [114.38930511474621, 22.389305114746037], [114.38903045654308, 22.389305114746037], [114.38903045654308, 22.389583587646428], [114.38847351074241, 22.389583587646428], [114.38847351074241, 22.389305114746037], [114.38735961914108, 22.389312744140625], [114.38735961914108, 22.390972137451172], [114.38680267333996, 22.390972137451172], [114.38680267333996, 22.39069366455078], [114.38652801513672, 22.39069366455078], [114.38651275634766, 22.390138626098633], [114.38625335693371, 22.390138626098633], [114.38625335693371, 22.38986206054699], [114.38569641113293, 22.389860153198242], [114.38569641113293, 22.389583587646428], [114.38541412353527, 22.389583587646428], [114.38541412353527, 22.389305114746037], [114.38513946533237, 22.389305114746037], [114.38513946533237, 22.38902854919445], [114.38486480712913, 22.38902854919445], [114.38486480712913, 22.389583587646428], [114.38458251953125, 22.389583587646428], [114.38458251953125, 22.390417098999023], [114.38402557373047, 22.3904266357423], [114.38402557373047, 22.391250610351733], [114.3826370239259, 22.391250610351733], [114.3826370239259, 22.390972137451172], [114.38208007812534, 22.390972137451172], [114.38208007812534, 22.391527175903548], [114.3818054199221, 22.391527175903548], [114.3818054199221, 22.392360687256087], [114.38208007812534, 22.392360687256087], [114.38208007812534, 22.393472671508846], [114.3818054199221, 22.393472671508846], [114.3818054199221, 22.39374923706066], [114.38153076171875, 22.39374923706066], [114.38153076171875, 22.39402770996105], [114.38124847412155, 22.39402770996105], [114.38124847412155, 22.39486122131359], [114.38097381591797, 22.39486122131359], [114.38097381591797, 22.39513969421415], [114.38069152832043, 22.39513969421415], [114.38069152832043, 22.39569473266596], [114.38041687011719, 22.39569473266596], [114.38041687011719, 22.396249771118164], [114.38014221191406, 22.396249771118164], [114.38014221191406, 22.395971298217944], [114.37847137451172, 22.395971298217944], [114.37847137451172, 22.396249771118164], [114.37819671630905, 22.396249771118164], [114.37819671630905, 22.396804809570312], [114.37763977050793, 22.396804809570312], [114.37760925292991, 22.397083282470703], [114.37735748291016, 22.397083282470703], [114.37735748291016, 22.397636413574332], [114.37708282470703, 22.397636413574332], [114.37708282470703, 22.398471832275447], [114.37596893310558, 22.398471832275447], [114.37596893310558, 22.39819526672386], [114.37569427490257, 22.39819526672386], [114.37568664550793, 22.397083282470703], [114.37541961669922, 22.397083282470703], [114.37541961669922, 22.397636413574332], [114.37430572509766, 22.397636413574332], [114.37430572509766, 22.397361755371094], [114.37374877929688, 22.397361755371094], [114.37374877929688, 22.39652633667015], [114.37347412109386, 22.39652633667015], [114.37346649169922, 22.396249771118164], [114.37208557128929, 22.396249771118164], [114.37208557128929, 22.396804809570312], [114.3718032836914, 22.396804809570312], [114.3718032836914, 22.397918701171875], [114.37124633789062, 22.39792060852062], [114.37124633789062, 22.39819526672386], [114.37041473388672, 22.39819526672386], [114.37041473388672, 22.398471832275447], [114.37014007568382, 22.398471832275447], [114.37014007568382, 22.399026870727653], [114.36985778808605, 22.399026870727653], [114.36985778808605, 22.399305343628043], [114.36958312988293, 22.399305343628043], [114.36958312988293, 22.399858474731445], [114.36985778808605, 22.399858474731445], [114.36985778808605, 22.40014076232916], [114.37041473388672, 22.40014076232916], [114.37041473388672, 22.400417327880973], [114.37208557128929, 22.400417327880973], [114.37208557128929, 22.40069389343256], [114.37319183349632, 22.40069389343256], [114.37319183349632, 22.40097236633312], [114.37347412109386, 22.40097236633312], [114.37347412109386, 22.401527404785156], [114.37403106689453, 22.40153121948248], [114.37403106689453, 22.401805877685547], [114.37430572509766, 22.401805877685547], [114.37430572509766, 22.402082443237305], [114.37458038330124, 22.402082443237305], [114.37458038330124, 22.40236282348627], [114.37486267089844, 22.40236282348627], [114.37486267089844, 22.40291595459007], [114.37513732910179, 22.40291595459007], [114.37513732910179, 22.403194427490234], [114.37486267089844, 22.403194427490234], [114.37486267089844, 22.40374946594261], [114.37513732910179, 22.40374946594261], [114.37513732910179, 22.40486145019537], [114.37541961669922, 22.40486145019537], [114.37541961669922, 22.407638549804688], [114.37513732910179, 22.407640457153434], [114.37513732910179, 22.407915115356445], [114.37486267089844, 22.407915115356445], [114.37486267089844, 22.408193588256836], [114.37458038330124, 22.408193588256836], [114.37458038330124, 22.409305572509993], [114.37486267089844, 22.409305572509993], [114.37486267089844, 22.409584045410156], [114.37513732910179, 22.409584045410156], [114.37513732910179, 22.40986061096214], [114.37541961669922, 22.40986061096214], [114.37541961669922, 22.4104194641115], [114.37569427490257, 22.4104194641115], [114.37569427490257, 22.41069412231451], [114.37596893310558, 22.41069412231451], [114.37596893310558, 22.4109725952149], [114.37625122070324, 22.4109725952149], [114.37625122070324, 22.41069412231451], [114.37708282470703, 22.41069412231451], [114.37708282470703, 22.410137176513786], [114.37735748291016, 22.410137176513786], [114.37735748291016, 22.40986061096214], [114.37763977050793, 22.40986061096214], [114.37763977050793, 22.409584045410156], [114.37791442871094, 22.409584045410156], [114.37793731689453, 22.409305572509993], [114.37819671630905, 22.409305572509993], [114.37819671630905, 22.4090251922608], [114.37902832031284, 22.4090251922608], [114.37902832031284, 22.409305572509993], [114.37930297851574, 22.409305572509993], [114.37930297851574, 22.41069412231451], [114.3795852661134, 22.41069412231451], [114.3795852661134, 22.4109725952149], [114.37930297851574, 22.4109725952149], [114.37930297851574, 22.41124725341797], [114.37902832031284, 22.411249160766715], [114.37902832031284, 22.411529541015852], [114.3787536621096, 22.411529541015852], [114.37874603271507, 22.411806106567496], [114.37847137451172, 22.41180992126465], [114.37847137451172, 22.412082672119254], [114.37819671630905, 22.41208839416521], [114.37819671630905, 22.4123592376709], [114.37791442871094, 22.4123592376709], [114.37791442871094, 22.413194656372013], [114.37819671630905, 22.413194656372013], [114.37819671630905, 22.41402816772461], [114.37847137451172, 22.41402816772461], [114.37847137451172, 22.414304733276367], [114.3787536621096, 22.414304733276367], [114.3787536621096, 22.414583206176758], [114.37902832031284, 22.414583206176758], [114.37902832031284, 22.41486167907715], [114.37930297851574, 22.41486167907715], [114.37930297851574, 22.415695190429915], [114.3795852661134, 22.415695190429915], [114.3795852661134, 22.416528701782454], [114.38014221191406, 22.416528701782454], [114.38014221191406, 22.416805267334098], [114.38041687011719, 22.416805267334098], [114.38041687011719, 22.417083740234432], [114.38153076171875, 22.417083740234432], [114.38153076171875, 22.416805267334098], [114.3818054199221, 22.416805267334098], [114.3818054199221, 22.416528701782454], [114.38236236572277, 22.416528701782454], [114.38236236572277, 22.417083740234432], [114.3826370239259, 22.417083740234432], [114.3826370239259, 22.417360305786417], [114.38291931152366, 22.417360305786417], [114.38291931152366, 22.417638778686637], [114.38319396972656, 22.417638778686637], [114.38319396972656, 22.417917251587028], [114.38346862792969, 22.417917251587028], [114.38346862792969, 22.418193817138615], [114.38375091552746, 22.418193817138615], [114.38375091552746, 22.418472290039176], [114.38402557373047, 22.418472290039176], [114.384033203125, 22.41902732849121], [114.38430786132858, 22.419031143188533], [114.38430786132858, 22.4193058013916], [114.38458251953125, 22.4193058013916], [114.38458251953125, 22.419584274291935], [114.38486480712913, 22.419584274291935], [114.38486480712913, 22.41986083984392], [114.38513946533237, 22.41986083984392], [114.38513946533237, 22.42069435119629], [114.38541412353527, 22.42069435119629], [114.38541412353527, 22.42097282409668], [114.38652801513672, 22.42097282409668], [114.38652801513672, 22.42069435119629], [114.3870849609375, 22.42069435119629], [114.3870849609375, 22.42013931274414], [114.38764190673828, 22.42013931274414], [114.38764190673828, 22.419584274291935], [114.38888549804733, 22.419584274291935], [114.38903045654308, 22.419584274291935], [114.38903045654308, 22.4193058013916], [114.38986206054688, 22.4193058013916], [114.38986206054688, 22.419584274291935], [114.38998413085949, 22.419584274291935], [114.39097595214889, 22.419584274291935], [114.39097595214889, 22.41986083984392], [114.39236450195324, 22.41986083984392], [114.39236450195324, 22.42013931274414], [114.39263916015648, 22.42013931274414], [114.39263916015648, 22.41986083984392], [114.39291381835938, 22.41986083984392], [114.39291381835938, 22.4193058013916], [114.39319610595703, 22.4193058013916], [114.39319610595703, 22.418750762939567], [114.39347076416027, 22.418750762939567], [114.39347076416027, 22.418472290039176], [114.39368438720703, 22.418472290039176], [114.39375305175781, 22.418193817138615], [114.39402770996139, 22.418193817138615], [114.39402770996139, 22.417638778686637], [114.39430236816406, 22.417638778686637], [114.39430236816406, 22.416805267334098], [114.39458465576195, 22.416805267334098], [114.39458465576195, 22.416250228882063], [114.39430236816406, 22.416250228882063], [114.39430236816406, 22.415973663330078], [114.39458465576195, 22.415973663330078], [114.39458465576195, 22.415138244629134], [114.39514160156261, 22.415138244629134], [114.39514160156261, 22.41486167907715], [114.39541625976574, 22.41486167907715], [114.39541625976574, 22.414583206176758], [114.3959732055664, 22.414583206176758], [114.3959732055664, 22.414304733276367], [114.39624786376953, 22.414304733276367], [114.39624786376953, 22.41402816772461], [114.39708709716842, 22.41402816772461], [114.39708709716842, 22.413751602172965], [114.39763641357445, 22.413751602172965], [114.39763641357445, 22.413194656372013], [114.39791870117222, 22.413194656372013], [114.39791870117222, 22.41263771057129], [114.39847564697277, 22.41263771057129], [114.39849853515625, 22.412082672119254], [114.3990249633789, 22.412082672119254], [114.3990249633789, 22.411806106567496], [114.39930725097656, 22.411806106567496], [114.39930725097656, 22.411529541015852], [114.3990249633789, 22.411529541015852], [114.3990249633789, 22.41124725341797], [114.4004135131836, 22.41124725341797], [114.4004135131836, 22.411529541015852], [114.40097045898472, 22.411529541015852], [114.40097045898472, 22.411806106567496], [114.40235900878906, 22.411806106567496], [114.40235900878906, 22.411529541015852], [114.40374755859398, 22.411529541015852], [114.40374755859398, 22.411806106567496], [114.40430450439476, 22.411806106567496], [114.40430450439476, 22.412082672119254], [114.40486145019543, 22.412082672119254], [114.40486145019543, 22.4123592376709], [114.40541839599632, 22.4123592376709], [114.40541839599632, 22.41263771057129], [114.40569305419922, 22.41263771057129], [114.40569305419922, 22.413751602172965], [114.40541839599632, 22.413751602172965], [114.40541839599632, 22.414304733276367], [114.40513610839855, 22.414304733276367], [114.40513610839855, 22.414583206176758], [114.40458679199253, 22.414583206176758], [114.40458679199253, 22.41486167907715], [114.40430450439476, 22.41486167907715], [114.40430450439476, 22.415416717529524], [114.40458679199253, 22.415416717529524], [114.40458679199253, 22.415973663330078], [114.40486145019543, 22.415973663330078], [114.40486145019543, 22.416805267334098], [114.40458679199253, 22.416805267334098], [114.40458679199253, 22.417083740234432], [114.40430450439476, 22.417083740234432], [114.40429687500011, 22.417360305786417], [114.40374755859398, 22.417360305786417], [114.40374755859398, 22.417638778686637], [114.40347290039062, 22.417638778686637], [114.40347290039062, 22.41958236694336], [114.40235900878906, 22.419584274291935], [114.40235900878906, 22.41986083984392], [114.40208435058605, 22.41986083984392], [114.4020767211914, 22.42013931274414], [114.40152740478527, 22.420141220092887], [114.40152740478527, 22.420415878296126], [114.40097045898472, 22.420415878296126], [114.40097045898472, 22.42013931274414], [114.39986419677734, 22.42013931274414], [114.39986419677734, 22.42069435119629], [114.3995819091798, 22.42069435119629], [114.3995819091798, 22.421527862549055], [114.39930725097656, 22.42152976989763], [114.39930725097656, 22.421806335449446], [114.39875030517601, 22.421806335449446], [114.39875030517601, 22.422082901001033], [114.39819335937511, 22.422082901001033], [114.39819335937511, 22.422361373901424], [114.39791870117222, 22.422361373901424], [114.39791107177768, 22.42291641235363], [114.39763641357445, 22.42291641235363], [114.39763641357445, 22.424583435058537], [114.39791870117222, 22.424583435058537], [114.39791870117222, 22.42541885376005], [114.39819335937511, 22.42541885376005], [114.39819335937511, 22.426528930664062], [114.39791870117222, 22.42653083801281], [114.39791107177768, 22.426805496216048], [114.39763641357445, 22.4268093109132], [114.39763641357445, 22.42708396911621], [114.3973617553711, 22.427089691162166], [114.3973617553711, 22.427917480468977], [114.39708709716842, 22.427917480468977], [114.39708709716842, 22.428472518920955], [114.39680480957031, 22.428472518920955], [114.39679718017578, 22.42874908447277], [114.39624786376953, 22.42874908447277], [114.39624786376953, 22.42902755737316], [114.3959732055664, 22.42902755737316], [114.3959732055664, 22.42958259582531], [114.39624786376953, 22.42958259582531], [114.39624786376953, 22.4298610687257], [114.3965301513673, 22.4298610687257], [114.3965301513673, 22.43013954162626], [114.39791870117222, 22.43013954162626], [114.39791870117222, 22.430694580078068], [114.39875030517601, 22.430694580078068], [114.39875030517601, 22.43097305297846], [114.3990249633789, 22.43097305297846], [114.3990249633789, 22.433193206787166], [114.39930725097656, 22.433193206787166], [114.39930725097656, 22.433471679687557], [114.3995819091798, 22.433471679687557], [114.3995819091798, 22.433750152588118], [114.39986419677734, 22.433750152588118], [114.39986419677734, 22.43402862548851], [114.40013885498092, 22.434030532836914], [114.40013885498092, 22.434305191040153], [114.40069580078148, 22.43431091308588], [114.40069580078148, 22.43486022949247], [114.40097045898472, 22.43486022949247], [114.4009780883789, 22.435138702392692], [114.40180206298851, 22.435140609741268], [114.40180206298851, 22.43541526794428], [114.40235900878906, 22.43541526794428], [114.40235900878906, 22.43597221374523], [114.40228271484386, 22.43597221374523], [114.40180206298851, 22.43597221374523], [114.40180206298851, 22.43625068664562], [114.40097045898472, 22.43625068664562], [114.40097045898472, 22.436527252197266], [114.4004135131836, 22.436527252197266], [114.40040588378906, 22.43569374084467], [114.39986419677734, 22.43569374084467], [114.39986419677734, 22.435138702392692], [114.3995819091798, 22.435138702392692], [114.3995819091798, 22.43541526794428], [114.39847564697277, 22.43541526794428], [114.39847564697277, 22.43569374084467], [114.39708709716842, 22.43569374084467], [114.39708709716842, 22.43541526794428], [114.39680480957031, 22.43541526794428], [114.39680480957031, 22.435138702392692], [114.3965301513673, 22.435138702392692], [114.3965301513673, 22.43569374084467], [114.39624786376953, 22.43569374084467], [114.39624786376953, 22.436527252197266], [114.3959732055664, 22.436531066894588], [114.3959732055664, 22.436805725097656], [114.39569091796898, 22.436805725097656], [114.39569091796898, 22.43708419799799], [114.39541625976574, 22.43708419799799], [114.39541625976574, 22.438194274902344], [114.39514160156261, 22.438194274902344], [114.39514160156261, 22.438472747802734], [114.39430236816406, 22.438472747802734], [114.39430236816406, 22.438194274902344], [114.39402770996139, 22.438194274902344], [114.39402770996139, 22.43763732910179], [114.39375305175781, 22.43763732910179], [114.39375305175781, 22.437360763549975], [114.39291381835938, 22.437360763549975], [114.39290618896496, 22.43708419799799], [114.39263916015648, 22.43708419799799], [114.39263916015648, 22.437360763549975], [114.39236450195324, 22.437360763549975], [114.39235687255871, 22.43791580200218], [114.39208221435558, 22.43791580200218], [114.39208221435558, 22.438472747802734], [114.39236450195324, 22.438472747802734], [114.39235687255871, 22.438747406005973], [114.39208221435558, 22.438747406005973], [114.39208221435558, 22.439859390258903], [114.39236450195324, 22.439859390258903], [114.39236450195324, 22.440416336059684], [114.39263916015648, 22.440416336059684], [114.39263916015648, 22.440694808960075], [114.39236450195324, 22.440694808960075], [114.39236450195324, 22.440969467163086], [114.39263916015648, 22.440969467163086], [114.39263916015648, 22.4412517547608], [114.39236450195324, 22.4412517547608], [114.39235687255871, 22.441528320312614], [114.39208221435558, 22.441528320312614], [114.39208221435558, 22.440969467163086], [114.39152526855491, 22.440969467163086], [114.39152526855491, 22.440694808960075], [114.39125061035156, 22.440694808960075], [114.39125061035156, 22.439582824707088], [114.39097595214889, 22.439582824707088], [114.39095306396507, 22.439029693603686], [114.39069366455078, 22.439029693603686], [114.39069366455078, 22.438747406005973], [114.38930511474621, 22.438747406005973], [114.38930511474621, 22.439029693603686], [114.38680267333996, 22.439029693603686], [114.38680267333996, 22.438747406005973], [114.38569641113293, 22.438747406005973], [114.38569641113293, 22.438472747802734], [114.38458251953125, 22.438472747802734], [114.38458251953125, 22.438194274902344], [114.38430786132858, 22.438194274902344], [114.38430786132858, 22.43791580200218], [114.38402557373047, 22.43791580200218], [114.38402557373047, 22.43763732910179], [114.38346862792969, 22.43763732910179], [114.38346862792969, 22.437360763549975], [114.38319396972656, 22.437360763549975], [114.38318634033203, 22.43708419799799], [114.38236236572277, 22.43708419799799], [114.38232421875, 22.436805725097656], [114.38153076171875, 22.436805725097656], [114.38153076171875, 22.436527252197266], [114.38124847412155, 22.436531066894588], [114.38124847412155, 22.436805725097656], [114.3795852661134, 22.436805725097656], [114.37957000732422, 22.43708419799799], [114.37930297851574, 22.43708419799799], [114.37930297851574, 22.437360763549975], [114.37763977050793, 22.437360763549975], [114.37763977050793, 22.43791580200218], [114.37735748291016, 22.437919616699332], [114.37735748291016, 22.438747406005973], [114.37708282470703, 22.438747406005973], [114.37708282470703, 22.439029693603686], [114.37680816650413, 22.439029693603686], [114.37680816650413, 22.4393062591555], [114.37596893310558, 22.4393062591555], [114.37596893310558, 22.439029693603686], [114.37569427490257, 22.439029693603686], [114.37569427490257, 22.438747406005973], [114.37541961669922, 22.438747406005973], [114.37541961669922, 22.438194274902344], [114.37486267089844, 22.438194274902344], [114.37486267089844, 22.43791580200218], [114.37458038330124, 22.43791580200218], [114.37458038330124, 22.43763732910179], [114.37403106689453, 22.43763732910179], [114.37403106689453, 22.43791580200218], [114.37347412109386, 22.43791580200218], [114.37347412109386, 22.43763732910179], [114.37264251709007, 22.437641143798942], [114.37264251709007, 22.43791580200218], [114.37236022949253, 22.43791580200218], [114.37236022949253, 22.43763732910179], [114.37208557128929, 22.43763732910179], [114.37208557128929, 22.437360763549975], [114.37152862548874, 22.437360763549975], [114.37152862548874, 22.43763732910179], [114.37041473388672, 22.437641143798942], [114.37040710449219, 22.43791580200218], [114.37014007568382, 22.43791580200218], [114.37010192871094, 22.438194274902344], [114.36985778808605, 22.438194274902344], [114.36985778808605, 22.438747406005973], [114.36958312988293, 22.438747406005973], [114.36958312988293, 22.439859390258903], [114.36930847168003, 22.439859390258903], [114.36930847168003, 22.440694808960075], [114.36902618408226, 22.440694808960075], [114.36902618408226, 22.440969467163086], [114.3687515258789, 22.440969467163086], [114.3687515258789, 22.441528320312614], [114.3684692382817, 22.441528320312614], [114.3684692382817, 22.44190406799339], [114.3684692382817, 22.442638397216797], [114.36819458007812, 22.442638397216797], [114.36819458007812, 22.443473815917912], [114.36791992187511, 22.443473815917912], [114.36791992187511, 22.443750381469897], [114.36819458007812, 22.443750381469897], [114.3681869506836, 22.44402694702171], [114.36791992187511, 22.44402694702171], [114.36791992187511, 22.444305419922102], [114.36763763427734, 22.44431114196783], [114.36763763427734, 22.44486045837425], [114.36708068847679, 22.44486045837425], [114.36708068847679, 22.447082519531364], [114.36736297607422, 22.447082519531364], [114.36736297607422, 22.447639465332315], [114.36763763427734, 22.447639465332315], [114.36763763427734, 22.447914123535156], [114.36819458007812, 22.447914123535156], [114.36819458007812, 22.448194503784123], [114.3684692382817, 22.448194503784123], [114.3684692382817, 22.448472976684513], [114.3687515258789, 22.448472976684513], [114.3687515258789, 22.449026107788313], [114.36930847168003, 22.449026107788313], [114.36930847168003, 22.44930648803711], [114.36958312988293, 22.44930648803711], [114.36958312988293, 22.449861526489258], [114.36985778808605, 22.449861526489258], [114.36985778808605, 22.450416564941634], [114.37014007568382, 22.450420379638786], [114.37014007568382, 22.452917098999137], [114.37041473388672, 22.452917098999137], [114.37041473388672, 22.453193664550724], [114.37069702148438, 22.453193664550724], [114.37067413330078, 22.454584121704045], [114.37041473388672, 22.454584121704045], [114.37041473388672, 22.454862594604435], [114.37014007568382, 22.454862594604435], [114.37014007568382, 22.45513916015625], [114.36985778808605, 22.45513916015625], [114.36985778808605, 22.455415725708235], [114.36958312988293, 22.455415725708235], [114.36956024169945, 22.4556941986084], [114.36930847168003, 22.4556941986084], [114.36930847168003, 22.456249237060774], [114.3684692382817, 22.45625114440918], [114.3684692382817, 22.456527709961165], [114.36819458007812, 22.45652961730974], [114.3681869506836, 22.456806182861555], [114.36791992187511, 22.456806182861555], [114.36791992187511, 22.457082748413143], [114.36763763427734, 22.457082748413143], [114.36763763427734, 22.45874977111845], [114.36569213867188, 22.45874977111845], [114.36569213867188, 22.45902824401867], [114.3651351928711, 22.45902824401867], [114.3651351928711, 22.459188461303768], [114.3651351928711, 22.459304809570256], [114.36443328857433, 22.459304809570256], [114.36402893066429, 22.459304809570256], [114.36402893066429, 22.459583282470646], [114.36374664306652, 22.459583282470646], [114.36373901367188, 22.459861755371207], [114.3631973266605, 22.459861755371207], [114.3631973266605, 22.46013832092285], [114.36291503906273, 22.46013832092285], [114.36291503906273, 22.460416793823242], [114.36264038085938, 22.460420608520565], [114.36264038085938, 22.460695266723633], [114.3620834350586, 22.460695266723633], [114.3620834350586, 22.46097183227539], [114.36180877685558, 22.46097183227539], [114.36180877685558, 22.461250305175952], [114.36069488525402, 22.461250305175952], [114.36069488525402, 22.460695266723633], [114.3604202270509, 22.460695266723633], [114.3604202270509, 22.459861755371207], [114.36013793945324, 22.459861755371207], [114.36013793945324, 22.459583282470646], [114.3604202270509, 22.459583282470646], [114.3604202270509, 22.459304809570256], [114.36013793945324, 22.459304809570256], [114.36013793945324, 22.45874977111845], [114.36069488525402, 22.45874977111845], [114.36068725585938, 22.457082748413143], [114.3604202270509, 22.457082748413143], [114.3604202270509, 22.456806182861555], [114.36013793945324, 22.456806182861555], [114.36013793945324, 22.456249237060774], [114.3604202270509, 22.456249237060774], [114.3604202270509, 22.4556941986084], [114.36069488525402, 22.4556941986084], [114.36069488525402, 22.454584121704045], [114.36096954345703, 22.454584121704045], [114.36096954345703, 22.45402717590332], [114.36125183105469, 22.45402717590332], [114.36125183105469, 22.453750610351676], [114.36152648925781, 22.453750610351676], [114.36152648925781, 22.452917098999137], [114.36180877685558, 22.452917098999137], [114.36180877685558, 22.45208358764654], [114.36013793945324, 22.45208358764654], [114.36009216308605, 22.45235824584961], [114.35986328125023, 22.452362060546932], [114.35986328125023, 22.452640533447322], [114.35930633544945, 22.452640533447322], [114.35930633544945, 22.452917098999137], [114.35874938964889, 22.452917098999137], [114.35874938964889, 22.452640533447322], [114.35847473144531, 22.452640533447322], [114.35846710205078, 22.452362060546932], [114.35791778564453, 22.45235824584961], [114.35791778564453, 22.451805114746207], [114.35736083984398, 22.451805114746207], [114.35736083984398, 22.451248168945426], [114.35708618164074, 22.451248168945426], [114.35708618164074, 22.450695037842024], [114.35624694824241, 22.450695037842024], [114.35624694824241, 22.450416564941634], [114.35541534423828, 22.450416564941634], [114.35541534423828, 22.450695037842024], [114.3548583984375, 22.450695037842024], [114.3548583984375, 22.45097160339361], [114.35458374023438, 22.45097160339361], [114.35458374023438, 22.450695037842024], [114.35430908203148, 22.450695037842024], [114.35430908203148, 22.45097160339361], [114.35402679443371, 22.45097160339361], [114.35402679443371, 22.450695037842024], [114.35319519042991, 22.450695037842024], [114.35319519042991, 22.450416564941634], [114.35291290283203, 22.450416564941634], [114.35291290283203, 22.450136184692496], [114.35263824462936, 22.450136184692496], [114.35263824462936, 22.449861526489258], [114.35236358642578, 22.449861526489258], [114.35236358642578, 22.448472976684513], [114.35291290283203, 22.448472976684513], [114.35291290283203, 22.447914123535156], [114.35346984863315, 22.447914123535156], [114.35346984863315, 22.447082519531364], [114.35375213623058, 22.447082519531364], [114.35375213623058, 22.4462509155274], [114.35346984863315, 22.4462509155274], [114.35346984863315, 22.445695877075423], [114.35319519042991, 22.445695877075423], [114.35319519042991, 22.44486045837425], [114.35291290283203, 22.44486045837425], [114.35291290283203, 22.44402694702171], [114.35263824462936, 22.44402694702171], [114.35263824462936, 22.442638397216797], [114.35236358642578, 22.442638397216797], [114.35235595703125, 22.4418048858642], [114.35208129882824, 22.4418048858642], [114.35208129882824, 22.441528320312614], [114.35236358642578, 22.441528320312614], [114.35236358642578, 22.440694808960075], [114.35263824462936, 22.440694808960075], [114.35263824462936, 22.439582824707088], [114.35291290283203, 22.439582824707088], [114.35291290283203, 22.438472747802734], [114.35346984863315, 22.438472747802734], [114.35346984863315, 22.438194274902344], [114.35402679443371, 22.438194274902344], [114.35402679443371, 22.438472747802734], [114.35430908203148, 22.438472747802734], [114.35430908203148, 22.439582824707088], [114.35402679443371, 22.439582824707088], [114.35402679443371, 22.440694808960075], [114.3548583984375, 22.440694808960075], [114.3548583984375, 22.440416336059684], [114.35514068603527, 22.440416336059684], [114.35514068603527, 22.439859390258903], [114.35541534423828, 22.439859390258903], [114.35541534423828, 22.439582824707088], [114.35569763183639, 22.439582824707088], [114.35569763183639, 22.4393062591555], [114.35541534423828, 22.4393062591555], [114.35541534423828, 22.438747406005973], [114.35514068603527, 22.438747406005973], [114.35514068603527, 22.438472747802734], [114.3548583984375, 22.438472747802734], [114.3548583984375, 22.438194274902344], [114.35458374023438, 22.438194274902344], [114.35458374023438, 22.43763732910179], [114.35430908203148, 22.43763732910179], [114.35430908203148, 22.437360763549975], [114.35402679443371, 22.437360763549975], [114.35402679443371, 22.436805725097656], [114.35430908203148, 22.436805725097656], [114.35430908203148, 22.43597221374523], [114.35402679443371, 22.43597221374523], [114.35402679443371, 22.43541526794428], [114.35430908203148, 22.43541526794428], [114.35430908203148, 22.43402862548851], [114.35402679443371, 22.43402862548851], [114.35402679443371, 22.43291664123558], [114.35375213623058, 22.43291664123558], [114.35375213623058, 22.430416107177734], [114.35402679443371, 22.430416107177734], [114.35402679443371, 22.42902755737316], [114.35375213623058, 22.42902755737316], [114.35375213623058, 22.427917480468977], [114.35402679443371, 22.427917480468977], [114.35402679443371, 22.42735862731945], [114.35430908203148, 22.42735862731945], [114.35430908203148, 22.426805496216048], [114.35458374023438, 22.426805496216048], [114.35458374023438, 22.426248550415266], [114.3548583984375, 22.426248550415266], [114.3548583984375, 22.425695419311523], [114.35501861572266, 22.42569351196289], [114.35514068603527, 22.42569351196289], [114.35514068603527, 22.42541885376005], [114.35375213623058, 22.42541885376005], [114.35375213623058, 22.42514038085949], [114.35346984863315, 22.42514038085949], [114.35346984863315, 22.424304962158146], [114.35375213623058, 22.424304962158146], [114.35375213623058, 22.42374992370634], [114.35402679443371, 22.42374992370634], [114.35402679443371, 22.423471450805778], [114.35430908203148, 22.423471450805778], [114.35430908203148, 22.42319488525402], [114.35458374023438, 22.42319488525402], [114.35458374023438, 22.42291641235363], [114.35514068603527, 22.42291641235363], [114.35514068603527, 22.422639846801985], [114.35541534423828, 22.42263793945324], [114.35541534423828, 22.422361373901424], [114.35402679443371, 22.422361373901424], [114.35402679443371, 22.42263793945324], [114.35152435302734, 22.42263793945324], [114.35151672363293, 22.422361373901424], [114.34930419921875, 22.422361373901424], [114.34929656982422, 22.42263793945324], [114.34902954101574, 22.422639846801985], [114.34902954101574, 22.42291641235363], [114.34874725341797, 22.42291641235363], [114.34874725341797, 22.42319488525402], [114.34847259521484, 22.42319488525402], [114.34847259521484, 22.423471450805778], [114.34819793701195, 22.423471450805778], [114.34819793701195, 22.42374992370634], [114.34791564941418, 22.42374992370634], [114.34791564941418, 22.424583435058537], [114.34764099121105, 22.424583435058537], [114.34764099121105, 22.42541885376005], [114.34902954101574, 22.42541885376005], [114.34902954101574, 22.42569351196289], [114.34958648681686, 22.425695419311523], [114.34958648681686, 22.425970077514876], [114.34986114501953, 22.425970077514876], [114.34986114501953, 22.426248550415266], [114.35041809082065, 22.426248550415266], [114.35041809082065, 22.426528930664062], [114.35069274902355, 22.426528930664062], [114.3506774902346, 22.428194046020565], [114.35041809082065, 22.428194046020565], [114.35041809082065, 22.42874908447277], [114.35013580322288, 22.42874908447277], [114.35013580322288, 22.42958259582531], [114.34986114501953, 22.42958259582531], [114.34986114501953, 22.430416107177734], [114.34958648681686, 22.430419921875057], [114.34958648681686, 22.431249618530273], [114.34930419921875, 22.431249618530273], [114.34929656982422, 22.43263816833519], [114.34902954101574, 22.43263816833519], [114.34902954101574, 22.433193206787166], [114.34874725341797, 22.433193206787166], [114.34874725341797, 22.433471679687557], [114.34819793701195, 22.433471679687557], [114.34819793701195, 22.43402862548851], [114.34791564941418, 22.43402862548851], [114.34791564941418, 22.434583663940487], [114.34764099121105, 22.434583663940487], [114.34764099121105, 22.43541526794428], [114.3473587036134, 22.43541526794428], [114.3473587036134, 22.43708419799799], [114.34764099121105, 22.43708419799799], [114.34761047363281, 22.438194274902344], [114.3473587036134, 22.438194274902344], [114.3473587036134, 22.438747406005973], [114.34680175781284, 22.438747406005973], [114.34680175781284, 22.439029693603686], [114.34625244140625, 22.439029693603686], [114.34625244140625, 22.4393062591555], [114.34597015380905, 22.4393062591555], [114.34597015380905, 22.439029693603686], [114.34541320800793, 22.439029693603686], [114.34541320800793, 22.4393062591555], [114.34513854980469, 22.4393062591555], [114.34513854980469, 22.439029693603686], [114.34458160400413, 22.439029693603686], [114.34458160400413, 22.438747406005973], [114.34402465820324, 22.438747406005973], [114.34401702880871, 22.438194274902344], [114.34375000000034, 22.438194274902344], [114.34375000000034, 22.43791580200218], [114.3434753417971, 22.43791580200218], [114.3434753417971, 22.437360763549975], [114.34319305419922, 22.437360763549975], [114.34319305419922, 22.43708419799799], [114.34263610839844, 22.43708419799799], [114.34263610839844, 22.436527252197266], [114.34236145019543, 22.436527252197266], [114.34236145019543, 22.43569374084467], [114.34180450439453, 22.43569374084467], [114.34180450439453, 22.433471679687557], [114.34208679199219, 22.433471679687557], [114.34208679199219, 22.433193206787166], [114.34180450439453, 22.433193206787166], [114.34180450439453, 22.431804656982422], [114.34124755859386, 22.431804656982422], [114.34124755859386, 22.431528091430664], [114.33958435058594, 22.431528091430664], [114.33958435058594, 22.431804656982422], [114.3384704589846, 22.431804656982422], [114.3384704589846, 22.431528091430664], [114.33819580078136, 22.431528091430664], [114.33819580078136, 22.43097305297846], [114.33791351318371, 22.43097305297846], [114.33791351318371, 22.43013954162626], [114.33819580078136, 22.43013954162626], [114.33819580078136, 22.4298610687257], [114.33791351318371, 22.4298610687257], [114.33791351318371, 22.42958259582531], [114.33819580078136, 22.42958259582531], [114.33819580078136, 22.42930603027355], [114.33791351318371, 22.42930603027355], [114.33791351318371, 22.42902755737316], [114.33736419677757, 22.42902755737316], [114.33736419677757, 22.42874908447277], [114.33708190917969, 22.42874908447277], [114.33708190917969, 22.428472518920955], [114.3365249633789, 22.428472518920955], [114.3365249633789, 22.428194046020565], [114.3362503051759, 22.428194046020565], [114.3362503051759, 22.427917480468977], [114.3354187011721, 22.427917480468977], [114.33538818359375, 22.428194046020565], [114.33486175537121, 22.428194046020565], [114.33486175537121, 22.42874908447277], [114.33513641357433, 22.42874908447277], [114.33513641357433, 22.42902755737316], [114.3354187011721, 22.429029464721907], [114.3354187011721, 22.42930603027355], [114.335693359375, 22.42930603027355], [114.335693359375, 22.4298610687257], [114.33597564697266, 22.4298610687257], [114.33597564697266, 22.43013954162626], [114.3362503051759, 22.43013954162626], [114.3362503051759, 22.430416107177734], [114.3365249633789, 22.430416107177734], [114.3365249633789, 22.431249618530273], [114.33708190917969, 22.431249618530273], [114.33708190917969, 22.43291664123558], [114.33736419677757, 22.43291664123558], [114.33736419677757, 22.434305191040153], [114.33763885498081, 22.434305191040153], [114.33763885498081, 22.434583663940487], [114.33736419677757, 22.434583663940487], [114.33736419677757, 22.43569374084467], [114.33708190917969, 22.43569374084467], [114.33708190917969, 22.43625068664562], [114.33680725097702, 22.436258316040153], [114.33680725097702, 22.436527252197266], [114.3362503051759, 22.436531066894588], [114.3362503051759, 22.436805725097656], [114.33597564697266, 22.436805725097656], [114.3359603881836, 22.43708419799799], [114.335693359375, 22.43708419799799], [114.335693359375, 22.43763732910179], [114.3354187011721, 22.43763732910179], [114.3354187011721, 22.43791580200218], [114.33513641357433, 22.43791580200218], [114.33510589599621, 22.438194274902344], [114.33486175537121, 22.438194274902344], [114.33486175537121, 22.438747406005973], [114.33458709716831, 22.438747406005973], [114.33458709716831, 22.439029693603686], [114.33430480957054, 22.439029693603686], [114.33430480957054, 22.440416336059684], [114.3365249633789, 22.440416336059684], [114.33653259277344, 22.440141677856445], [114.33902740478516, 22.440141677856445], [114.33902740478516, 22.440969467163086], [114.3393020629884, 22.440969467163086], [114.3393020629884, 22.4412517547608], [114.33958435058594, 22.4412517547608], [114.33958435058594, 22.441528320312614], [114.34014129638672, 22.441528320312614], [114.34014129638672, 22.44208335876459], [114.34041595459007, 22.44208335876459], [114.34041595459007, 22.442361831665153], [114.34069061279331, 22.442361831665153], [114.34069824218784, 22.442916870117188], [114.34097290039074, 22.442916870117188], [114.34097290039074, 22.443473815917912], [114.34124755859386, 22.443473815917912], [114.34124755859386, 22.444305419922102], [114.34152984619163, 22.44431114196783], [114.34152984619163, 22.44486045837425], [114.34180450439453, 22.44486045837425], [114.341796875, 22.446527481079215], [114.34152984619163, 22.446527481079215], [114.34152984619163, 22.447082519531364], [114.34097290039074, 22.447082519531364], [114.34097290039074, 22.447360992431754], [114.34069824218784, 22.447376251220646], [114.34069061279331, 22.447639465332315], [114.34014129638672, 22.447639465332315], [114.34014129638672, 22.447914123535156], [114.33902740478516, 22.44791984558111], [114.33902740478516, 22.448194503784123], [114.3384704589846, 22.448194503784123], [114.3384704589846, 22.448472976684513], [114.33875274658203, 22.448472976684513], [114.33875274658203, 22.449304580688477], [114.33860015869175, 22.44930648803711], [114.3384704589846, 22.449310302734432], [114.3384704589846, 22.450136184692496], [114.33875274658203, 22.450138092041243], [114.33875274658203, 22.451805114746207], [114.3384704589846, 22.451810836791935], [114.3384704589846, 22.452640533447322], [114.33819580078136, 22.452640533447322], [114.33819580078136, 22.452917098999137], [114.33791351318371, 22.452917098999137], [114.33791351318371, 22.453193664550724], [114.33763885498081, 22.453193664550724], [114.33763885498081, 22.453750610351676], [114.33736419677757, 22.453750610351676], [114.33734130859386, 22.454584121704045], [114.33708190917969, 22.454584121704045], [114.33708190917969, 22.45513916015625], [114.33736419677757, 22.45513916015625], [114.33736419677757, 22.4556941986084], [114.33763885498081, 22.4556941986084], [114.33763885498081, 22.456249237060774], [114.33791351318371, 22.456249237060774], [114.33791351318371, 22.456806182861555], [114.33819580078136, 22.456809997558707], [114.33819580078136, 22.457361221313533], [114.3384704589846, 22.457361221313533], [114.3384704589846, 22.45819473266613], [114.33875274658203, 22.45819473266613], [114.33875274658203, 22.46013832092285], [114.33902740478516, 22.46013832092285], [114.33902740478516, 22.460416793823242], [114.33875274658203, 22.460416793823242], [114.33875274658203, 22.460695266723633], [114.33902740478516, 22.460695266723633], [114.33902740478516, 22.46097183227539], [114.33875274658203, 22.46097183227539], [114.33875274658203, 22.461526870727766], [114.3384704589846, 22.46153068542492], [114.3384704589846, 22.461805343628157], [114.33791351318371, 22.461811065673885], [114.33791351318371, 22.462638854980696], [114.33819580078136, 22.4626407623291], [114.33819580078136, 22.46291542053234], [114.3384704589846, 22.46291542053234], [114.3384704589846, 22.463193893432674], [114.33875274658203, 22.463193893432674], [114.33875274658203, 22.46291542053234], [114.33958435058594, 22.46291542053234], [114.33958435058594, 22.462638854980696], [114.34014129638672, 22.462638854980696], [114.34014129638672, 22.462360382080305], [114.34069824218784, 22.462360382080305], [114.34069824218784, 22.46208381652832], [114.34097290039074, 22.46208381652832], [114.34099578857445, 22.461805343628157], [114.34124755859386, 22.461805343628157], [114.34124755859386, 22.461526870727766], [114.34152984619163, 22.461526870727766], [114.34152984619163, 22.461250305175952], [114.34180450439453, 22.461250305175952], [114.34180450439453, 22.46097183227539], [114.34236145019543, 22.46097183227539], [114.34236145019543, 22.460695266723633], [114.3434753417971, 22.460695266723633], [114.3434753417971, 22.460416793823242], [114.34458160400413, 22.460416793823242], [114.34458160400413, 22.460695266723633], [114.34541320800793, 22.460695266723633], [114.34541320800793, 22.46097183227539], [114.34597015380905, 22.46097183227539], [114.34597015380905, 22.461250305175952], [114.3465270996096, 22.461250305175952], [114.3465270996096, 22.461526870727766], [114.34680175781284, 22.46153068542492], [114.34680175781284, 22.461805343628157], [114.34708404541038, 22.461805343628157], [114.34708404541038, 22.46208381652832], [114.34764099121105, 22.46208381652832], [114.34764099121105, 22.462360382080305], [114.34791564941418, 22.462360382080305], [114.34791564941418, 22.462638854980696], [114.34764099121105, 22.462638854980696], [114.34764099121105, 22.463472366333065], [114.3473587036134, 22.463472366333065], [114.3473587036134, 22.46430587768566], [114.34708404541038, 22.464309692382812], [114.34707641601574, 22.46486091613781], [114.34680175781284, 22.46486091613781], [114.34680175781284, 22.465415954589844], [114.3465270996096, 22.465415954589844], [114.3465270996096, 22.46652984619152], [114.34625244140625, 22.46652984619152], [114.346229553223, 22.467081069946516], [114.34597015380905, 22.467081069946516], [114.34597015380905, 22.467639923095874], [114.34569549560547, 22.467639923095874], [114.34568786621094, 22.46819496154808], [114.34541320800793, 22.46819496154808], [114.34541320800793, 22.468751907348633], [114.34513854980469, 22.468751907348633], [114.34513854980469, 22.469305038452262], [114.34486389160168, 22.469305038452262], [114.34486389160168, 22.469583511352596], [114.34458160400413, 22.469583511352596], [114.34458160400413, 22.470417022705192], [114.3443069458009, 22.470417022705192], [114.3443069458009, 22.47125053405773], [114.34458160400413, 22.47125053405773], [114.34458160400413, 22.473472595214844], [114.3443069458009, 22.473472595214844], [114.3443069458009, 22.474304199218807], [114.34402465820324, 22.474309921264762], [114.34401702880871, 22.474861145019588], [114.34375000000034, 22.474861145019588], [114.34374237060581, 22.475416183471793], [114.3434753417971, 22.475450515747298], [114.3434753417971, 22.476249694824503], [114.34319305419922, 22.476249694824503], [114.34319305419922, 22.477361679077262], [114.34291839599655, 22.477361679077262], [114.34291839599655, 22.478471755981445], [114.34236145019543, 22.478471755981445], [114.34236145019543, 22.47874832153343], [114.34208679199219, 22.47874832153343], [114.34208679199219, 22.479030609130973], [114.34180450439453, 22.479030609130973], [114.341796875, 22.47930526733421], [114.34152984619163, 22.47930526733421], [114.34152984619163, 22.479030609130973], [114.34124755859386, 22.479030609130973], [114.34124755859386, 22.47874832153343], [114.34069824218784, 22.47874832153343], [114.34069824218784, 22.478471755981445], [114.34041595459007, 22.478471755981445], [114.34040832519554, 22.477916717529297], [114.34014129638672, 22.477916717529297], [114.34014129638672, 22.4776363372805], [114.33985900878952, 22.4776363372805], [114.33985900878952, 22.476249694824503], [114.33958435058594, 22.476249694824503], [114.3395767211914, 22.47513961792015], [114.3393020629884, 22.47513961792015], [114.3393020629884, 22.474861145019588], [114.33819580078136, 22.474861145019588], [114.33819580078136, 22.47513961792015], [114.33763885498081, 22.47513961792015], [114.33763885498081, 22.474861145019588], [114.33736419677757, 22.474861145019588], [114.33736419677757, 22.47402763366722], [114.33791351318371, 22.47402763366722], [114.33791351318371, 22.47374916076683], [114.33819580078136, 22.47374916076683], [114.33819580078136, 22.473194122314453], [114.33875274658203, 22.473194122314453], [114.33875274658203, 22.472639083862305], [114.33902740478516, 22.472639083862305], [114.33902740478516, 22.471527099609375], [114.3393020629884, 22.471527099609375], [114.3393020629884, 22.47097206115734], [114.33902740478516, 22.47097206115734], [114.33902740478516, 22.470417022705192], [114.33875274658203, 22.470417022705192], [114.33875274658203, 22.469583511352596], [114.3384704589846, 22.469583511352596], [114.3384704589846, 22.46846961975109], [114.33819580078136, 22.46846961975109], [114.33819580078136, 22.46819496154808], [114.33791351318371, 22.46819496154808], [114.33791351318371, 22.467361450195312], [114.33736419677757, 22.467361450195312], [114.33736419677757, 22.467081069946516], [114.33680725097702, 22.467081069946516], [114.33675384521507, 22.466806411743164], [114.3362503051759, 22.466806411743164], [114.3362503051759, 22.46625137329113], [114.33597564697266, 22.46625137329113], [114.33597564697266, 22.465972900390568], [114.3362503051759, 22.465972900390568], [114.3362503051759, 22.46486091613781], [114.3365249633789, 22.46486091613781], [114.3365249633789, 22.463750839233455], [114.33597564697266, 22.463750839233455], [114.33597564697266, 22.463472366333065], [114.33513641357433, 22.463472366333065], [114.33513641357433, 22.463193893432674], [114.33486175537121, 22.463193893432674], [114.33486175537121, 22.463472366333065], [114.33291625976562, 22.463472366333065], [114.33291625976562, 22.463750839233455], [114.3326416015625, 22.463750839233455], [114.3326416015625, 22.46402740478527], [114.33208465576183, 22.464031219482422], [114.33207702636719, 22.46430587768566], [114.33152770996105, 22.46430587768566], [114.33152770996105, 22.46402740478527], [114.3309707641605, 22.46402740478527], [114.3309707641605, 22.463750839233455], [114.33069610595726, 22.463750839233455], [114.33069610595726, 22.463472366333065], [114.33041381835938, 22.463472366333065], [114.33041381835938, 22.463193893432674], [114.3301391601567, 22.463193893432674], [114.3301391601567, 22.462360382080305], [114.32958221435558, 22.462360382080305], [114.32958221435558, 22.461805343628157], [114.32804107666061, 22.461805343628157], [114.327919006348, 22.461805343628157], [114.32791137695347, 22.46208381652832], [114.32763671875023, 22.46208381652832], [114.32763671875023, 22.462360382080305], [114.32736206054688, 22.462360382080305], [114.32736206054688, 22.463472366333065], [114.32763671875023, 22.463472366333065], [114.32763671875023, 22.46430587768566], [114.327919006348, 22.464309692382812], [114.327919006348, 22.46486091613781], [114.3281936645509, 22.46486091613781], [114.3281936645509, 22.465137481689453], [114.32847595214855, 22.465137481689453], [114.32847595214855, 22.465415954589844], [114.32875061035179, 22.465415954589844], [114.32875061035179, 22.46652984619152], [114.32902526855469, 22.46652984619152], [114.32902526855469, 22.467639923095874], [114.32930755615234, 22.467639923095874], [114.32930755615234, 22.468751907348633], [114.32958221435558, 22.468751907348633], [114.32958221435558, 22.469305038452262], [114.32930755615234, 22.469305038452262], [114.32930755615234, 22.46986389160179], [114.32958221435558, 22.46986389160179], [114.32958221435558, 22.470417022705192], [114.32986450195312, 22.470417022705192], [114.32986450195312, 22.47069358825678], [114.33041381835938, 22.47069358825678], [114.33041381835938, 22.470417022705192], [114.33152770996105, 22.470420837402344], [114.33152770996105, 22.471805572509766], [114.33125305175804, 22.471805572509766], [114.33125305175804, 22.473472595214844], [114.3309707641605, 22.473472595214844], [114.3309707641605, 22.47374916076683], [114.3301391601567, 22.47374916076683], [114.3301391601567, 22.473472595214844], [114.32902526855469, 22.473472595214844], [114.32902526855469, 22.473194122314453], [114.32875061035179, 22.473194122314453], [114.3287124633789, 22.472917556762695], [114.32847595214855, 22.472917556762695], [114.32847595214855, 22.472639083862305], [114.3281936645509, 22.472639083862305], [114.32818603515636, 22.472360610962085], [114.32763671875023, 22.472360610962085], [114.32763671875023, 22.472085952758903], [114.32707977294967, 22.472085952758903], [114.32707977294967, 22.471805572509766], [114.32541656494152, 22.471805572509766], [114.32537841796886, 22.472085952758903], [114.32485961914097, 22.472085952758903], [114.32485961914097, 22.472360610962085], [114.32430267333984, 22.472360610962085], [114.32430267333984, 22.472917556762695], [114.32402801513717, 22.472917556762695], [114.32402801513717, 22.473472595214844], [114.3237533569336, 22.473472595214844], [114.3237533569336, 22.47374916076683], [114.32347106933605, 22.47374916076683], [114.32347106933605, 22.474304199218807], [114.3237533569336, 22.474304199218807], [114.3237533569336, 22.474861145019588], [114.32402801513717, 22.474861145019588], [114.32402801513717, 22.475416183471793], [114.32430267333984, 22.475416183471793], [114.32430267333984, 22.475694656372184], [114.32458496093773, 22.475694656372184], [114.32458496093773, 22.476526260375977], [114.32485961914097, 22.476526260375977], [114.32485961914097, 22.47680473327631], [114.32430267333984, 22.47680473327631], [114.32427978515636, 22.4770832061767], [114.32402801513717, 22.4770832061767], [114.32402801513717, 22.477916717529297], [114.3237533569336, 22.47792053222662], [114.3237533569336, 22.478195190429688], [114.32347106933605, 22.478195190429688], [114.32347106933605, 22.478471755981445], [114.32319641113281, 22.478471755981445], [114.32319641113281, 22.479030609130973], [114.32291412353516, 22.479030609130973], [114.32291412353516, 22.479583740234375], [114.32263946533226, 22.479583740234375], [114.3226318359375, 22.480140686035156], [114.32236480712902, 22.480140686035156], [114.32235717773449, 22.48041725158714], [114.32125091552734, 22.48041725158714], [114.32125091552734, 22.480140686035156], [114.32069396972656, 22.480140686035156], [114.32069396972656, 22.47930526733421], [114.32041931152355, 22.47930526733421], [114.32041931152355, 22.4776363372805], [114.32013702392578, 22.4776363372805], [114.32013702392578, 22.4770832061767], [114.31686401367188, 22.4770832061767], [114.3165283203125, 22.4770832061767], [114.3165283203125, 22.47680473327631], [114.31597137451195, 22.47680473327631], [114.31597137451195, 22.476526260375977], [114.31541442871105, 22.476526260375977], [114.31540679931652, 22.476249694824503], [114.31513977050815, 22.476249694824503], [114.31513977050815, 22.475973129272518], [114.31458282470703, 22.475973129272518], [114.31458282470703, 22.475416183471793], [114.31430816650436, 22.475416183471793], [114.31430816650436, 22.474582672119197], [114.31402587890625, 22.474582672119197], [114.31402587890625, 22.47374916076683], [114.31346893310547, 22.47374916076683], [114.31346893310547, 22.473194122314453], [114.31319427490234, 22.473194122314453], [114.31319427490234, 22.472917556762695], [114.31311798095714, 22.472917556762695], [114.31263732910168, 22.472917556762695], [114.31263732910168, 22.472639083862305], [114.31236267089855, 22.472639083862305], [114.31236267089855, 22.472360610962085], [114.31180572509788, 22.472360610962085], [114.31180572509788, 22.472085952758903], [114.31097412109375, 22.472085952758903], [114.31097412109375, 22.471805572509766], [114.31089782714844, 22.471805572509766], [114.30958557128918, 22.471805572509766], [114.30958557128918, 22.471527099609375], [114.30874633789085, 22.471527099609375], [114.30874633789085, 22.47125053405773], [114.3084716796875, 22.47125053405773], [114.3084716796875, 22.47097206115734], [114.30819702148483, 22.47097206115734], [114.30819702148483, 22.47069358825678], [114.30791473388672, 22.47069358825678], [114.30787658691418, 22.4701385498048], [114.30764007568371, 22.4701385498048], [114.30763244628952, 22.469583511352596], [114.30708312988281, 22.469583511352596], [114.30702972412132, 22.469028472900618], [114.30680847167991, 22.469028472900618], [114.30680847167991, 22.468751907348633], [114.30625152587902, 22.468751907348633], [114.30625152587902, 22.46846961975109], [114.30596923828136, 22.46846961975109], [114.30596923828136, 22.46819496154808], [114.30569458007835, 22.46819496154808], [114.30569458007835, 22.467639923095874], [114.305419921875, 22.467639923095874], [114.305419921875, 22.467361450195312], [114.30513763427757, 22.467361450195312], [114.30513763427757, 22.46625137329113], [114.30486297607422, 22.46625137329113], [114.30486297607422, 22.465415954589844], [114.30458068847702, 22.465415954589844], [114.30458068847702, 22.463750839233455], [114.30430603027344, 22.463750839233455], [114.30430603027344, 22.463472366333065], [114.30403137207031, 22.463472366333065], [114.30403137207031, 22.463193893432674], [114.30291748046886, 22.463193893432674], [114.30291748046886, 22.46291542053234], [114.30208587646507, 22.46291542053234], [114.30208587646507, 22.462360382080305], [114.30236053466831, 22.462360382080305], [114.30236053466831, 22.461526870727766], [114.30263519287121, 22.461526870727766], [114.30263519287121, 22.46013832092285], [114.30291748046886, 22.46013832092285], [114.30291748046886, 22.459304809570256], [114.3031921386721, 22.459304809570256], [114.3031921386721, 22.457082748413143], [114.30291748046886, 22.457082748413143], [114.30291748046886, 22.45597267150879], [114.30263519287121, 22.45597267150879], [114.30260467529297, 22.455415725708235], [114.30180358886719, 22.455415725708235], [114.30179595947266, 22.454584121704045], [114.30001068115246, 22.454584121704045], [114.29985809326183, 22.454584121704045], [114.29985809326183, 22.45597267150879], [114.29958343505871, 22.45597267150879], [114.29957580566418, 22.456527709961165], [114.29763793945312, 22.456527709961165], [114.29763793945312, 22.456249237060774], [114.29597473144554, 22.456249237060774], [114.29596710205101, 22.45597267150879], [114.29541778564499, 22.45597267150879], [114.29541778564499, 22.456249237060774], [114.29513549804688, 22.456249237060774], [114.29513549804688, 22.456527709961165], [114.29486083984386, 22.456527709961165], [114.29486083984386, 22.456806182861555], [114.29458618164062, 22.456806182861555], [114.29458618164062, 22.457082748413143], [114.29430389404297, 22.457082748413143], [114.29429626464855, 22.457361221313533], [114.29402923584007, 22.457361221313533], [114.29402923584007, 22.45791625976574], [114.2937469482423, 22.45791625976574], [114.2937469482423, 22.45819473266613], [114.29319763183628, 22.45819473266613], [114.29319763183628, 22.458471298217887], [114.29264068603516, 22.458471298217887], [114.29264068603516, 22.45874977111845], [114.29235839843773, 22.45874977111845], [114.29235839843773, 22.458471298217887], [114.29193115234398, 22.458471298217887], [114.29180908203136, 22.458471298217887], [114.29180908203136, 22.45819473266613], [114.2915267944336, 22.45819473266613], [114.2915267944336, 22.45791625976574], [114.29180908203136, 22.45791625976574], [114.29180908203136, 22.457361221313533], [114.2915267944336, 22.457361221313533], [114.2915267944336, 22.4556941986084], [114.29125213623047, 22.4556941986084], [114.29125213623047, 22.45513916015625], [114.2915267944336, 22.45513916015625], [114.2915267944336, 22.453193664550724], [114.29125213623047, 22.453193664550724], [114.29129028320347, 22.452640533447322], [114.2915267944336, 22.452640533447322], [114.2915267944336, 22.450695037842024], [114.29125213623047, 22.450695037842024], [114.29125213623047, 22.450416564941634], [114.28986358642601, 22.450420379638786], [114.28985595703136, 22.450695037842024], [114.28958129882847, 22.450695037842024], [114.28958129882847, 22.451805114746207], [114.28930664062523, 22.451810836791935], [114.28926086425804, 22.45235824584961], [114.28902435302734, 22.452362060546932], [114.28901672363281, 22.452917098999137], [114.2884750366211, 22.452917098999137], [114.2884750366211, 22.453193664550724], [114.28763580322266, 22.453193664550724], [114.28760528564499, 22.45347023010254], [114.28736114501976, 22.45347023010254], [114.28736114501976, 22.453750610351676], [114.28708648681652, 22.453750610351676], [114.28708648681652, 22.45402717590332], [114.2862472534182, 22.45402717590332], [114.2862472534182, 22.453750610351676], [114.28569793701217, 22.453750610351676], [114.28569793701217, 22.45347023010254], [114.28541564941406, 22.45347023010254], [114.28541564941406, 22.453193664550724], [114.28514099121105, 22.453193664550724], [114.28514099121105, 22.452362060546932], [114.28485870361328, 22.45235824584961], [114.28485870361328, 22.45208358764654], [114.28458404541016, 22.45208358764654], [114.28458404541016, 22.451805114746207], [114.28347015380893, 22.451805114746207], [114.28347015380893, 22.45153045654297], [114.28291320800781, 22.45153045654297], [114.28291320800781, 22.451248168945426], [114.28236389160156, 22.451248168945426], [114.28235626220703, 22.45097160339361], [114.28208160400402, 22.45097160339361], [114.28208160400402, 22.450136184692496], [114.28152465820312, 22.450136184692496], [114.28151702880871, 22.449583053588867], [114.28125000000023, 22.449583053588867], [114.28125000000023, 22.44930648803711], [114.28097534179699, 22.449304580688477], [114.28097534179699, 22.448472976684513], [114.28069305419933, 22.448472976684513], [114.28067779541038, 22.448194503784123], [114.28041839599643, 22.448194503784123], [114.28041839599643, 22.447639465332315], [114.28013610839866, 22.447639465332315], [114.28013610839866, 22.447360992431754], [114.27958679199264, 22.447360992431754], [114.27958679199264, 22.446804046630803], [114.27930450439453, 22.446804046630803], [114.27930450439453, 22.4462509155274], [114.27902984619152, 22.4462509155274], [114.27902984619152, 22.44597244262701], [114.27847290039062, 22.44597244262701], [114.27847290039062, 22.445695877075423], [114.27819824218773, 22.445695877075423], [114.27819824218773, 22.445417404175032], [114.27809143066406, 22.445417404175032], [114.27708435058616, 22.445417404175032], [114.27708435058616, 22.443750381469897], [114.27735900878918, 22.443750381469897], [114.27735900878918, 22.443473815917912], [114.27764129638683, 22.443473815917912], [114.27764129638683, 22.442916870117188], [114.27791595458996, 22.442916870117188], [114.27791595458996, 22.442638397216797], [114.27819061279297, 22.442638397216797], [114.27819824218773, 22.442916870117188], [114.27874755859375, 22.442916870117188], [114.27874755859375, 22.443195343017578], [114.27930450439453, 22.443195343017578], [114.27930450439453, 22.443473815917912], [114.28013610839866, 22.443473815917912], [114.28013610839866, 22.443195343017578], [114.28021240234386, 22.443195343017578], [114.28097534179699, 22.443195343017578], [114.28097534179699, 22.442916870117188], [114.2831954956057, 22.442916870117188], [114.2831954956057, 22.442361831665153], [114.28291320800781, 22.442361831665153], [114.28291320800781, 22.4418048858642], [114.28236389160156, 22.4418048858642], [114.28236389160156, 22.4412517547608], [114.28180694580078, 22.4412517547608], [114.28180694580078, 22.440969467163086], [114.28152465820312, 22.440969467163086], [114.28152465820312, 22.440694808960075], [114.28125000000023, 22.440694808960075], [114.28125000000023, 22.440416336059684], [114.28097534179699, 22.440416336059684], [114.28097534179699, 22.439029693603686], [114.28125000000023, 22.439029693603686], [114.28125000000023, 22.438472747802734], [114.28152465820312, 22.438472747802734], [114.28152465820312, 22.43791580200218], [114.28180694580078, 22.43791580200218], [114.28180694580078, 22.436805725097656], [114.28208160400402, 22.436805725097656], [114.28208160400402, 22.43597221374523], [114.28263854980514, 22.43597221374523], [114.28263854980514, 22.43541526794428], [114.28291320800781, 22.43541526794428], [114.28291320800781, 22.435138702392692], [114.2831954956057, 22.435138702392692], [114.2831954956057, 22.43263816833519], [114.28347015380893, 22.43263816833519], [114.28347015380893, 22.432083129882812], [114.28369140625, 22.432083129882812], [114.28375244140636, 22.431804656982422], [114.28430175781273, 22.431804656982422], [114.28430175781273, 22.431671142578125], [114.28430938720726, 22.431249618530273], [114.28458404541016, 22.431249618530273], [114.28458404541016, 22.43097305297846], [114.28485870361328, 22.43097305297846], [114.28485870361328, 22.430694580078068], [114.28514099121105, 22.430694580078068], [114.28509521484398, 22.42902755737316], [114.28485870361328, 22.42902755737316], [114.28485870361328, 22.428472518920955], [114.28541564941406, 22.428472518920955], [114.28541564941406, 22.42874908447277], [114.28597259521484, 22.42874908447277], [114.28597259521484, 22.42902755737316], [114.28652954101597, 22.42902755737316], [114.28652954101597, 22.42874908447277], [114.28736114501976, 22.42874908447277], [114.28736114501976, 22.427640914916992], [114.28763580322266, 22.427640914916992], [114.28763580322266, 22.42735862731945], [114.28736114501976, 22.42735862731945], [114.28736114501976, 22.42708396911621], [114.28763580322266, 22.42708396911621], [114.28763580322266, 22.426805496216048], [114.28736114501976, 22.426805496216048], [114.28736114501976, 22.426528930664062], [114.28708648681652, 22.426528930664062], [114.28708648681652, 22.426248550415266], [114.28652954101597, 22.426248550415266], [114.28652191162143, 22.42569351196289], [114.2862472534182, 22.42569351196289], [114.2862472534182, 22.42541885376005], [114.28541564941406, 22.42541885376005], [114.28541564941406, 22.42514038085949], [114.28514099121105, 22.42514038085949], [114.28514099121105, 22.424861907959098], [114.28458404541016, 22.424861907959098], [114.28458404541016, 22.424304962158146], [114.28402709960949, 22.424304962158146], [114.28402709960949, 22.424026489257812], [114.28375244140636, 22.424026489257812], [114.28375244140636, 22.42374992370634], [114.28347015380893, 22.42374992370634], [114.28346252441418, 22.423471450805778], [114.2831954956057, 22.423471450805778], [114.2831954956057, 22.42319488525402], [114.28291320800781, 22.42319488525402], [114.2828826904298, 22.42291641235363], [114.28263854980514, 22.42291641235363], [114.28263854980514, 22.422361373901424], [114.28236389160156, 22.422361373901424], [114.28236389160156, 22.422082901001033], [114.28180694580078, 22.422082901001033], [114.28180694580078, 22.421806335449446], [114.28097534179699, 22.421806335449446], [114.28097534179699, 22.421527862549055], [114.28041839599643, 22.421527862549055], [114.28041839599643, 22.421249389648665], [114.27986145019531, 22.421249389648665], [114.27986145019531, 22.42097282409668], [114.27930450439453, 22.42097282409668], [114.27930450439453, 22.42069435119629], [114.27847290039062, 22.42069435119629], [114.27847290039062, 22.420415878296126], [114.27735900878918, 22.420415878296126], [114.27735900878918, 22.42013931274414], [114.27708435058616, 22.42013931274414], [114.27708435058616, 22.41986083984392], [114.27680206298862, 22.41986083984392], [114.27680206298862, 22.4193058013916], [114.27652740478538, 22.4193058013916], [114.27652740478538, 22.41902732849121], [114.27597045898483, 22.41902732849121], [114.27597045898483, 22.418472290039176], [114.27569580078125, 22.418472290039176], [114.27569580078125, 22.416805267334098], [114.27541351318371, 22.416805267334098], [114.27541351318371, 22.416250228882063], [114.27513885498047, 22.416250228882063], [114.27513885498047, 22.415138244629134], [114.27486419677746, 22.415138244629134], [114.27486419677746, 22.414304733276367], [114.27513885498047, 22.414304733276367], [114.27513885498047, 22.41402816772461], [114.27541351318371, 22.41402816772461], [114.27541351318371, 22.413751602172965], [114.27569580078125, 22.413751602172965], [114.27569580078125, 22.4123592376709], [114.27541351318371, 22.4123592376709], [114.27540588378918, 22.4109725952149], [114.27486419677746, 22.4109725952149], [114.27485656738281, 22.412082672119254], [114.27458190917991, 22.412082672119254], [114.27458190917991, 22.413194656372013], [114.27430725097668, 22.413194656372013], [114.27430725097668, 22.413473129272404], [114.27402496337902, 22.413473129272404], [114.27402496337902, 22.413751602172965], [114.27375030517612, 22.413751602172965], [114.27375030517612, 22.41402816772461], [114.27347564697288, 22.41402816772461], [114.27347564697288, 22.414304733276367], [114.273193359375, 22.414304733276367], [114.273193359375, 22.415138244629134], [114.27291870117233, 22.415138244629134], [114.27291870117233, 22.415416717529524], [114.27263641357422, 22.415420532226676], [114.27263641357422, 22.415695190429915], [114.27236175537121, 22.415695190429915], [114.27236175537121, 22.415973663330078], [114.27153015136741, 22.415973663330078], [114.27152252197288, 22.416250228882063], [114.27097320556652, 22.416250228882063], [114.27097320556652, 22.416805267334098], [114.27041625976585, 22.416805267334098], [114.27041625976585, 22.417083740234432], [114.27069091796909, 22.417083740234432], [114.27069091796909, 22.417360305786417], [114.27041625976585, 22.417360305786417], [114.27041625976585, 22.417917251587028], [114.2701416015625, 22.417917251587028], [114.2701416015625, 22.41902732849121], [114.26958465576172, 22.41902732849121], [114.26957702636719, 22.418750762939567], [114.26847076416038, 22.418750762939567], [114.26846313476562, 22.41902732849121], [114.26819610595714, 22.41902732849121], [114.26819610595714, 22.419584274291935], [114.26847076416038, 22.419584274291935], [114.26847076416038, 22.41986083984392], [114.26875305175781, 22.41986083984392], [114.26875305175781, 22.420415878296126], [114.26902770996094, 22.420415878296126], [114.26902770996094, 22.42069435119629], [114.26930236816418, 22.42069435119629], [114.26930236816418, 22.42097282409668], [114.26958465576172, 22.42097282409668], [114.26958465576172, 22.421249389648665], [114.2698593139653, 22.421249389648665], [114.2698593139653, 22.421527862549055], [114.2701416015625, 22.421527862549055], [114.2701416015625, 22.422082901001033], [114.27041625976585, 22.422082901001033], [114.27041625976585, 22.422361373901424], [114.27069091796909, 22.422361373901424], [114.27069091796909, 22.42263793945324], [114.27097320556652, 22.422639846801985], [114.27097320556652, 22.42291641235363], [114.27124786376964, 22.42292022705078], [114.27124786376964, 22.424026489257812], [114.27153015136741, 22.424026489257812], [114.27151489257812, 22.425970077514876], [114.27124786376964, 22.425970077514876], [114.27124786376964, 22.427640914916992], [114.27097320556652, 22.427640914916992], [114.27097320556652, 22.42958259582531], [114.27069091796909, 22.42958259582531], [114.27069091796909, 22.430694580078068], [114.27097320556652, 22.430694580078068], [114.27094268798828, 22.43097305297846], [114.27069091796909, 22.43097305297846], [114.27069091796909, 22.431249618530273], [114.27041625976585, 22.431249618530273], [114.27041625976585, 22.431804656982422], [114.2698593139653, 22.431804656982422], [114.2697982788086, 22.432083129882812], [114.26958465576172, 22.432083129882812], [114.26957702636719, 22.43263816833519], [114.26930236816418, 22.432640075683764], [114.26930236816418, 22.43291664123558], [114.26902770996094, 22.43292045593273], [114.26902770996094, 22.43402862548851], [114.26875305175781, 22.43402862548851], [114.26875305175781, 22.434305191040153], [114.26847076416038, 22.43431091308588], [114.26846313476562, 22.43486022949247], [114.26819610595714, 22.43486022949247], [114.26819610595714, 22.43402862548851], [114.26708221435547, 22.43402862548851], [114.26708221435547, 22.433750152588118], [114.26486206054699, 22.433750152588118], [114.26486206054699, 22.433471679687557], [114.26264190673828, 22.433471679687557], [114.26264190673828, 22.433193206787166], [114.26152801513683, 22.433193206787166], [114.26152801513683, 22.43291664123558], [114.26145172119163, 22.43291664123558], [114.26013946533249, 22.43291664123558], [114.26013946533249, 22.43263816833519], [114.25902557373047, 22.43263816833519], [114.25902557373047, 22.432361602783203], [114.25763702392601, 22.432361602783203], [114.25763702392601, 22.432083129882812], [114.25569152832054, 22.432083129882812], [114.25569152832054, 22.432361602783203], [114.2554168701173, 22.432361602783203], [114.2554168701173, 22.43291664123558], [114.25514221191418, 22.43291664123558], [114.25512695312523, 22.433193206787166], [114.25485992431675, 22.433193206787166], [114.25485992431675, 22.433750152588118], [114.25458526611351, 22.433750152588118], [114.25458526611351, 22.43402862548851], [114.25430297851562, 22.43402862548851], [114.25430297851562, 22.434583663940487], [114.25402832031295, 22.434583663940487], [114.25402832031295, 22.435138702392692], [114.25375366210938, 22.435138702392692], [114.25375366210938, 22.43486022949247], [114.2531967163086, 22.43486022949247], [114.2531967163086, 22.434583663940487], [114.25291442871094, 22.434583663940487], [114.25291442871094, 22.434305191040153], [114.25263977050804, 22.434305191040153], [114.25263977050804, 22.434583663940487], [114.25235748291027, 22.434583663940487], [114.25235748291027, 22.434305191040153], [114.25180816650425, 22.434305191040153], [114.25180816650425, 22.43402862548851], [114.25152587890648, 22.43402862548851], [114.25152587890648, 22.433750152588118], [114.25125122070312, 22.433750152588118], [114.25125122070312, 22.433471679687557], [114.2509689331057, 22.433471679687557], [114.2509689331057, 22.433193206787166], [114.24903106689464, 22.433193206787166], [114.24898529052734, 22.43291664123558], [114.24819183349643, 22.43291664123558], [114.24819183349643, 22.43263816833519], [114.2479171752932, 22.43263816833519], [114.2479171752932, 22.432361602783203], [114.24652862548828, 22.432361602783203], [114.24652862548828, 22.432083129882812], [114.24624633789062, 22.432083129882812], [114.24624633789062, 22.431528091430664], [114.24569702148449, 22.431528091430664], [114.24569702148449, 22.431257247924975], [114.24485778808616, 22.431249618530273], [114.24485778808616, 22.431528091430664], [114.24430847168014, 22.43152999877941], [114.24430847168014, 22.43291664123558], [114.24458312988281, 22.43291664123558], [114.24458312988281, 22.433193206787166], [114.24485778808616, 22.433193206787166], [114.24485778808616, 22.433750152588118], [114.24514007568393, 22.433750152588118], [114.24514007568393, 22.43402862548851], [114.24569702148449, 22.434030532836914], [114.24569702148449, 22.434305191040153], [114.24597167968773, 22.434305191040153], [114.24597167968773, 22.434583663940487], [114.24624633789062, 22.434583663940487], [114.24624633789062, 22.43486022949247], [114.24764251708984, 22.43486022949247], [114.24764251708984, 22.435138702392692], [114.2479171752932, 22.435140609741268], [114.2479171752932, 22.43541526794428], [114.24736022949264, 22.43541526794428], [114.24736022949264, 22.43569374084467], [114.24708557128906, 22.43569374084467], [114.24708557128906, 22.43597221374523], [114.24652862548828, 22.43597221374523], [114.24652862548828, 22.43569374084467], [114.24624633789062, 22.43569374084467], [114.24624633789062, 22.43541526794428], [114.24597167968773, 22.43541526794428], [114.24597167968773, 22.435138702392692], [114.24485778808616, 22.435138702392692], [114.24485778808616, 22.43541526794428], [114.24430847168014, 22.43541526794428], [114.24430847168014, 22.43569374084467], [114.24402618408203, 22.43569374084467], [114.24398803710972, 22.43597221374523], [114.24375152587902, 22.43597221374523], [114.24375152587902, 22.436527252197266], [114.24319458007812, 22.436531066894588], [114.2431869506836, 22.436805725097656], [114.24291992187523, 22.436805725097656], [114.24291992187523, 22.437360763549975], [114.24236297607433, 22.437360763549975], [114.24236297607433, 22.43708419799799], [114.2420806884769, 22.43708419799799], [114.2420806884769, 22.437360763549975], [114.24180603027366, 22.437360763549975], [114.24180603027366, 22.43763732910179], [114.2401351928711, 22.43763732910179], [114.2401351928711, 22.437360763549975], [114.2398605346682, 22.437360763549975], [114.2398605346682, 22.43708419799799], [114.23958587646496, 22.43708419799799], [114.23957061767578, 22.436805725097656], [114.2393035888673, 22.436805725097656], [114.2393035888673, 22.436527252197266], [114.2390289306644, 22.436527252197266], [114.2390289306644, 22.43597221374523], [114.23847198486328, 22.43597221374523], [114.23847198486328, 22.43625068664562], [114.23819732666061, 22.436258316040153], [114.23819732666061, 22.436527252197266], [114.23735809326172, 22.436527252197266], [114.23735809326172, 22.43625068664562], [114.2370834350586, 22.43625068664562], [114.2370834350586, 22.435138702392692], [114.23735809326172, 22.435138702392692], [114.23735809326172, 22.43486022949247], [114.2379150390625, 22.43486022949247], [114.2379150390625, 22.434583663940487], [114.23819732666061, 22.434583663940487], [114.23819732666061, 22.434305191040153], [114.23847198486328, 22.434305191040153], [114.23847198486328, 22.43402862548851], [114.23874664306663, 22.43402862548851], [114.23874664306663, 22.43291664123558], [114.2390289306644, 22.43291664123558], [114.2390289306644, 22.432083129882812], [114.23874664306663, 22.432083129882812], [114.23874664306663, 22.431528091430664], [114.23847198486328, 22.431528091430664], [114.23847198486328, 22.431249618530273], [114.23819732666061, 22.431249618530273], [114.23819732666061, 22.43097305297846], [114.23764038085949, 22.43097305297846], [114.23764038085949, 22.430694580078068], [114.23735809326172, 22.430694580078068], [114.23735809326172, 22.430416107177734], [114.2370834350586, 22.430416107177734], [114.23707580566418, 22.43013954162626], [114.2368087768557, 22.43013954162626], [114.2368087768557, 22.4298610687257], [114.2362518310548, 22.4298610687257], [114.2362518310548, 22.42958259582531], [114.23596954345714, 22.42958259582531], [114.23596954345714, 22.42930603027355], [114.23486328125, 22.42930603027355], [114.23486328125, 22.42902755737316], [114.23430633544922, 22.42902755737316], [114.23430633544922, 22.427917480468977], [114.23402404785168, 22.427917480468977], [114.23402404785168, 22.427640914916992], [114.23374938964844, 22.427640914916992], [114.23374938964844, 22.42735862731945], [114.23319244384788, 22.42735862731945], [114.23319244384788, 22.427640914916992], [114.23263549804699, 22.427640914916992], [114.23263549804699, 22.427917480468977], [114.23208618164085, 22.427917480468977], [114.23208618164085, 22.428194046020565], [114.23180389404297, 22.428194046020565], [114.23180389404297, 22.428472518920955], [114.23069763183594, 22.428472518920955], [114.23069763183594, 22.428194046020565], [114.22875213623047, 22.428194046020565], [114.22875213623047, 22.427917480468977], [114.22866058349655, 22.427917480468977], [114.22819519042969, 22.427917480468977], [114.22819519042969, 22.427640914916992], [114.2276382446289, 22.427640914916992], [114.2276382446289, 22.42735862731945], [114.22708129882835, 22.42735862731945], [114.22708129882835, 22.42708396911621], [114.22680664062511, 22.42708396911621], [114.22680664062511, 22.426528930664062], [114.22652435302746, 22.426528930664062], [114.22651672363304, 22.425970077514876], [114.22624969482456, 22.425970077514876], [114.22624969482456, 22.42569351196289], [114.22597503662132, 22.42569351196289], [114.22597503662132, 22.42541885376005], [114.22569274902344, 22.42541885376005], [114.22569274902344, 22.424861907959098], [114.22541809082077, 22.424861907959098], [114.22541809082077, 22.424583435058537], [114.22513580322266, 22.424583435058537], [114.22513580322266, 22.423471450805778], [114.22486114501964, 22.423471450805778], [114.22486114501964, 22.42319488525402], [114.2245864868164, 22.42319488525402], [114.2245864868164, 22.422361373901424], [114.22430419921875, 22.422361373901424], [114.22430419921875, 22.422082901001033], [114.22402954101585, 22.422082901001033], [114.22402954101585, 22.421806335449446], [114.22430419921875, 22.421806335449446], [114.22429656982433, 22.421249389648665], [114.22402954101585, 22.421249389648665], [114.22402954101585, 22.42013931274414], [114.22374725341808, 22.42013931274414], [114.22374725341808, 22.4193058013916], [114.22291564941429, 22.4193058013916], [114.22292327880882, 22.418193817138615], [114.22319793701206, 22.418193817138615], [114.22319793701206, 22.417638778686637], [114.22291564941429, 22.417638778686637], [114.22291564941429, 22.416528701782454], [114.22264099121094, 22.416528701782454], [114.22264099121094, 22.415695190429915], [114.22235870361351, 22.415695190429915], [114.22235870361351, 22.41486167907715], [114.22208404541016, 22.41486167907715], [114.22208404541016, 22.413473129272404], [114.22180938720714, 22.413473129272404], [114.22180175781295, 22.41330337524414], [114.22180175781295, 22.413194656372013], [114.22152709960938, 22.413194656372013], [114.22152709960938, 22.41291618347168], [114.22125244140625, 22.41291618347168], [114.22125244140625, 22.41263771057129], [114.22152709960938, 22.41263771057129], [114.22152709960938, 22.4109725952149], [114.2209701538086, 22.4109725952149], [114.2209701538086, 22.410137176513786], [114.22069549560558, 22.410137176513786], [114.22070312500011, 22.40986061096214], [114.2209701538086, 22.40986061096214], [114.2209701538086, 22.409584045410156], [114.22125244140625, 22.409584045410156], [114.22125244140625, 22.4090251922608], [114.22152709960938, 22.4090251922608], [114.22152709960938, 22.408472061157227], [114.22180175781295, 22.408472061157227], [114.22180175781295, 22.407915115356445], [114.22152709960938, 22.407915115356445], [114.22152709960938, 22.407083511352482], [114.22069549560558, 22.407083511352482], [114.22069549560558, 22.406806945800895], [114.21875000000045, 22.406806945800895], [114.21870422363293, 22.406528472900504], [114.21847534179688, 22.406528472900504], [114.21847534179688, 22.406250000000284], [114.21819305419933, 22.406250000000284], [114.21819305419933, 22.405971527099723], [114.2179183959961, 22.405971527099723], [114.2179183959961, 22.405693054199332], [114.21763610839844, 22.405693054199332], [114.21763610839844, 22.405138015747184], [114.21736145019554, 22.405138015747184], [114.21736145019554, 22.40486145019537], [114.2170867919923, 22.40486145019537], [114.2170867919923, 22.404584884643782], [114.21680450439464, 22.404584884643782], [114.21676635742188, 22.40430641174339], [114.21652984619175, 22.40430641174339], [114.21652984619175, 22.404027938843], [114.21624755859398, 22.404027938843], [114.21624755859398, 22.40374946594261], [114.21597290039062, 22.40374946594261], [114.21597290039062, 22.403472900390625], [114.21569824218795, 22.403472900390625], [114.21569824218795, 22.403194427490234], [114.21541595458984, 22.403194427490234], [114.21541595458984, 22.40291595459007], [114.21514129638683, 22.40291595459007], [114.21514129638683, 22.402639389038086], [114.21485900878906, 22.402639389038086], [114.21485900878906, 22.40236282348627], [114.21458435058594, 22.40236282348627], [114.21458435058594, 22.401805877685547], [114.21430206298851, 22.401805877685547], [114.21430206298851, 22.401527404785156], [114.21402740478527, 22.401527404785156], [114.21402740478527, 22.401252746582088], [114.21375274658214, 22.401252746582088], [114.21375274658214, 22.40097236633312], [114.21347045898472, 22.40097236633312], [114.21347045898472, 22.400417327880973], [114.2129135131836, 22.400417327880973], [114.2129135131836, 22.40014076232916], [114.21263885498092, 22.40014076232916], [114.21263885498092, 22.399583816528377], [114.2120819091798, 22.399583816528377], [114.2120819091798, 22.399026870727653], [114.21180725097656, 22.399026870727653], [114.21180725097656, 22.398748397827262], [114.2115249633789, 22.398748397827262], [114.21151733398449, 22.398471832275447], [114.21125030517601, 22.398471832275447], [114.21125030517601, 22.39819526672386], [114.21097564697277, 22.39819526672386], [114.21097564697277, 22.397918701171875], [114.21041870117222, 22.397918701171875], [114.21041870117222, 22.397636413574332], [114.2098617553711, 22.397636413574332], [114.2098617553711, 22.397083282470703], [114.20958709716842, 22.397083282470703], [114.20958709716842, 22.39652633667015], [114.20930480957031, 22.39652633667015], [114.20929718017578, 22.396249771118164], [114.20874786376953, 22.396249771118164], [114.20874786376953, 22.39569473266596], [114.20819091796875, 22.39569473266596], [114.20819091796875, 22.395416259765625], [114.20764160156261, 22.395416259765625], [114.20764160156261, 22.39486122131359], [114.20735931396496, 22.39486122131359], [114.20735931396496, 22.3945827484132], [114.2068023681644, 22.3945827484132], [114.2068023681644, 22.39402770996105], [114.20652770996116, 22.39402770996105], [114.20652770996116, 22.39374923706066], [114.20625305175781, 22.39374923706066], [114.20625305175781, 22.393472671508846], [114.20597076416061, 22.393472671508846], [114.20597076416061, 22.393194198608455], [114.20569610595703, 22.393194198608455], [114.20569610595703, 22.392360687256087], [114.20541381835949, 22.392360687256087], [114.20541381835949, 22.39180564880394], [114.20486450195324, 22.39180564880394], [114.20486450195324, 22.391527175903548], [114.2045822143557, 22.391527175903548], [114.2045822143557, 22.391250610351733], [114.20430755615246, 22.391250610351733], [114.20430755615246, 22.39069366455078], [114.2040252685548, 22.39069366455078], [114.2040252685548, 22.390417098999023], [114.20347595214866, 22.390417098999023], [114.20347595214866, 22.390138626098633], [114.20319366455078, 22.390138626098633], [114.20318603515625, 22.38986206054699], [114.20263671875, 22.389860153198242], [114.20263671875, 22.389305114746037], [114.20236206054699, 22.389305114746037], [114.20236206054699, 22.38902854919445], [114.20207977294922, 22.38902854919445], [114.20207977294922, 22.38875007629423], [114.2018051147461, 22.38875007629423], [114.2018051147461, 22.38847160339367], [114.2015304565432, 22.38847160339367], [114.2015304565432, 22.38819503784191], [114.20124816894543, 22.38819503784191], [114.20124816894543, 22.38791656494152], [114.20069122314487, 22.38791656494152], [114.20069122314487, 22.38763809204113], [114.20014190673828, 22.38763809204113], [114.20014190673828, 22.387083053588924], [114.20041656494163, 22.387083053588924], [114.20041656494163, 22.386806488037337], [114.19985961914108, 22.38680076599121], [114.19985961914108, 22.386529922485522], [114.1995849609375, 22.386529922485522], [114.1995849609375, 22.38625144958496], [114.19930267333996, 22.38625144958496], [114.19930267333996, 22.38597297668457], [114.1987533569336, 22.38597297668457], [114.1987533569336, 22.38569450378418], [114.19819641113293, 22.38569450378418], [114.19819641113293, 22.385416030884016], [114.19791412353527, 22.385416030884016], [114.19790649414085, 22.385137557983626], [114.19763946533237, 22.385137557983626], [114.19763946533237, 22.38458251953125], [114.19736480712913, 22.38458251953125], [114.19736480712913, 22.3840274810791], [114.19708251953125, 22.3840274810791], [114.19708251953125, 22.383750915527457], [114.19680786132858, 22.383750915527457], [114.19680786132858, 22.383472442627067], [114.19625091552746, 22.383472442627067], [114.19625091552746, 22.383193969726506], [114.19569396972656, 22.383193969726506], [114.19569396972656, 22.382638931274528], [114.19541931152366, 22.382638931274528], [114.19541931152366, 22.382360458374308], [114.19486236572277, 22.382360458374308], [114.19486236572277, 22.381526947021598], [114.19458007812511, 22.381526947021598], [114.19458007812511, 22.380971908569393], [114.1943054199221, 22.380971908569393], [114.1943054199221, 22.380416870117415], [114.19403076171875, 22.380416870117415], [114.19403076171875, 22.380138397217024], [114.19347381591797, 22.380138397217024], [114.19346618652344, 22.37958335876465], [114.19319152832077, 22.37958335876465], [114.19319152832077, 22.379304885864258], [114.19264221191406, 22.379304885864258], [114.19264221191406, 22.3790283203125], [114.1920852661134, 22.3790283203125], [114.1920852661134, 22.37874984741211], [114.19180297851585, 22.37874984741211], [114.19180297851585, 22.37847137451189], [114.19152832031261, 22.37847137451189], [114.19152832031261, 22.378194808959904], [114.1912536621096, 22.378194808959904], [114.1912536621096, 22.37791633605957], [114.19097137451206, 22.37791633605957], [114.19097137451206, 22.377639770508097], [114.19069671630882, 22.377639770508097], [114.19069671630882, 22.377361297607536], [114.19025421142578, 22.377361297607536], [114.19013977050827, 22.377361297607536], [114.19013977050827, 22.377082824707145], [114.18958282470714, 22.377082824707145], [114.18958282470714, 22.376806259155387], [114.18846893310558, 22.376806259155387], [114.18846893310558, 22.377082824707145], [114.18819427490246, 22.377082824707145], [114.18819427490246, 22.377361297607536], [114.18830871582031, 22.377361297607536], [114.18875122070335, 22.377361297607536], [114.18875122070335, 22.377639770508097], [114.1893081665039, 22.377639770508097], [114.1893081665039, 22.37791633605957], [114.18958282470714, 22.37791633605957], [114.18958282470714, 22.378194808959904], [114.18985748291016, 22.378194808959904], [114.18985748291016, 22.37847137451189], [114.19013977050827, 22.37847137451189], [114.19013977050827, 22.37874984741211], [114.19041442871094, 22.37874984741211], [114.19041442871094, 22.3790283203125], [114.19069671630882, 22.3790283203125], [114.19069671630882, 22.379304885864258], [114.19097137451206, 22.379304885864258], [114.19097137451206, 22.37986183166504], [114.1912536621096, 22.37986183166504], [114.1912536621096, 22.380138397217024], [114.19152832031261, 22.380138397217024], [114.19152832031261, 22.380416870117415], [114.1920852661134, 22.380416870117415], [114.19209289550793, 22.380695343017805], [114.1923599243164, 22.380701065063533], [114.1923599243164, 22.381250381469954], [114.19291687011719, 22.381250381469954], [114.19291687011719, 22.381526947021598], [114.19319152832077, 22.381526947021598], [114.19319152832077, 22.382360458374308], [114.19347381591797, 22.382360458374308], [114.19347381591797, 22.382638931274528], [114.19374847412132, 22.382638931274528], [114.19374847412132, 22.382915496826115], [114.19403076171875, 22.382915496826115], [114.19403076171875, 22.383193969726506], [114.1943054199221, 22.383193969726506], [114.1943054199221, 22.383472442627067], [114.19458007812511, 22.383472442627067], [114.19458007812511, 22.383750915527457], [114.19486236572277, 22.383750915527457], [114.19486236572277, 22.38458251953125], [114.1951370239259, 22.38458251953125], [114.1951370239259, 22.385137557983626], [114.19541931152366, 22.385137557983626], [114.19541931152366, 22.385416030884016], [114.19596862792969, 22.385416030884016], [114.19596862792969, 22.38597297668457], [114.19652557373047, 22.38597297668457], [114.19652557373047, 22.38625144958496], [114.19680786132858, 22.38625144958496], [114.19680786132858, 22.386529922485522], [114.19708251953125, 22.386529922485522], [114.19708251953125, 22.387361526489315], [114.19763946533237, 22.387361526489315], [114.19763946533237, 22.38763809204113], [114.19819641113293, 22.38763809204113], [114.19819641113293, 22.38819503784191], [114.1987533569336, 22.38819503784191], [114.1987533569336, 22.38847160339367], [114.19902801513672, 22.38847160339367], [114.19902801513672, 22.38875007629423], [114.19930267333996, 22.38875007629423], [114.19930267333996, 22.38902854919445], [114.19985961914108, 22.38902854919445], [114.19985961914108, 22.389305114746037], [114.20014190673828, 22.389305114746037], [114.20014190673828, 22.38986206054699], [114.20041656494163, 22.38986206054699], [114.20041656494163, 22.390138626098633], [114.20069122314487, 22.390138626098633], [114.20069122314487, 22.390417098999023], [114.2009735107423, 22.390417098999023], [114.2009735107423, 22.391250610351733], [114.2015304565432, 22.391250610351733], [114.2015304565432, 22.39180564880394], [114.20207977294922, 22.39180564880394], [114.20207977294922, 22.392360687256087], [114.20236206054699, 22.392360687256087], [114.2023696899414, 22.392639160156477], [114.20291900634811, 22.392641067504883], [114.20291900634811, 22.39291572570812], [114.20347595214866, 22.392917633056868], [114.20347595214866, 22.393472671508846], [114.2037506103519, 22.393472671508846], [114.2037506103519, 22.39402770996105], [114.2040252685548, 22.39402770996105], [114.2040252685548, 22.3945827484132], [114.20513916015625, 22.3945827484132], [114.20513916015625, 22.39486122131359], [114.20569610595703, 22.39486122131359], [114.20569610595703, 22.39513969421415], [114.20597076416061, 22.39513969421415], [114.20597076416061, 22.395971298217944], [114.20625305175781, 22.395971298217944], [114.20625305175781, 22.39652633667015], [114.2068023681644, 22.39652633667015], [114.2068023681644, 22.397361755371094], [114.20735931396496, 22.397361755371094], [114.20735931396496, 22.397918701171875], [114.20764160156261, 22.397918701171875], [114.20764160156261, 22.39819526672386], [114.20791625976574, 22.39819526672386], [114.20791625976574, 22.398471832275447], [114.20819091796875, 22.398471832275447], [114.20819091796875, 22.398748397827262], [114.2084732055664, 22.398748397827262], [114.2084732055664, 22.399026870727653], [114.20874786376953, 22.399030685424805], [114.20874786376953, 22.399305343628043], [114.2090301513673, 22.399305343628043], [114.2090301513673, 22.399583816528377], [114.20930480957031, 22.399583816528377], [114.20930480957031, 22.399858474731445], [114.2098617553711, 22.399858474731445], [114.2098617553711, 22.400417327880973], [114.21041870117222, 22.400417327880973], [114.21041870117222, 22.40097236633312], [114.21069335937511, 22.40097236633312], [114.21069335937511, 22.401527404785156], [114.21097564697277, 22.401527404785156], [114.21097564697277, 22.401805877685547], [114.21125030517601, 22.401805877685547], [114.21125030517601, 22.402082443237305], [114.2115249633789, 22.402082443237305], [114.2115249633789, 22.40236282348627], [114.21180725097656, 22.40236282348627], [114.21180725097656, 22.402639389038086], [114.2120819091798, 22.402639389038086], [114.2120819091798, 22.40291595459007], [114.21236419677734, 22.40291595459007], [114.21236419677734, 22.403194427490234], [114.2129135131836, 22.403194427490234], [114.2129135131836, 22.403472900390625], [114.21319580078148, 22.403472900390625], [114.21319580078148, 22.40374946594261], [114.21347045898472, 22.40374946594261], [114.21347045898472, 22.404027938843], [114.21375274658214, 22.404029846191577], [114.21375274658214, 22.40430641174339], [114.21402740478527, 22.40430641174339], [114.21402740478527, 22.404584884643782], [114.21430206298851, 22.404584884643782], [114.21430206298851, 22.40486145019537], [114.21458435058594, 22.40486145019537], [114.21458435058594, 22.405138015747184], [114.21485900878906, 22.40513992309593], [114.21485900878906, 22.405416488647575], [114.21514129638683, 22.405416488647575], [114.21514129638683, 22.405693054199332], [114.21541595458984, 22.405693054199332], [114.21541595458984, 22.405971527099723], [114.21569061279342, 22.405971527099723], [114.21569061279342, 22.406078338623274], [114.21569824218795, 22.406250000000284], [114.21597290039062, 22.406250000000284], [114.21597290039062, 22.406528472900504], [114.21652984619175, 22.406528472900504], [114.21652984619175, 22.406806945800895], [114.21680450439464, 22.406806945800895], [114.21680450439464, 22.407083511352482], [114.2170867919923, 22.407083511352482], [114.2170867919923, 22.407361984253043], [114.21736145019554, 22.407361984253043], [114.21736145019554, 22.407915115356445], [114.2170867919923, 22.407915115356445], [114.2170867919923, 22.408750534057788], [114.21680450439464, 22.408750534057788], [114.21679687500011, 22.4090251922608], [114.21652984619175, 22.4090251922608], [114.21652984619175, 22.409305572509993], [114.21624755859398, 22.409305572509993], [114.2162322998048, 22.409584045410156], [114.21597290039062, 22.409584045410156], [114.21597290039062, 22.410137176513786], [114.21514129638683, 22.410140991210938], [114.21514129638683, 22.4104194641115], [114.21485900878906, 22.4104194641115], [114.21485900878906, 22.41069412231451], [114.21458435058594, 22.41069412231451], [114.21458435058594, 22.4109725952149], [114.21402740478527, 22.4109725952149], [114.21402740478527, 22.411529541015852], [114.21375274658214, 22.411529541015852], [114.21375274658214, 22.411806106567496], [114.21347045898472, 22.41180992126465], [114.21347045898472, 22.412082672119254], [114.21375274658214, 22.412082672119254], [114.21375274658214, 22.413194656372013], [114.21402740478527, 22.413194656372013], [114.21402740478527, 22.413751602172965], [114.21430206298851, 22.413751602172965], [114.21430206298851, 22.415416717529524], [114.21458435058594, 22.415416717529524], [114.21458435058594, 22.415973663330078], [114.21485900878906, 22.415973663330078], [114.21485900878906, 22.416528701782454], [114.21458435058594, 22.41653060913086], [114.21458435058594, 22.417638778686637], [114.21485900878906, 22.417640686035213], [114.21485900878906, 22.417917251587028], [114.21458435058594, 22.41792106628418], [114.21458435058594, 22.418750762939567], [114.21485900878906, 22.418750762939567], [114.21485900878906, 22.42013931274414], [114.21458435058594, 22.420141220092887], [114.21458435058594, 22.420415878296126], [114.21485900878906, 22.420415878296126], [114.21485900878906, 22.42097282409668], [114.21458435058594, 22.42097282409668], [114.21458435058594, 22.421249389648665], [114.21485900878906, 22.421249389648665], [114.21485900878906, 22.422361373901424], [114.21514129638683, 22.422361373901424], [114.21514129638683, 22.42263793945324], [114.21485900878906, 22.42263793945324], [114.21485900878906, 22.42291641235363], [114.21514129638683, 22.42291641235363], [114.21514129638683, 22.423471450805778], [114.21541595458984, 22.423471450805778], [114.21541595458984, 22.42374992370634], [114.2120819091798, 22.42374992370634], [114.2120819091798, 22.424026489257812], [114.21180725097656, 22.424030303955135], [114.21180725097656, 22.424304962158146], [114.21125030517601, 22.424304962158146], [114.21125030517601, 22.424583435058537], [114.21097564697277, 22.424583435058537], [114.2109603881836, 22.424861907959098], [114.21069335937511, 22.424861907959098], [114.21069335937511, 22.42514038085949], [114.21041870117222, 22.42514038085949], [114.21041870117222, 22.42541885376005], [114.21013641357445, 22.42541885376005], [114.21013641357445, 22.42569351196289], [114.2098617553711, 22.42569351196289], [114.20984649658237, 22.425970077514876], [114.20958709716842, 22.425970077514876], [114.20958709716842, 22.426248550415266], [114.20930480957031, 22.426248550415266], [114.20929718017578, 22.426528930664062], [114.2090301513673, 22.426528930664062], [114.2090301513673, 22.426805496216048], [114.20874786376953, 22.426805496216048], [114.20874786376953, 22.42708396911621], [114.2084732055664, 22.427089691162166], [114.2084732055664, 22.42735862731945], [114.2083511352539, 22.42735862731945], [114.20819091796875, 22.42735862731945], [114.20819091796875, 22.427640914916992], [114.20764160156261, 22.427640914916992], [114.20764160156261, 22.427917480468977], [114.20735931396496, 22.427917480468977], [114.20735931396496, 22.428194046020565], [114.20625305175781, 22.428194046020565], [114.20625305175781, 22.428472518920955], [114.20578002929733, 22.428472518920955], [114.20541381835949, 22.428472518920955], [114.20541381835949, 22.42874908447277], [114.2045822143557, 22.42874908447277], [114.2045822143557, 22.42902755737316], [114.20430755615246, 22.42902755737316], [114.20430755615246, 22.42930603027355], [114.2040252685548, 22.42930603027355], [114.2040252685548, 22.4298610687257], [114.2037506103519, 22.4298610687257], [114.2037506103519, 22.430253982544173], [114.2037506103519, 22.431249618530273], [114.20347595214866, 22.431249618530273], [114.20347595214866, 22.431528091430664], [114.20236206054699, 22.431528091430664], [114.20236206054699, 22.431804656982422], [114.20207977294922, 22.431804656982422], [114.20207977294922, 22.43263816833519], [114.20236206054699, 22.43263816833519], [114.20236206054699, 22.43291664123558], [114.20263671875, 22.43291664123558], [114.20263671875, 22.433193206787166], [114.20291900634811, 22.433193206787166], [114.20291900634811, 22.433471679687557], [114.20319366455078, 22.433471679687557], [114.20319366455078, 22.43541526794428], [114.20291900634811, 22.43541526794428], [114.20291900634811, 22.43569374084467], [114.20263671875, 22.43569374084467], [114.20263671875, 22.43597221374523], [114.20236206054699, 22.43597221374523], [114.20236206054699, 22.43625068664562], [114.20069122314487, 22.43625068664562], [114.20069122314487, 22.436527252197266], [114.19985961914108, 22.436527252197266], [114.19985961914108, 22.436805725097656], [114.19930267333996, 22.436805725097656], [114.19930267333996, 22.43708419799799], [114.19873809814464, 22.43708419799799], [114.19847106933616, 22.43708419799799], [114.19847106933616, 22.437360763549975], [114.19819641113293, 22.437360763549975], [114.19819641113293, 22.43763732910179], [114.19791412353527, 22.43763732910179], [114.19791412353527, 22.43791580200218], [114.19763946533237, 22.43791580200218], [114.19763946533237, 22.438194274902344], [114.19736480712913, 22.438194274902344], [114.19736480712913, 22.438472747802734], [114.19708251953125, 22.438472747802734], [114.19703674316406, 22.439029693603686], [114.19680786132858, 22.439029693603686], [114.19680786132858, 22.439214706421012], [114.19680786132858, 22.439859390258903], [114.19596862792969, 22.439859390258903], [114.19596862792969, 22.440141677856445], [114.1951370239259, 22.440141677856445], [114.1951370239259, 22.440416336059684], [114.19440460205112, 22.440416336059684], [114.19403076171875, 22.440416336059684], [114.19403076171875, 22.440141677856445], [114.19319152832077, 22.440141677856445], [114.19319152832077, 22.440416336059684], [114.19180297851585, 22.440416336059684], [114.19180297851585, 22.440519332885856], [114.19180297851585, 22.440694808960075], [114.19097137451206, 22.440694808960075], [114.19097137451206, 22.440416336059684], [114.19013977050827, 22.440416336059684], [114.19013977050827, 22.440141677856445], [114.18958282470714, 22.440141677856445], [114.18958282470714, 22.439859390258903], [114.18875122070335, 22.439859390258903], [114.18875122070335, 22.439582824707088], [114.18846893310558, 22.439582824707088], [114.18846893310558, 22.439859390258903], [114.18736267089844, 22.439859390258903], [114.18736267089844, 22.440141677856445], [114.18723297119152, 22.440141677856445], [114.18624877929688, 22.440141677856445], [114.18624877929688, 22.440416336059684], [114.18597412109375, 22.440416336059684], [114.18597412109375, 22.440694808960075], [114.18569183349632, 22.440694808960075], [114.18569183349632, 22.440969467163086], [114.18514251708996, 22.440969467163086], [114.18514251708996, 22.4412517547608], [114.1843032836914, 22.4412517547608], [114.1843032836914, 22.441528320312614], [114.18402862548874, 22.441528320312614], [114.18402862548874, 22.44242668151867], [114.18402862548874, 22.442916870117188], [114.1823120117192, 22.442916870117188], [114.18180847168003, 22.442916870117188], [114.18180847168003, 22.443195343017578], [114.1812515258789, 22.443195343017578], [114.1812515258789, 22.443473815917912], [114.18096923828148, 22.443473815917912], [114.18096923828148, 22.443750381469897], [114.18041992187511, 22.443750381469897], [114.18041992187511, 22.44402694702171], [114.18013763427734, 22.44405174255371], [114.18013763427734, 22.444305419922102], [114.17958068847656, 22.44436645507824], [114.17958068847656, 22.44486045837425], [114.17930603027355, 22.444915771484432], [114.17930603027355, 22.445695877075423], [114.17903137207043, 22.445695877075423], [114.17903137207043, 22.44597244262701], [114.17893218994152, 22.44597244262701], [114.17874908447277, 22.44597244262701], [114.17874908447277, 22.4462509155274], [114.17819213867222, 22.4462509155274], [114.17819213867222, 22.446804046630803], [114.17791748046898, 22.446804046630803], [114.17791748046898, 22.447097778320256], [114.17791748046898, 22.447639465332315], [114.17819213867222, 22.447639465332315], [114.17819213867222, 22.448194503784123], [114.17847442626976, 22.448194503784123], [114.17847442626976, 22.448749542236328], [114.17874908447277, 22.448749542236328], [114.17874908447277, 22.449026107788313], [114.18013763427734, 22.449026107788313], [114.18013763427734, 22.44930648803711], [114.18069458007812, 22.44930648803711], [114.18069458007812, 22.449583053588867], [114.18096923828148, 22.449583053588867], [114.18096923828148, 22.449861526489258], [114.18069458007812, 22.449861526489258], [114.18069458007812, 22.450136184692496], [114.18096923828148, 22.450136184692496], [114.18096923828148, 22.450695037842024], [114.1812515258789, 22.450695037842024], [114.1812515258789, 22.4512996673584], [114.1812515258789, 22.451805114746207], [114.18180847168003, 22.451833724975586], [114.18180847168003, 22.45208358764654], [114.18206024169922, 22.45208358764654], [114.18235778808605, 22.45208358764654], [114.18235778808605, 22.452362060546932], [114.18264007568382, 22.452362060546932], [114.18264007568382, 22.452640533447322], [114.18291473388672, 22.452629089355412], [114.18291473388672, 22.452362060546932], [114.18374633789062, 22.452362060546932], [114.18374633789062, 22.452640533447322], [114.18402862548874, 22.452615737915153], [114.18402862548874, 22.452362060546932], [114.18458557128929, 22.452362060546932], [114.18458557128929, 22.45208358764654], [114.18846893310558, 22.452077865600813], [114.18846893310558, 22.451805114746207], [114.18985748291016, 22.451805114746207], [114.18985748291016, 22.45153045654297], [114.19097137451206, 22.451526641845817], [114.19097137451206, 22.451248168945426], [114.19191741943393, 22.451248168945426], [114.1923599243164, 22.451248168945426], [114.1923599243164, 22.45113945007347], [114.1923599243164, 22.45097160339361], [114.19303131103516, 22.45097160339361], [114.19317626953148, 22.45097160339361], [114.19347381591797, 22.45097160339361], [114.19347381591797, 22.450695037842024], [114.19374847412132, 22.450695037842024], [114.19374847412132, 22.451248168945426], [114.19458007812511, 22.451248168945426], [114.19458007812511, 22.45153045654297], [114.1951370239259, 22.45153045654297], [114.1951370239259, 22.451805114746207], [114.19569396972656, 22.451805114746207], [114.19569396972656, 22.45208358764654], [114.19652557373047, 22.45208358764654], [114.19652557373047, 22.452362060546932], [114.19736480712913, 22.452362060546932], [114.19736480712913, 22.452640533447322], [114.19763946533237, 22.452640533447322], [114.19763946533237, 22.452917098999137], [114.19791412353527, 22.452917098999137], [114.19791412353527, 22.453193664550724], [114.19819641113293, 22.453193664550724], [114.19819641113293, 22.45347023010254], [114.1987533569336, 22.45347023010254], [114.1987533569336, 22.45402717590332], [114.19902801513672, 22.45402717590332], [114.19902801513672, 22.455415725708235], [114.1987533569336, 22.455415725708235], [114.1987533569336, 22.456806182861555], [114.19902801513672, 22.456806182861555], [114.19902801513672, 22.457082748413143], [114.19930267333996, 22.457082748413143], [114.19930267333996, 22.457361221313533], [114.1995849609375, 22.457361221313533], [114.1995849609375, 22.457639694214095], [114.19985961914108, 22.457639694214095], [114.19985961914108, 22.45791625976574], [114.20041656494163, 22.45791625976574], [114.20041656494163, 22.45902824401867], [114.20124816894543, 22.45902824401867], [114.20124816894543, 22.459304809570256], [114.20236206054699, 22.459304809570256], [114.20236206054699, 22.45874977111845], [114.20263671875, 22.45874977111845], [114.20263671875, 22.45791625976574], [114.20347595214866, 22.45791625976574], [114.20347595214866, 22.457639694214095], [114.2040252685548, 22.457639694214095], [114.2040252685548, 22.457361221313533], [114.20430755615246, 22.457361221313533], [114.20430755615246, 22.457082748413143], [114.20486450195324, 22.457082748413143], [114.20486450195324, 22.456806182861555], [114.20541381835949, 22.456806182861555], [114.20541381835949, 22.456527709961165], [114.20764160156261, 22.456527709961165], [114.20764160156261, 22.456249237060774], [114.20791625976574, 22.456249237060774], [114.20791625976574, 22.45597267150879], [114.20819091796875, 22.45597267150879], [114.20819091796875, 22.455415725708235], [114.2068023681644, 22.455415725708235], [114.2068023681644, 22.45513916015625], [114.20569610595703, 22.45513916015625], [114.20569610595703, 22.454862594604435], [114.20541381835949, 22.454862594604435], [114.20541381835949, 22.453750610351676], [114.20513916015625, 22.453750610351676], [114.20513916015625, 22.45347023010254], [114.20541381835949, 22.45347023010254], [114.20541381835949, 22.452917098999137], [114.20569610595703, 22.452917098999137], [114.20569610595703, 22.45208358764654], [114.20597076416061, 22.45208358764654], [114.20597076416061, 22.451805114746207], [114.20791625976574, 22.451805114746207], [114.20791625976574, 22.45208358764654], [114.2090301513673, 22.45208358764654], [114.2090301513673, 22.452362060546932], [114.20958709716842, 22.452362060546932], [114.20958709716842, 22.452640533447322], [114.21069335937511, 22.452640533447322], [114.21069335937511, 22.452362060546932], [114.21125030517601, 22.452362060546932], [114.21125030517601, 22.451248168945426], [114.21097564697277, 22.451248168945426], [114.21097564697277, 22.450885772705305], [114.21097564697277, 22.450695037842024], [114.21083068847656, 22.450695037842024], [114.21041870117222, 22.450695037842024], [114.21041870117222, 22.450416564941634], [114.2098617553711, 22.450416564941634], [114.2098617553711, 22.450136184692496], [114.20958709716842, 22.450136184692496], [114.20958709716842, 22.449861526489258], [114.2098617553711, 22.449861526489258], [114.2098617553711, 22.44930648803711], [114.21013641357445, 22.44930648803711], [114.21013641357445, 22.449026107788313], [114.21069335937511, 22.449026107788313], [114.21069335937511, 22.448749542236328], [114.21097564697277, 22.448749542236328], [114.21097564697277, 22.449026107788313], [114.2115249633789, 22.449026107788313], [114.2115249633789, 22.448749542236328], [114.21485900878906, 22.448749542236328], [114.21485900878906, 22.448472976684513], [114.21514129638683, 22.448472976684513], [114.21514129638683, 22.447914123535156], [114.21541595458984, 22.447914123535156], [114.21541595458984, 22.447639465332315], [114.21569824218795, 22.447639465332315], [114.21569824218795, 22.447360992431754], [114.21597290039062, 22.447360992431754], [114.21597290039062, 22.447082519531364], [114.21624755859398, 22.447082519531364], [114.21624755859398, 22.446804046630803], [114.21680450439464, 22.446804046630803], [114.21680450439464, 22.447082519531364], [114.21736145019554, 22.447082519531364], [114.21736145019554, 22.447639465332315], [114.21763610839844, 22.447639465332315], [114.21763610839844, 22.448472976684513], [114.21736145019554, 22.448472976684513], [114.21736145019554, 22.449026107788313], [114.2170867919923, 22.449026107788313], [114.2170867919923, 22.44930648803711], [114.21847534179688, 22.44930648803711], [114.21847534179688, 22.449026107788313], [114.21902465820312, 22.449026107788313], [114.21902465820312, 22.448749542236328], [114.22069549560558, 22.448749542236328], [114.22069549560558, 22.448472976684513], [114.2209701538086, 22.448472976684513], [114.2209701538086, 22.448749542236328], [114.22125244140625, 22.448749542236328], [114.22125244140625, 22.449026107788313], [114.22152709960938, 22.449026107788313], [114.22152709960938, 22.449583053588867], [114.22208404541016, 22.449583053588867], [114.22208404541016, 22.449861526489258], [114.22180175781295, 22.449861526489258], [114.22180175781295, 22.450416564941634], [114.22152709960938, 22.450416564941634], [114.22152709960938, 22.450695037842024], [114.22069549560558, 22.450695037842024], [114.22069549560558, 22.45097160339361], [114.2201385498048, 22.450979232788143], [114.2201385498048, 22.451248168945426], [114.21997833251953, 22.451248168945426], [114.21930694580101, 22.451248168945426], [114.21930694580101, 22.45153045654297], [114.21875000000045, 22.45153045654297], [114.21875000000045, 22.451805114746207], [114.2179183959961, 22.451805114746207], [114.2179183959961, 22.45208358764654], [114.21736145019554, 22.45208358764654], [114.21736145019554, 22.45224761962885], [114.21736145019554, 22.45235824584961], [114.21679687500011, 22.452396392822266], [114.21652984619175, 22.45241355895996], [114.21652984619175, 22.452640533447322], [114.21624755859398, 22.452640533447322], [114.21624755859398, 22.452917098999137], [114.21569824218795, 22.452917098999137], [114.21569061279342, 22.453193664550724], [114.21541595458984, 22.453193664550724], [114.21541595458984, 22.45347023010254], [114.21514129638683, 22.45347023010254], [114.21514129638683, 22.45402717590332], [114.2154464721682, 22.45402717590332], [114.21569061279342, 22.45402717590332], [114.21569824218795, 22.45430564880371], [114.21597290039062, 22.45430564880371], [114.21597290039062, 22.454584121704045], [114.21624755859398, 22.454584121704045], [114.21624755859398, 22.454862594604435], [114.21652984619175, 22.454862594604435], [114.21652984619175, 22.455415725708235], [114.21680450439464, 22.45541763305664], [114.21680450439464, 22.4556941986084], [114.21736145019554, 22.4556941986084], [114.21736145019554, 22.45597267150879], [114.21763610839844, 22.45597267150879], [114.21763610839844, 22.4556941986084], [114.21847534179688, 22.4556941986084], [114.21847534179688, 22.45513916015625], [114.21875000000045, 22.45513916015625], [114.21875000000045, 22.45347023010254], [114.21930694580101, 22.45347023010254], [114.21930694580101, 22.453193664550724], [114.2201385498048, 22.453193664550724], [114.2201385498048, 22.452917098999137], [114.22180175781295, 22.452917098999137], [114.22180175781295, 22.453193664550724], [114.22319793701206, 22.453193664550724], [114.22319793701206, 22.45347023010254], [114.22430419921875, 22.45347023010254], [114.22430419921875, 22.454862594604435], [114.22319793701206, 22.454862594604435], [114.22319793701206, 22.454584121704045], [114.22208404541016, 22.454584121704045], [114.22208404541016, 22.454862594604435], [114.22125244140625, 22.454862594604435], [114.22125244140625, 22.45513916015625], [114.22069549560558, 22.45513916015625], [114.22069549560558, 22.455415725708235], [114.22041320800804, 22.455415725708235], [114.22041320800804, 22.4556941986084], [114.2201385498048, 22.4556941986084], [114.2201385498048, 22.45597267150879], [114.21986389160179, 22.45597267150879], [114.21986389160179, 22.456249237060774], [114.21958160400425, 22.456249237060774], [114.21958160400425, 22.456527709961165], [114.21930694580101, 22.456527709961165], [114.21930694580101, 22.456806182861555], [114.21902465820312, 22.456806182861555], [114.21902465820312, 22.457082748413143], [114.21875000000045, 22.457082748413143], [114.21875000000045, 22.457361221313533], [114.2170867919923, 22.457361221313533], [114.2170867919923, 22.457639694214095], [114.21624755859398, 22.457639694214095], [114.21624755859398, 22.457361221313533], [114.21514129638683, 22.457361221313533], [114.21514129638683, 22.457639694214095], [114.21458435058594, 22.457639694214095], [114.21458435058594, 22.45819473266613], [114.213623046875, 22.45819473266613], [114.21347045898472, 22.45819473266613], [114.21347045898472, 22.45791625976574], [114.2120819091798, 22.45791625976574], [114.2120819091798, 22.45819473266613], [114.21125030517601, 22.45819473266613], [114.21125030517601, 22.458471298217887], [114.21069335937511, 22.458471298217887], [114.21069335937511, 22.45874977111845], [114.2098617553711, 22.45874977111845], [114.2098617553711, 22.45902824401867], [114.20930480957031, 22.45902824401867], [114.20930480957031, 22.459304809570256], [114.2090301513673, 22.459304809570256], [114.2090301513673, 22.459861755371207], [114.20874786376953, 22.459861755371207], [114.20874786376953, 22.461526870727766], [114.2090301513673, 22.461526870727766], [114.2090301513673, 22.462638854980696], [114.20930480957031, 22.462638854980696], [114.20930480957031, 22.463472366333065], [114.20958709716842, 22.463472366333065], [114.20958709716842, 22.46430587768566], [114.2098617553711, 22.46430587768566], [114.2098617553711, 22.46458244323742], [114.20958709716842, 22.46458244323742], [114.20958709716842, 22.46486091613781], [114.20930480957031, 22.46486091613781], [114.20930480957031, 22.46652984619152], [114.20958709716842, 22.46652984619152], [114.20958709716842, 22.467361450195312], [114.2098617553711, 22.467361450195312], [114.2098617553711, 22.467639923095874], [114.21013641357445, 22.467639923095874], [114.21013641357445, 22.46791648864769], [114.21041870117222, 22.46791648864769], [114.21041870117222, 22.468751907348633], [114.21069335937511, 22.468751907348633], [114.21069335937511, 22.469305038452262], [114.21125030517601, 22.469305038452262], [114.21125030517601, 22.469583511352596], [114.2115249633789, 22.469583511352596], [114.2115249633789, 22.46986389160179], [114.2120819091798, 22.46986389160179], [114.2120819091798, 22.4701385498048], [114.2129135131836, 22.4701385498048], [114.2129135131836, 22.47069358825678], [114.21319580078148, 22.47069358825678], [114.21319580078148, 22.47097206115734], [114.21347045898472, 22.47097206115734], [114.21347045898472, 22.471527099609375], [114.21375274658214, 22.471527099609375], [114.21375274658214, 22.472085952758903], [114.21512603759811, 22.472085952758903], [114.21569824218795, 22.472085952758903], [114.21569824218795, 22.471527099609375], [114.2158203125, 22.471527099609375], [114.21624755859398, 22.471527099609375], [114.21624755859398, 22.47125053405773], [114.21652984619175, 22.47125053405773], [114.21652984619175, 22.470941543579215], [114.21652984619175, 22.470417022705192], [114.21680450439464, 22.470417022705192], [114.21680450439464, 22.469028472900618], [114.2170867919923, 22.469028472900618], [114.2170867919923, 22.467639923095874], [114.2179183959961, 22.467639923095874], [114.2179183959961, 22.46791648864769], [114.21819305419933, 22.46791648864769], [114.21819305419933, 22.467639923095874], [114.21875000000045, 22.467639923095874], [114.21875000000045, 22.467361450195312], [114.21930694580101, 22.467361450195312], [114.21930694580101, 22.467639923095874], [114.21958160400425, 22.467639923095874], [114.21958160400425, 22.467361450195312], [114.21986389160179, 22.467361450195312], [114.21986389160179, 22.467639923095874], [114.22152709960938, 22.467639923095874], [114.22152709960938, 22.46791648864769], [114.22291564941429, 22.46791648864769], [114.22291564941429, 22.46819496154808], [114.22374725341808, 22.46819496154808], [114.22374725341808, 22.46846961975109], [114.22402954101585, 22.46846961975109], [114.22402954101585, 22.468751907348633], [114.22430419921875, 22.468751907348633], [114.22430419921875, 22.469028472900618], [114.2245864868164, 22.469028472900618], [114.2245864868164, 22.469305038452262], [114.22486114501964, 22.469305038452262], [114.22486114501964, 22.46986389160179], [114.22541809082077, 22.46986389160179], [114.22541809082077, 22.4701385498048], [114.22569274902344, 22.4701385498048], [114.22569274902344, 22.470417022705192], [114.22597503662132, 22.470417022705192], [114.22597503662132, 22.47069358825678], [114.22680664062511, 22.47069358825678], [114.22680664062511, 22.47097206115734], [114.2276382446289, 22.47097206115734], [114.2276382446289, 22.47125053405773], [114.22846984863327, 22.47125053405773], [114.22846984863327, 22.471527099609375], [114.22958374023449, 22.471527099609375], [114.22958374023449, 22.471635818481673], [114.22958374023449, 22.471805572509766], [114.23041534423828, 22.471805572509766], [114.23041534423828, 22.471527099609375], [114.23069763183594, 22.471527099609375], [114.23069763183594, 22.471805572509766], [114.23097229003918, 22.471805572509766], [114.23097229003918, 22.471527099609375], [114.23124694824219, 22.471527099609375], [114.23124694824219, 22.47125053405773], [114.23180389404297, 22.47125053405773], [114.23180389404297, 22.47069358825678], [114.23208618164085, 22.47069358825678], [114.23208618164085, 22.4701385498048], [114.23236083984409, 22.4701385498048], [114.23236083984409, 22.46858215332037], [114.23236083984409, 22.46819496154808], [114.23263549804699, 22.46819496154808], [114.23263549804699, 22.46791648864769], [114.23291778564464, 22.46791648864769], [114.23291778564464, 22.467639923095874], [114.23393249511719, 22.467639923095874], [114.23430633544922, 22.467639923095874], [114.23430633544922, 22.467361450195312], [114.23439788818371, 22.467361450195312], [114.2345809936528, 22.467361450195312], [114.2345809936528, 22.467081069946516], [114.23486328125, 22.467081069946516], [114.23486328125, 22.466806411743164], [114.23513793945335, 22.466806411743164], [114.23513793945335, 22.46652984619152], [114.23542022705078, 22.46652984619152], [114.23542022705078, 22.46625137329113], [114.23569488525413, 22.46625137329113], [114.23569488525413, 22.465972900390568], [114.23596954345714, 22.465972900390568], [114.23596954345714, 22.465694427490178], [114.2362518310548, 22.465694427490178], [114.2362518310548, 22.465415954589844], [114.23652648925793, 22.465415954589844], [114.23652648925793, 22.465137481689453], [114.2370834350586, 22.465137481689453], [114.2370834350586, 22.46486091613781], [114.23735809326172, 22.46486091613781], [114.23735809326172, 22.46458244323742], [114.23764038085949, 22.46458244323742], [114.23764038085949, 22.46430587768566], [114.2379150390625, 22.46430587768566], [114.2379150390625, 22.46402740478527], [114.23819732666061, 22.46402740478527], [114.23819732666061, 22.463750839233455], [114.23847198486328, 22.463750839233455], [114.23847198486328, 22.463472366333065], [114.23874664306663, 22.463472366333065], [114.23874664306663, 22.463193893432674], [114.2390289306644, 22.463193893432674], [114.2390289306644, 22.46291542053234], [114.2393035888673, 22.46291542053234], [114.2393035888673, 22.462638854980696], [114.23958587646496, 22.462638854980696], [114.23958587646496, 22.462360382080305], [114.2398605346682, 22.462360382080305], [114.2398605346682, 22.46208381652832], [114.2401351928711, 22.46208381652832], [114.2401351928711, 22.461805343628157], [114.24041748046875, 22.461805343628157], [114.24041748046875, 22.461526870727766], [114.24069213867199, 22.461526870727766], [114.24069213867199, 22.461250305175952], [114.24097442626953, 22.461250305175952], [114.24097442626953, 22.46097183227539], [114.24124908447311, 22.46097183227539], [114.24124908447311, 22.460695266723633], [114.24153137207031, 22.460695266723633], [114.24153137207031, 22.460416793823242], [114.24180603027366, 22.460416793823242], [114.24180603027366, 22.46013832092285], [114.2420806884769, 22.46013832092285], [114.2420806884769, 22.459861755371207], [114.24236297607433, 22.459861755371207], [114.24236297607433, 22.459583282470646], [114.24263763427746, 22.459583282470646], [114.24263763427746, 22.459304809570256], [114.24291992187523, 22.459304809570256], [114.24291992187523, 22.45902824401867], [114.24319458007812, 22.45902824401867], [114.24319458007812, 22.45874977111845], [114.24346923828125, 22.45874977111845], [114.24346923828125, 22.458471298217887], [114.24375152587902, 22.458471298217887], [114.24375152587902, 22.45819473266613], [114.24402618408203, 22.45819473266613], [114.24402618408203, 22.45791625976574], [114.24430847168014, 22.45791625976574], [114.24430847168014, 22.457639694214095], [114.24458312988281, 22.457639694214095], [114.24458312988281, 22.457361221313533], [114.24485778808616, 22.457361221313533], [114.24485778808616, 22.457082748413143], [114.24514007568393, 22.457082748413143], [114.24514007568393, 22.456806182861555], [114.24541473388683, 22.456806182861555], [114.24541473388683, 22.456527709961165], [114.24597167968773, 22.456527709961165], [114.24597167968773, 22.456249237060774], [114.24624633789062, 22.456249237060774], [114.24624633789062, 22.45597267150879], [114.24652862548828, 22.45597267150879], [114.24652862548828, 22.4556941986084], [114.24680328369152, 22.4556941986084], [114.24680328369152, 22.45541763305664], [114.24708557128906, 22.455415725708235], [114.24708557128906, 22.45513916015625], [114.24736022949264, 22.45513916015625], [114.24736022949264, 22.45440673828125], [114.24736022949264, 22.45430564880371], [114.24652862548828, 22.45430564880371], [114.24652862548828, 22.45402717590332], [114.24680328369152, 22.45402717590332], [114.24680328369152, 22.453750610351676], [114.24652862548828, 22.453750610351676], [114.24652862548828, 22.451805114746207], [114.24680328369152, 22.451805114746207], [114.24680328369152, 22.451248168945426], [114.24652862548828, 22.451248168945426], [114.24652862548828, 22.449861526489258], [114.24708557128906, 22.449861526489258], [114.24708557128906, 22.450136184692496], [114.24736022949264, 22.450136184692496], [114.24736022949264, 22.450695037842024], [114.24764251708984, 22.450695037842024], [114.24764251708984, 22.45097160339361], [114.2479171752932, 22.45097160339361], [114.2479171752932, 22.451248168945426], [114.24819183349643, 22.451248168945426], [114.24819183349643, 22.45153045654297], [114.24847412109398, 22.45153045654297], [114.24847412109398, 22.451805114746207], [114.24903106689464, 22.451805114746207], [114.24903106689464, 22.45208358764654], [114.24930572509777, 22.45208358764654], [114.24930572509777, 22.452362060546932], [114.24958038330078, 22.452362060546932], [114.24958038330078, 22.45208358764654], [114.24986267089844, 22.45208358764654], [114.24986267089844, 22.452362060546932], [114.25069427490234, 22.452362060546932], [114.25069427490234, 22.453193664550724], [114.2509689331057, 22.453193664550724], [114.2509689331057, 22.45334243774414], [114.2509689331057, 22.45347023010254], [114.25122833251964, 22.45347023010254], [114.25208282470714, 22.45347023010254], [114.25208282470714, 22.453750610351676], [114.2527847290039, 22.453750610351676], [114.25375366210938, 22.453750610351676], [114.25375366210938, 22.45347023010254], [114.25402832031295, 22.45347023010254], [114.25402832031295, 22.453193664550724], [114.25430297851562, 22.453193664550724], [114.25430297851562, 22.452640533447322], [114.25458526611351, 22.452640533447322], [114.25458526611351, 22.452917098999137], [114.25485992431675, 22.452917098999137], [114.25485992431675, 22.453193664550724], [114.2554168701173, 22.453193664550724], [114.2554168701173, 22.45347023010254], [114.25569152832054, 22.45347023010254], [114.25569152832054, 22.453750610351676], [114.2562484741211, 22.453750610351676], [114.2562484741211, 22.45402717590332], [114.25653076171886, 22.45402717590332], [114.25653076171886, 22.454145431518725], [114.25653076171886, 22.45430564880371], [114.25708007812545, 22.45430564880371], [114.25708007812545, 22.454862594604435], [114.25736236572266, 22.454862594604435], [114.25736236572266, 22.45513916015625], [114.25763702392601, 22.45513916015625], [114.25763702392601, 22.455415725708235], [114.2578582763673, 22.455415725708235], [114.25819396972668, 22.45541763305664], [114.25819396972668, 22.45557785034174], [114.25819396972668, 22.4556941986084], [114.2584686279298, 22.4556941986084], [114.2584686279298, 22.45597267150879], [114.25875091552757, 22.45597267150879], [114.25875091552757, 22.456527709961165], [114.25902557373047, 22.456527709961165], [114.25902557373047, 22.456806182861555], [114.25930786132812, 22.456806182861555], [114.25930786132812, 22.457361221313533], [114.25958251953136, 22.457361221313533], [114.25958251953136, 22.457639694214095], [114.2598648071289, 22.457639694214095], [114.2598648071289, 22.45791625976574], [114.26013946533249, 22.45791625976574], [114.26013946533249, 22.45819473266613], [114.26041412353516, 22.45819473266613], [114.26041412353516, 22.45874977111845], [114.26069641113304, 22.45874977111845], [114.26069641113304, 22.45902824401867], [114.26097106933628, 22.45902824401867], [114.26097106933628, 22.459583282470646], [114.26125335693382, 22.459583282470646], [114.26125335693382, 22.46013832092285], [114.26180267334007, 22.46013832092285], [114.26180267334007, 22.460695266723633], [114.26208496093761, 22.460695266723633], [114.26208496093761, 22.46097183227539], [114.26234436035156, 22.46097183227539], [114.26264190673828, 22.46097183227539], [114.26264190673828, 22.461526870727766], [114.26319122314499, 22.461526870727766], [114.26319122314499, 22.461805343628157], [114.26347351074219, 22.461805343628157], [114.26347351074219, 22.46208381652832], [114.26403045654297, 22.46208381652832], [114.26403045654297, 22.462360382080305], [114.26457977294933, 22.462360382080305], [114.26457977294933, 22.462638854980696], [114.26569366455078, 22.462638854980696], [114.26569366455078, 22.46291542053234], [114.26597595214844, 22.46291542053234], [114.26597595214844, 22.463193893432674], [114.26652526855469, 22.463193893432674], [114.26652526855469, 22.463750839233455], [114.26708221435547, 22.463750839233455], [114.26708221435547, 22.46430587768566], [114.26736450195335, 22.46430587768566], [114.26736450195335, 22.46458244323742], [114.26791381835949, 22.46458244323742], [114.26791381835949, 22.46486091613781], [114.26847076416038, 22.46486091613781], [114.26847076416038, 22.465137481689453], [114.26930236816418, 22.465137481689453], [114.26930236816418, 22.465415954589844], [114.2698593139653, 22.465415954589844], [114.2698593139653, 22.465694427490178], [114.27069091796909, 22.465694427490178], [114.27069091796909, 22.465972900390568], [114.27097320556652, 22.465972900390568], [114.27097320556652, 22.46625137329113], [114.27180480957031, 22.46625137329113], [114.27180480957031, 22.46652984619152], [114.27236175537121, 22.46652984619152], [114.27236175537121, 22.466806411743164], [114.27291870117233, 22.466806411743164], [114.27291870117233, 22.467081069946516], [114.27347564697288, 22.467081069946516], [114.27347564697288, 22.467361450195312], [114.27375030517612, 22.467361450195312], [114.27375030517612, 22.467639923095874], [114.27402496337902, 22.467639923095874], [114.27402496337902, 22.46819496154808], [114.27430725097668, 22.46819496154808], [114.27430725097668, 22.468751907348633], [114.27402496337902, 22.468751907348633], [114.27402496337902, 22.46846961975109], [114.27291870117233, 22.46846961975109], [114.27291870117233, 22.468751907348633], [114.27208709716797, 22.468751907348633], [114.27208709716797, 22.469028472900618], [114.27236175537121, 22.469028472900618], [114.27236175537121, 22.469305038452262], [114.27263641357422, 22.469305038452262], [114.27263641357422, 22.469583511352596], [114.27291870117233, 22.469583511352596], [114.27291870117233, 22.4701385498048], [114.273193359375, 22.4701385498048], [114.273193359375, 22.470417022705192], [114.27347564697288, 22.470417022705192], [114.27347564697288, 22.47069358825678], [114.27458190917991, 22.47069358825678], [114.27458190917991, 22.47097206115734], [114.27513885498047, 22.47097206115734], [114.27513885498047, 22.47125053405773], [114.27625274658203, 22.47125053405773], [114.27625274658203, 22.47097206115734], [114.27764129638683, 22.47097206115734], [114.27764129638683, 22.47069358825678], [114.27819824218773, 22.47069358825678], [114.27819824218773, 22.470417022705192], [114.28013610839866, 22.470417022705192], [114.28013610839866, 22.47069358825678], [114.28069305419933, 22.47069358825678], [114.28069305419933, 22.47097206115734], [114.28125000000023, 22.47097206115734], [114.28125000000023, 22.47125053405773], [114.28180694580078, 22.47125053405773], [114.28180694580078, 22.471527099609375], [114.28208160400402, 22.471527099609375], [114.28208160400402, 22.471805572509766], [114.2831954956057, 22.471805572509766], [114.2831954956057, 22.472085952758903], [114.28375244140636, 22.472085952758903], [114.28375244140636, 22.472360610962085], [114.28402709960949, 22.472360610962085], [114.28402709960949, 22.47276115417492], [114.28402709960949, 22.472917556762695], [114.28458404541016, 22.472934722900334], [114.28458404541016, 22.473194122314453], [114.28484344482422, 22.473194122314453], [114.28514099121105, 22.473194122314453], [114.28514099121105, 22.473472595214844], [114.28680419921886, 22.473472595214844], [114.28680419921886, 22.47374916076683], [114.28763580322266, 22.47374916076683], [114.28763580322266, 22.47402763366722], [114.28819274902355, 22.47402763366722], [114.28819274902355, 22.474304199218807], [114.2884750366211, 22.474304199218807], [114.2884750366211, 22.47402763366722], [114.28874969482467, 22.47402763366722], [114.28874969482467, 22.474304199218807], [114.28986358642601, 22.474304199218807], [114.28986358642601, 22.474582672119197], [114.29041290283226, 22.474582672119197], [114.29041290283226, 22.47513961792015], [114.29180908203136, 22.47513961792015], [114.29180908203136, 22.475416183471793], [114.29235839843773, 22.475416183471793], [114.29235839843773, 22.475694656372184], [114.29291534423851, 22.475694656372184], [114.29291534423851, 22.475973129272518], [114.29347229003918, 22.475973129272518], [114.29347229003918, 22.476526260375977], [114.2937469482423, 22.476526260375977], [114.2937469482423, 22.47680473327631], [114.29402923584007, 22.47680473327631], [114.29402923584007, 22.477361679077262], [114.29430389404297, 22.477361679077262], [114.29430389404297, 22.477603912353743], [114.29430389404297, 22.477916717529297], [114.29458618164062, 22.477916717529297], [114.29458618164062, 22.478195190429688], [114.29486083984386, 22.47825050354004], [114.29486083984386, 22.478471755981445], [114.29502868652366, 22.478471755981445], [114.29541778564499, 22.478471755981445], [114.29541778564499, 22.47874832153343], [114.29597473144554, 22.47874832153343], [114.29597473144554, 22.478471755981445], [114.29652404785168, 22.478471755981445], [114.29652404785168, 22.47874832153343], [114.29708099365257, 22.47874832153343], [114.29708099365257, 22.479030609130973], [114.29902648925804, 22.479030609130973], [114.29902648925804, 22.47930526733421], [114.29985809326183, 22.47930526733421], [114.29985809326183, 22.479583740234375], [114.3001403808596, 22.479583740234375], [114.3001403808596, 22.479858398437614], [114.3004150390625, 22.479858398437614], [114.3004150390625, 22.47999572753929], [114.3004150390625, 22.480140686035156], [114.30069732666016, 22.480140686035156], [114.30069732666016, 22.48041725158714], [114.3012466430664, 22.48041725158714], [114.3012466430664, 22.48069381713873], [114.30180358886719, 22.48069381713873], [114.30180358886719, 22.48097229003912], [114.30236053466831, 22.48097229003912], [114.30236053466831, 22.481252670288086], [114.30291748046886, 22.481252670288086], [114.30291748046886, 22.481527328491325], [114.30347442626964, 22.481527328491325], [114.30347442626964, 22.481805801391715], [114.30374908447266, 22.481805801391715], [114.30374908447266, 22.482084274292106], [114.30486297607422, 22.482084274292106], [114.30486297607422, 22.482175827026367], [114.30486297607422, 22.48236274719244], [114.30513763427757, 22.48236274719244], [114.30513763427757, 22.482084274292106], [114.30569458007835, 22.482084274292106], [114.30569458007835, 22.48236274719244], [114.30625152587902, 22.48236274719244], [114.30625152587902, 22.482639312744425], [114.30652618408214, 22.482639312744425], [114.30652618408214, 22.4829158782959], [114.30708312988281, 22.4829158782959], [114.30708312988281, 22.483194351196232], [114.30764007568371, 22.483194351196232], [114.30764007568371, 22.483364105224666], [114.30764007568371, 22.483472824096623], [114.30791473388672, 22.483472824096623], [114.30791473388672, 22.484027862548828], [114.3084716796875, 22.484027862548828], [114.3084716796875, 22.48430633544922], [114.30902862548862, 22.48430633544922], [114.30902862548862, 22.48458480834961], [114.30930328369152, 22.48458480834961], [114.30930328369152, 22.485416412353743], [114.30902862548862, 22.485416412353743], [114.30902862548862, 22.485694885254134], [114.3084716796875, 22.485694885254134], [114.3084716796875, 22.48597145080572], [114.30819702148483, 22.48597145080572], [114.30819702148483, 22.486249923706282], [114.30791473388672, 22.486249923706282], [114.30791473388672, 22.486528396606673], [114.30819702148483, 22.486528396606673], [114.30819702148483, 22.48736190795904], [114.30874633789085, 22.48736190795904], [114.30874633789085, 22.487916946411246], [114.30902862548862, 22.487916946411246], [114.30902862548862, 22.488193511962834], [114.30958557128918, 22.488195419311637], [114.30958557128918, 22.488471984863395], [114.3104248046875, 22.488471984863395], [114.3106613159182, 22.488471984863395], [114.31153106689453, 22.488471984863395], [114.31153106689453, 22.488195419311637], [114.31208038330112, 22.488193511962834], [114.31208038330112, 22.487916946411246], [114.31236267089855, 22.487916946411246], [114.31236267089855, 22.487638473510856], [114.31319427490234, 22.487638473510856], [114.31319427490234, 22.487916946411246], [114.31346893310547, 22.487916946411246], [114.31346893310547, 22.488193511962834], [114.31402587890625, 22.488195419311637], [114.31402587890625, 22.488471984863395], [114.31458282470703, 22.488471984863395], [114.31458282470703, 22.488750457763786], [114.31513977050815, 22.488750457763786], [114.31513977050815, 22.489025115966797], [114.31541442871105, 22.489025115966797], [114.31541442871105, 22.48930549621582], [114.31569671630871, 22.48930549621582], [114.31569671630871, 22.489583969116154], [114.31597137451195, 22.489583969116154], [114.31597137451195, 22.490137100219954], [114.31625366210949, 22.490137100219954], [114.31625366210949, 22.490694046020508], [114.3165283203125, 22.490694046020508], [114.31655883789074, 22.4909725189209], [114.31680297851574, 22.4909725189209], [114.31680297851574, 22.491069793701172], [114.31680297851574, 22.491247177124137], [114.31708526611328, 22.491247177124137], [114.31708526611328, 22.491527557373274], [114.31819152832065, 22.491527557373274], [114.31819152832065, 22.49162483215349], [114.31819152832065, 22.49180793762207], [114.3184738159182, 22.49180793762207], [114.3184738159182, 22.492082595825252], [114.31874847412121, 22.492082595825252], [114.31874847412121, 22.492359161377067], [114.31903076171886, 22.492359161377067], [114.31903076171886, 22.492637634277457], [114.31930541992199, 22.492637634277457], [114.31930541992199, 22.492916107177848], [114.319580078125, 22.492916107177848], [114.319580078125, 22.493473052978572], [114.31986236572266, 22.493473052978572], [114.31986236572266, 22.494304656982365], [114.32041931152355, 22.494304656982365], [114.32041931152355, 22.494583129882756], [114.32069396972656, 22.494583129882756], [114.32069396972656, 22.494861602783317], [114.32125091552734, 22.494861602783317], [114.32125091552734, 22.49513816833496], [114.3215255737307, 22.49513816833496], [114.3215255737307, 22.49541664123535], [114.32180786132847, 22.49541664123535], [114.32180786132847, 22.495695114135742], [114.32208251953136, 22.495695114135742], [114.32208251953136, 22.49625015258806], [114.32236480712902, 22.49625015258806], [114.32236480712902, 22.49652862548828], [114.32263946533226, 22.49652862548828], [114.32263946533226, 22.496805191040266], [114.32319641113281, 22.496805191040266], [114.32319641113281, 22.49708366394043], [114.32347106933605, 22.49708366394043], [114.32347106933605, 22.497638702392805], [114.3237533569336, 22.497638702392805], [114.3237533569336, 22.497917175293196], [114.32402801513717, 22.497917175293196], [114.32402801513717, 22.498073577880973], [114.32402801513717, 22.498193740844783], [114.32430267333984, 22.498193740844783], [114.32430267333984, 22.498472213745174], [114.32458496093773, 22.498472213745174], [114.32458496093773, 22.498750686645565], [114.32485961914097, 22.498750686645565], [114.32485961914097, 22.49930572509777], [114.3251419067384, 22.49930572509777], [114.3251419067384, 22.49958419799816], [114.32541656494152, 22.49958419799816], [114.32541656494152, 22.49986076354992], [114.32653045654308, 22.49986076354992], [114.32653045654308, 22.50013923645048], [114.32707977294967, 22.50013923645048], [114.32707977294967, 22.500415802001953], [114.32736206054688, 22.500415802001953], [114.32736206054688, 22.500694274902287], [114.32763671875023, 22.500694274902287], [114.32763671875023, 22.500972747802678], [114.327919006348, 22.500972747802678], [114.327919006348, 22.501249313354492], [114.3281936645509, 22.501249313354492], [114.3281936645509, 22.501527786254883], [114.32875061035179, 22.501527786254883], [114.32875061035179, 22.501806259155273], [114.32902526855469, 22.501806259155273], [114.32902526855469, 22.50208282470703], [114.32930755615234, 22.50208282470703], [114.32930755615234, 22.502361297607422], [114.32958221435558, 22.502361297607422], [114.32958221435558, 22.502639770507983], [114.32986450195312, 22.502639770507983], [114.32986450195312, 22.502916336059798], [114.3309707641605, 22.502916336059798], [114.3309707641605, 22.50319480896019], [114.33125305175804, 22.50319480896019], [114.33125305175804, 22.503471374511776], [114.33152770996105, 22.503471374511776], [114.33152770996105, 22.503749847412337], [114.33180236816429, 22.503749847412337], [114.33180236816429, 22.50402641296398], [114.33235931396484, 22.50402641296398], [114.33235931396484, 22.50430488586437], [114.3326416015625, 22.50430488586437], [114.3326416015625, 22.504583358764705], [114.3331909179692, 22.504583358764705], [114.3331909179692, 22.504861831665096], [114.33335113525413, 22.504861831665096], [114.3334732055664, 22.504861831665096], [114.3334732055664, 22.504964828491268], [114.3334732055664, 22.50513839721691], [114.33374786376976, 22.505199432373047], [114.33374786376976, 22.505418777466048], [114.33399963378918, 22.505418777466048], [114.33430480957054, 22.505418777466048], [114.33430480957054, 22.505695343017692], [114.33458709716831, 22.505695343017692], [114.33458709716831, 22.50597190856945], [114.33486175537121, 22.50597190856945], [114.33486175537121, 22.506248474121094], [114.3349761962894, 22.506248474121094], [114.33513641357433, 22.506248474121094], [114.33513641357433, 22.506391525268555], [114.33513641357433, 22.506526947021484], [114.33529663085949, 22.506526947021484], [114.3354187011721, 22.506526947021484], [114.3354187011721, 22.506631851196403], [114.3354187011721, 22.506805419921875], [114.33562469482433, 22.506805419921875], [114.33597564697266, 22.506805419921875], [114.33597564697266, 22.50708389282221], [114.3362503051759, 22.50708389282221], [114.3362503051759, 22.507358551025618], [114.3365249633789, 22.507358551025618], [114.3365249633789, 22.50764083862316], [114.33680725097702, 22.50764083862316], [114.33680725097702, 22.507896423339957], [114.33680725097702, 22.50835418701172], [114.33680725097702, 22.50875282287592], [114.3365249633789, 22.50875282287592], [114.3365249633789, 22.509862899780273], [114.33597564697266, 22.509862899780273], [114.33597564697266, 22.51013946533226], [114.3354187011721, 22.51013946533226], [114.3354187011721, 22.510416030883903], [114.33513641357433, 22.510416030883903], [114.33513641357433, 22.510694503784293], [114.33458709716831, 22.510694503784293], [114.33458709716831, 22.51097488403343], [114.333984375, 22.51097488403343], [114.3331909179692, 22.51097488403343], [114.3331909179692, 22.510694503784293], [114.3326416015625, 22.510694503784293], [114.3326416015625, 22.510416030883903], [114.33220672607445, 22.510416030883903], [114.33208465576183, 22.510416030883903], [114.33208465576183, 22.51013946533226], [114.33183288574241, 22.51013946533226], [114.33152770996105, 22.51013946533226], [114.33152770996105, 22.509862899780273], [114.3309707641605, 22.509862899780273], [114.3309707641605, 22.509582519531307], [114.33041381835938, 22.509582519531307], [114.33041381835938, 22.50930595397972], [114.32986450195312, 22.50930595397972], [114.32986450195312, 22.50902748107933], [114.32930755615234, 22.50902748107933], [114.32930755615234, 22.50875282287592], [114.32902526855469, 22.50875282287592], [114.32902526855469, 22.508472442626953], [114.32875061035179, 22.508472442626953], [114.32875061035179, 22.508193969726562], [114.32847595214855, 22.508193969726562], [114.32847595214855, 22.507917404174805], [114.3281936645509, 22.507917404174805], [114.3281936645509, 22.50764083862316], [114.327919006348, 22.50764083862316], [114.327919006348, 22.507358551025618], [114.32763671875023, 22.507358551025618], [114.32763671875023, 22.50708389282221], [114.32736206054688, 22.50708389282221], [114.32736206054688, 22.506805419921875], [114.32722473144554, 22.506805419921875], [114.32707977294967, 22.506805419921875], [114.32707977294967, 22.506526947021484], [114.3268051147461, 22.506526947021484], [114.3268051147461, 22.506248474121094], [114.32639312744175, 22.506248474121094], [114.32569122314476, 22.506248474121094], [114.32569122314476, 22.50597190856945], [114.32430267333984, 22.50597190856945], [114.32430267333984, 22.505695343017692], [114.32347106933605, 22.505695343017692], [114.32347106933605, 22.505418777466048], [114.32263946533226, 22.505418777466048], [114.32263946533226, 22.50513839721691], [114.3215255737307, 22.50513839721691], [114.3215255737307, 22.504861831665096], [114.32069396972656, 22.504861831665096], [114.32069396972656, 22.504583358764705], [114.31986236572266, 22.504583358764705], [114.31986236572266, 22.50430488586437], [114.31903076171886, 22.50430488586437], [114.31903076171886, 22.50402641296398], [114.31402587890625, 22.50402641296398], [114.31402587890625, 22.503749847412337], [114.31346893310547, 22.503749847412337], [114.31346893310547, 22.503471374511776], [114.31319427490234, 22.503471374511776], [114.31319427490234, 22.50319480896019], [114.31263732910168, 22.50319480896019], [114.31263732910168, 22.502916336059798], [114.31236267089855, 22.502916336059798], [114.31208038330112, 22.502916336059798], [114.31208038330112, 22.502639770507983], [114.31124877929733, 22.502639770507983], [114.30930328369152, 22.502639770507983], [114.30930328369152, 22.502361297607422], [114.30902862548862, 22.502361297607422], [114.30902862548862, 22.50208282470703], [114.3084716796875, 22.50208282470703], [114.3084716796875, 22.501806259155273], [114.30791473388672, 22.501806259155273], [114.30791473388672, 22.501527786254883], [114.30680847167991, 22.501527786254883], [114.30680847167991, 22.501249313354492], [114.30652618408214, 22.501249313354492], [114.30652618408214, 22.500972747802678], [114.30596923828136, 22.500972747802678], [114.30596923828136, 22.500415802001953], [114.305419921875, 22.500415802001953], [114.305419921875, 22.50013923645048], [114.30513763427757, 22.50013923645048], [114.30513763427757, 22.49986076354992], [114.30486297607422, 22.49986076354992], [114.30486297607422, 22.49958419799816], [114.30458068847702, 22.49958419799816], [114.30458068847702, 22.49930572509777], [114.30374908447266, 22.49930572509777], [114.30374908447266, 22.49986076354992], [114.30291748046886, 22.499877929687614], [114.30291748046886, 22.50013923645048], [114.30263519287121, 22.500156402588004], [114.30263519287121, 22.500415802001953], [114.30236053466831, 22.500434875488338], [114.30236053466831, 22.500694274902287], [114.30208587646507, 22.500709533691406], [114.30208587646507, 22.500972747802678], [114.30180358886719, 22.50099182128912], [114.30180358886719, 22.501249313354492], [114.3012466430664, 22.501249313354492], [114.3012466430664, 22.501527786254883], [114.3009719848634, 22.501527786254883], [114.3009719848634, 22.501806259155273], [114.3004150390625, 22.501806259155273], [114.3004150390625, 22.502361297607422], [114.29958343505871, 22.502361297607422], [114.29958343505871, 22.502639770507983], [114.29875183105469, 22.502639770507983], [114.29875183105469, 22.502361297607422], [114.29846954345749, 22.502361297607422], [114.29846954345749, 22.502639770507983], [114.2981948852539, 22.502639770507983], [114.2981948852539, 22.502916336059798], [114.2979202270509, 22.502916336059798], [114.2979202270509, 22.50319480896019], [114.29763793945312, 22.50319480896019], [114.29763793945312, 22.503749847412337], [114.2981948852539, 22.503749847412337], [114.2981948852539, 22.50430488586437], [114.29902648925804, 22.50430488586437], [114.29902648925804, 22.504583358764705], [114.29930877685581, 22.504583358764705], [114.29930877685581, 22.504663467407283], [114.29930877685581, 22.504861831665096], [114.29958343505871, 22.504861831665096], [114.29958343505871, 22.50513839721691], [114.3004150390625, 22.50513839721691], [114.3004150390625, 22.505418777466048], [114.3009719848634, 22.505418777466048], [114.3009719848634, 22.505695343017692], [114.30152893066452, 22.505695343017692], [114.30152893066452, 22.50597190856945], [114.30180358886719, 22.50597190856945], [114.30180358886719, 22.506248474121094], [114.30236053466831, 22.506248474121094], [114.30236053466831, 22.50597190856945], [114.30291748046886, 22.50597190856945], [114.30291748046886, 22.506248474121094], [114.30347442626964, 22.506248474121094], [114.30347442626964, 22.506526947021484], [114.30374908447266, 22.506526947021484], [114.30374908447266, 22.507358551025618], [114.30430603027344, 22.507358551025618], [114.30430603027344, 22.507917404174805], [114.30458068847702, 22.507917404174805], [114.30458068847702, 22.508193969726562], [114.30486297607422, 22.508193969726562], [114.30486297607422, 22.50875282287592], [114.30513763427757, 22.50875282287592], [114.30513763427757, 22.508897781372184], [114.30513763427757, 22.50902748107933], [114.30569458007835, 22.50902748107933], [114.30569458007835, 22.50930595397972], [114.30641174316406, 22.50930595397972], [114.30680847167991, 22.50930595397972], [114.30680847167991, 22.509582519531307], [114.30735778808594, 22.509582519531307], [114.30735778808594, 22.50930595397972], [114.30791473388672, 22.50930595397972], [114.30791473388672, 22.50902748107933], [114.30819702148483, 22.50902748107933], [114.30819702148483, 22.50930595397972], [114.3084716796875, 22.50930595397972], [114.3084716796875, 22.50875282287592], [114.30902862548862, 22.50875282287592], [114.30902862548862, 22.508472442626953], [114.30930328369152, 22.508472442626953], [114.30934143066452, 22.508193969726562], [114.31041717529297, 22.508193969726562], [114.31041717529297, 22.508472442626953], [114.31097412109375, 22.508472442626953], [114.31097412109375, 22.50902748107933], [114.31124877929733, 22.50902748107933], [114.31124877929733, 22.509862899780273], [114.31180572509788, 22.509862899780273], [114.31180572509788, 22.510416030883903], [114.31208038330112, 22.510416030883903], [114.31208038330112, 22.510694503784293], [114.31263732910168, 22.510694503784293], [114.31263732910168, 22.51097488403343], [114.31402587890625, 22.51097488403343], [114.31402587890625, 22.511249542236612], [114.31458282470703, 22.511249542236612], [114.31458282470703, 22.511528015136832], [114.31485748291038, 22.511528015136832], [114.31485748291038, 22.511249542236612], [114.31513977050815, 22.511249542236612], [114.31513977050815, 22.511528015136832], [114.31569671630871, 22.511528015136832], [114.31569671630871, 22.511806488037223], [114.3165283203125, 22.511806488037223], [114.3165283203125, 22.51208305358881], [114.31680297851574, 22.51208305358881], [114.31680297851574, 22.51236152648937], [114.31708526611328, 22.51236152648937], [114.31708526611328, 22.512638092041016], [114.31735992431686, 22.512638092041016], [114.31735992431686, 22.513193130493164], [114.31791687011741, 22.513193130493164], [114.31791687011741, 22.513471603393555], [114.3184738159182, 22.513471603393555], [114.3184738159182, 22.513750076294116], [114.31874847412121, 22.513750076294116], [114.31874847412121, 22.514583587646484], [114.31930541992199, 22.514583587646484], [114.31930541992199, 22.515415191650504], [114.319580078125, 22.515415191650504], [114.319580078125, 22.515693664550838], [114.31986236572266, 22.515693664550838], [114.31986236572266, 22.51597213745123], [114.32096862792991, 22.51597213745123], [114.32096862792991, 22.516805648803825], [114.32125091552734, 22.516805648803825], [114.32125091552734, 22.516904830932617], [114.32125091552734, 22.517084121704215], [114.32096862792991, 22.517084121704215], [114.32096862792991, 22.517360687255973], [114.32069396972656, 22.517360687255973], [114.32069396972656, 22.517637252807617], [114.32041931152355, 22.517637252807617], [114.32041931152355, 22.517915725708008], [114.32013702392578, 22.517915725708008], [114.32013702392578, 22.51819419860834], [114.31986236572266, 22.51819419860834], [114.31986236572266, 22.518472671508732], [114.319580078125, 22.518472671508732], [114.319580078125, 22.51874732971214], [114.31930541992199, 22.51874732971214], [114.31930541992199, 22.519029617309684], [114.3184738159182, 22.519029617309684], [114.3184738159182, 22.518880844116268], [114.3184738159182, 22.51874732971214], [114.31708526611328, 22.51874732971214], [114.31708526611328, 22.519029617309684], [114.31680297851574, 22.519029617309684], [114.31680297851574, 22.519582748413086], [114.3165283203125, 22.519582748413086], [114.3165283203125, 22.51985931396507], [114.31708526611328, 22.51985931396507], [114.31708526611328, 22.520141601562443], [114.31735992431686, 22.520141601562443], [114.31735992431686, 22.520416259765852], [114.31708526611328, 22.520416259765852], [114.31708526611328, 22.520969390869254], [114.31680297851574, 22.520969390869254], [114.31680297851574, 22.521251678466797], [114.3165283203125, 22.521251678466797], [114.3165283203125, 22.521804809570426], [114.31625366210949, 22.521804809570426], [114.31625366210949, 22.52208328247076], [114.31597137451195, 22.52208328247076], [114.31597137451195, 22.522638320922965], [114.31569671630871, 22.522638320922965], [114.31569671630871, 22.522916793823356], [114.31597137451195, 22.522916793823356], [114.31597137451195, 22.523195266723746], [114.31541442871105, 22.523195266723746], [114.31541442871105, 22.523750305175895], [114.31485748291038, 22.523750305175895], [114.31485748291038, 22.52402687072754], [114.31458282470703, 22.52402687072754], [114.31458282470703, 22.52430534362793], [114.31402587890625, 22.52430534362793], [114.31402587890625, 22.524583816528263], [114.31319427490234, 22.524583816528263], [114.31319427490234, 22.52486038208025], [114.31208038330112, 22.52486038208025], [114.31208038330112, 22.52513885498047], [114.31153106689453, 22.52513885498047], [114.31153106689453, 22.52541732788086], [114.31097412109375, 22.52541732788086], [114.31097412109375, 22.52569580078125], [114.31041717529297, 22.52569580078125], [114.31041717529297, 22.525972366333008], [114.30986022949241, 22.525972366333008], [114.30986022949241, 22.5262508392334], [114.30874633789085, 22.5262508392334], [114.30874633789085, 22.525972366333008], [114.3084716796875, 22.525972366333008], [114.3084716796875, 22.52513885498047], [114.30902862548862, 22.52513885498047], [114.30902862548862, 22.524583816528263], [114.30930328369152, 22.524583816528263], [114.30930328369152, 22.52430534362793], [114.30958557128918, 22.52430534362793], [114.30958557128918, 22.52402687072754], [114.30930328369152, 22.52402687072754], [114.30930328369152, 22.523750305175895], [114.30958557128918, 22.523750305175895], [114.30958557128918, 22.523195266723746], [114.30930328369152, 22.523195266723746], [114.30930328369152, 22.52236175537115], [114.30902862548862, 22.52236175537115], [114.30902862548862, 22.520969390869254], [114.30930328369152, 22.520969390869254], [114.30930328369152, 22.520694732666243], [114.30958557128918, 22.520694732666243], [114.30958557128918, 22.520416259765852], [114.30986022949241, 22.520416259765852], [114.30986022949241, 22.519582748413086], [114.31014251708984, 22.519582748413086], [114.31014251708984, 22.519306182861328], [114.30986022949241, 22.519306182861328], [114.30986022949241, 22.51819419860834], [114.30958557128918, 22.51819419860834], [114.30958557128918, 22.517637252807617], [114.30930328369152, 22.517637252807617], [114.30930328369152, 22.517360687255973], [114.30874633789085, 22.517360687255973], [114.30874633789085, 22.516805648803825], [114.3084716796875, 22.516805648803825], [114.3084716796875, 22.51652526855463], [114.30791473388672, 22.51652526855463], [114.30791473388672, 22.51597213745123], [114.30764007568371, 22.51597213745123], [114.30764007568371, 22.51513862609886], [114.30735778808594, 22.51513862609886], [114.30735778808594, 22.514028549194336], [114.30596923828136, 22.514028549194336], [114.30596923828136, 22.513471603393555], [114.30569458007835, 22.513471603393555], [114.30569458007835, 22.513193130493164], [114.305419921875, 22.513193130493164], [114.305419921875, 22.512916564941406], [114.30513763427757, 22.512916564941406], [114.30513763427757, 22.51236152648937], [114.30486297607422, 22.51236152648937], [114.30486297607422, 22.511249542236612], [114.30458068847702, 22.511249542236612], [114.30458068847702, 22.510694503784293], [114.30430603027344, 22.510694503784293], [114.30430603027344, 22.510416030883903], [114.30403137207031, 22.510416030883903], [114.30403137207031, 22.510694503784293], [114.3034286499028, 22.510694503784293], [114.3031921386721, 22.510694503784293], [114.3031921386721, 22.51097488403343], [114.30291748046886, 22.51097488403343], [114.30291748046886, 22.511249542236612], [114.30263519287121, 22.511249542236612], [114.30263519287121, 22.511528015136832], [114.30236053466831, 22.511528015136832], [114.30236053466831, 22.51180458068842], [114.30208587646507, 22.511806488037223], [114.30208587646507, 22.51236152648937], [114.30220794677734, 22.51236152648937], [114.30236053466831, 22.51236152648937], [114.30236053466831, 22.512638092041016], [114.30208587646507, 22.512638092041016], [114.30208587646507, 22.512916564941406], [114.30152893066452, 22.512916564941406], [114.30152893066452, 22.513193130493164], [114.3004150390625, 22.513193130493164], [114.3004150390625, 22.512916564941406], [114.3001403808596, 22.512916564941406], [114.3001403808596, 22.512638092041016], [114.29958343505871, 22.512638092041016], [114.29958343505871, 22.51236152648937], [114.29930877685581, 22.51236152648937], [114.29930877685581, 22.512638092041016], [114.29513549804688, 22.512638092041016], [114.29513549804688, 22.51208305358881], [114.29486083984386, 22.51208305358881], [114.29486083984386, 22.51236152648937], [114.29458618164062, 22.51236152648937], [114.29458618164062, 22.511806488037223], [114.29486083984386, 22.511806488037223], [114.29486083984386, 22.511528015136832], [114.29541778564499, 22.511528015136832], [114.29541778564499, 22.511249542236612], [114.29569244384766, 22.511249542236612], [114.29569244384766, 22.510694503784293], [114.29634094238293, 22.510694503784293], [114.29680633544933, 22.510694503784293], [114.29680633544933, 22.510463714599723], [114.29680633544933, 22.51013946533226], [114.29708099365257, 22.51013946533226], [114.29708099365257, 22.509862899780273], [114.29763793945312, 22.509862899780273], [114.29763793945312, 22.509582519531307], [114.2979202270509, 22.509582519531307], [114.2979202270509, 22.50902748107933], [114.2981948852539, 22.50902748107933], [114.2981948852539, 22.508472442626953], [114.29736328125, 22.508472442626953], [114.29736328125, 22.508193969726562], [114.29708099365257, 22.508193969726562], [114.29708099365257, 22.50764083862316], [114.29680633544933, 22.50764083862316], [114.29680633544933, 22.506805419921875], [114.29763793945312, 22.506805419921875], [114.29763793945312, 22.506526947021484], [114.2979202270509, 22.506526947021484], [114.2979202270509, 22.506248474121094], [114.29763793945312, 22.506248474121094], [114.29763793945312, 22.50597190856945], [114.29736328125, 22.50597190856945], [114.29736328125, 22.505695343017692], [114.29708099365257, 22.505695343017692], [114.29708099365257, 22.505418777466048], [114.29680633544933, 22.505418777466048], [114.29680633544933, 22.50513839721691], [114.29652404785168, 22.50513839721691], [114.29652404785168, 22.504861831665096], [114.29513549804688, 22.504861831665096], [114.29513549804688, 22.50513839721691], [114.29430389404297, 22.50513839721691], [114.29430389404297, 22.505695343017692], [114.29417419433594, 22.505695343017692], [114.29402923584007, 22.505695343017692], [114.29402923584007, 22.50597190856945], [114.2937469482423, 22.50597190856945], [114.2937469482423, 22.506727218628043], [114.2937469482423, 22.50708389282221], [114.29347229003918, 22.50708389282221], [114.29347229003918, 22.50764083862316], [114.29264068603516, 22.50764083862316], [114.29264068603516, 22.507917404174805], [114.29235839843773, 22.507917404174805], [114.29235839843773, 22.508472442626953], [114.29208374023438, 22.508472442626953], [114.29208374023438, 22.50875282287592], [114.2906951904298, 22.50875282287592], [114.2906951904298, 22.508472442626953], [114.29013824462902, 22.508472442626953], [114.29013824462902, 22.508193969726562], [114.28930664062523, 22.508193969726562], [114.28930664062523, 22.506248474121094], [114.28902435302734, 22.506248474121094], [114.28902435302734, 22.506526947021484], [114.28874969482467, 22.506526947021484], [114.28874969482467, 22.506805419921875], [114.28849792480491, 22.506805419921875], [114.28819274902355, 22.506805419921875], [114.28819274902355, 22.507276535034293], [114.28819274902355, 22.50764083862316], [114.28791809082031, 22.50764083862316], [114.28791809082031, 22.508472442626953], [114.28375244140636, 22.508472442626953], [114.28375244140636, 22.508623123168945], [114.28375244140636, 22.50875282287592], [114.28402709960949, 22.50875282287592], [114.28402709960949, 22.50930595397972], [114.28430175781273, 22.50930595397972], [114.28430175781273, 22.509582519531307], [114.28458404541016, 22.509582519531307], [114.28458404541016, 22.509862899780273], [114.28485870361328, 22.509902954101562], [114.28485870361328, 22.510416030883903], [114.28458404541016, 22.510416030883903], [114.28458404541016, 22.51097488403343], [114.28236389160156, 22.51097488403343], [114.28236389160156, 22.510694503784293], [114.27874755859375, 22.510694503784293], [114.27874755859375, 22.510416030883903], [114.27764129638683, 22.510416030883903], [114.27764129638683, 22.51013946533226], [114.27680206298862, 22.51013946533226], [114.27680206298862, 22.509862899780273], [114.27569580078125, 22.509862899780273], [114.27569580078125, 22.508472442626953], [114.27513885498047, 22.508472442626953], [114.27513885498047, 22.50875282287592], [114.27486419677746, 22.50875282287592], [114.27486419677746, 22.50902748107933], [114.27458190917991, 22.50902748107933], [114.27458190917991, 22.50930595397972], [114.27430725097668, 22.50930595397972], [114.27430725097668, 22.509582519531307], [114.27413940429688, 22.509582519531307], [114.27402496337902, 22.509582519531307], [114.27402496337902, 22.509862899780273], [114.27375030517612, 22.509862899780273], [114.27375030517612, 22.51013946533226], [114.27402496337902, 22.51013946533226], [114.27402496337902, 22.510694503784293], [114.27430725097668, 22.510694503784293], [114.27430725097668, 22.511249542236612], [114.27458190917991, 22.511249542236612], [114.27458190917991, 22.51208305358881], [114.27471160888672, 22.51208305358881], [114.27486419677746, 22.51208305358881], [114.27486419677746, 22.512916564941406], [114.27458190917991, 22.512916564941406], [114.27458190917991, 22.513193130493164], [114.27486419677746, 22.513193130493164], [114.27486419677746, 22.513471603393555], [114.27291870117233, 22.513471603393555], [114.27291870117233, 22.513750076294116], [114.27263641357422, 22.513750076294116], [114.27263641357422, 22.514028549194336], [114.27291870117233, 22.514028549194336], [114.27291870117233, 22.514583587646484], [114.273193359375, 22.514583587646484], [114.273193359375, 22.51513862609886], [114.27347564697288, 22.51513862609886], [114.27347564697288, 22.515693664550838], [114.27288818359398, 22.515693664550838], [114.27263641357422, 22.515693664550838], [114.27263641357422, 22.516805648803825], [114.27379608154297, 22.516805648803825], [114.27402496337902, 22.516805648803825], [114.27402496337902, 22.51625061035162], [114.27430725097668, 22.51625061035162], [114.27430725097668, 22.51652526855463], [114.27486419677746, 22.51652526855463], [114.27486419677746, 22.51597213745123], [114.27541351318371, 22.51597213745123], [114.27541351318371, 22.515693664550838], [114.27569580078125, 22.515693664550838], [114.27569580078125, 22.515415191650504], [114.27625274658203, 22.515415191650504], [114.27625274658203, 22.51513862609886], [114.27680206298862, 22.51513862609886], [114.27680206298862, 22.514583587646484], [114.27708435058616, 22.514583587646484], [114.27708435058616, 22.51430511474632], [114.27735900878918, 22.51430511474632], [114.27735900878918, 22.513750076294116], [114.27764129638683, 22.513750076294116], [114.27764129638683, 22.513471603393555], [114.27791595458996, 22.513471603393555], [114.27791595458996, 22.513193130493164], [114.27874755859375, 22.513193130493164], [114.27874755859375, 22.513654708862475], [114.27874755859375, 22.514028549194336], [114.27902984619152, 22.514028549194336], [114.27902984619152, 22.51513862609886], [114.27874755859375, 22.51513862609886], [114.27874755859375, 22.515415191650504], [114.27958679199264, 22.515415191650504], [114.27958679199264, 22.517360687255973], [114.27986145019531, 22.517360687255973], [114.27986145019531, 22.517915725708008], [114.28013610839866, 22.51791954040533], [114.28013610839866, 22.51819419860834], [114.281005859375, 22.51819419860834], [114.28180694580078, 22.51819419860834], [114.28180694580078, 22.518472671508732], [114.2820663452153, 22.51854133605957], [114.28208160400402, 22.51985931396507], [114.28223419189476, 22.51985931396507], [114.28236389160156, 22.51985931396507], [114.28236389160156, 22.520412445068473], [114.28236389160156, 22.520694732666243], [114.28263854980514, 22.520694732666243], [114.28263854980514, 22.520969390869254], [114.28291320800781, 22.520969390869254], [114.28291320800781, 22.521251678466797], [114.28402709960949, 22.521251678466797], [114.28402709960949, 22.521528244018782], [114.28430175781273, 22.521528244018782], [114.28430175781273, 22.52208328247076], [114.28485870361328, 22.52208328247076], [114.28485870361328, 22.52236175537115], [114.28541564941406, 22.52236175537115], [114.28541564941406, 22.523195266723746], [114.28597259521484, 22.523195266723746], [114.28597259521484, 22.523473739624137], [114.2862472534182, 22.523473739624137], [114.2862472534182, 22.52486038208025], [114.28597259521484, 22.52486038208025], [114.28597259521484, 22.52569580078125], [114.28514099121105, 22.52569580078125], [114.28514099121105, 22.525972366333008], [114.28485870361328, 22.525972366333008], [114.28485870361328, 22.52569580078125], [114.28430938720726, 22.52569580078125], [114.28430175781273, 22.52541732788086], [114.28375244140636, 22.52541732788086], [114.28375244140636, 22.52513885498047], [114.28291320800781, 22.52513885498047], [114.28291320800781, 22.524583816528263], [114.28236389160156, 22.524583816528263], [114.28236389160156, 22.52430534362793], [114.28180694580078, 22.52430534362793], [114.28180694580078, 22.523750305175895], [114.28152465820312, 22.523750305175895], [114.28152465820312, 22.523473739624137], [114.28125000000023, 22.523473739624137], [114.28125000000023, 22.523195266723746], [114.28069305419933, 22.523195266723746], [114.28069305419933, 22.522916793823356], [114.28041839599643, 22.522916793823356], [114.28041839599643, 22.522638320922965], [114.27930450439453, 22.522638320922965], [114.27930450439453, 22.522916793823356], [114.27874755859375, 22.522916793823356], [114.27874755859375, 22.523319244384766], [114.27874755859375, 22.523473739624137], [114.27847290039062, 22.523473739624137], [114.27847290039062, 22.52430534362793], [114.27874755859375, 22.52430534362793], [114.27874755859375, 22.524583816528263], [114.27902984619152, 22.524583816528263], [114.27902984619152, 22.52541732788086], [114.27930450439453, 22.52541732788086], [114.27930450439453, 22.525972366333008], [114.27958679199264, 22.525972366333008], [114.27958679199264, 22.526805877685774], [114.27986145019531, 22.526805877685774], [114.27986145019531, 22.52708244323736], [114.28013610839866, 22.52708244323736], [114.28013610839866, 22.527360916137752], [114.28041839599643, 22.527360916137752], [114.28041839599643, 22.527639389038313], [114.28069305419933, 22.527639389038313], [114.28069305419933, 22.527914047241154], [114.28097534179699, 22.527914047241154], [114.28097534179699, 22.528194427490348], [114.28125000000023, 22.528194427490348], [114.28125000000023, 22.5282821655274], [114.28125000000023, 22.529027938842887], [114.28013610839866, 22.529027938842887], [114.28013610839866, 22.528749465942667], [114.27986145019531, 22.528749465942667], [114.27986145019531, 22.528472900390682], [114.27791595458996, 22.528472900390682], [114.27791595458996, 22.528194427490348], [114.27597045898483, 22.528194427490348], [114.27597045898483, 22.528472900390682], [114.27569580078125, 22.528472900390682], [114.27569580078125, 22.528749465942667], [114.27513885498047, 22.528749465942667], [114.27513885498047, 22.529306411743278], [114.27458190917991, 22.529306411743278], [114.27458190917991, 22.529582977294865], [114.27430725097668, 22.529582977294865], [114.27430725097668, 22.529861450195426], [114.27402496337902, 22.529861450195426], [114.27402496337902, 22.529582977294865], [114.27347564697288, 22.529582977294865], [114.27347564697288, 22.528749465942667], [114.27375030517612, 22.528749465942667], [114.27375030517612, 22.528472900390682], [114.27430725097668, 22.528472900390682], [114.27430725097668, 22.527914047241154], [114.27458190917991, 22.527914047241154], [114.27458190917991, 22.527639389038313], [114.27430725097668, 22.527639389038313], [114.27430725097668, 22.52708244323736], [114.27402496337902, 22.52708244323736], [114.27402496337902, 22.526805877685774], [114.27375030517612, 22.526805877685774], [114.27375030517612, 22.526527404785384], [114.27347564697288, 22.526527404785384], [114.27347564697288, 22.525972366333008], [114.27291870117233, 22.525972366333008], [114.27291870117233, 22.52569580078125], [114.2701416015625, 22.52569580078125], [114.2701416015625, 22.525972366333008], [114.2698593139653, 22.525972366333008], [114.2698593139653, 22.52569580078125], [114.26958465576172, 22.52569580078125], [114.26958465576172, 22.52582740783714], [114.26958465576172, 22.525972366333008], [114.26947784423874, 22.525972366333008], [114.26930236816418, 22.525972366333008], [114.26930236816418, 22.526205062866154], [114.26930236816418, 22.526527404785384], [114.26902770996094, 22.526569366455078], [114.26902770996094, 22.526805877685774], [114.26652526855469, 22.526805877685774], [114.26652526855469, 22.526527404785384], [114.26625061035168, 22.526527404785384], [114.26625061035168, 22.5262508392334], [114.26597595214844, 22.5262508392334], [114.26597595214844, 22.52569580078125], [114.26569366455078, 22.52569580078125], [114.26569366455078, 22.52541732788086], [114.26319122314499, 22.52541732788086], [114.26316833496116, 22.5256729125976], [114.26314544677746, 22.525972366333008], [114.2629165649414, 22.525972366333008], [114.2629165649414, 22.526527404785384], [114.26264190673828, 22.526527404785384], [114.26264190673828, 22.527914047241154], [114.26235961914062, 22.527914047241154], [114.26235961914062, 22.528749465942667], [114.26264190673828, 22.528749465942667], [114.26264190673828, 22.529582977294865], [114.2629165649414, 22.529582977294865], [114.2629165649414, 22.530136108398665], [114.26319122314499, 22.530136108398665], [114.26319122314499, 22.53097152709961], [114.26347351074219, 22.53097152709961], [114.26347351074219, 22.531530380249137], [114.26374816894554, 22.531530380249137], [114.26374816894554, 22.531805038452376], [114.26403045654297, 22.531805038452376], [114.26403045654297, 22.53208351135254], [114.26430511474632, 22.53208351135254], [114.26430511474632, 22.532360076904524], [114.26457977294933, 22.532360076904524], [114.26457977294933, 22.53264045715332], [114.26486206054699, 22.53264045715332], [114.26486206054699, 22.532360076904524], [114.26513671875011, 22.532360076904524], [114.26513671875011, 22.53264045715332], [114.26625061035168, 22.53264045715332], [114.26625061035168, 22.53291893005388], [114.26708221435547, 22.53291893005388], [114.26708221435547, 22.533470153808878], [114.26763916015659, 22.533470153808878], [114.26763916015659, 22.534862518310604], [114.26736450195335, 22.534862518310604], [114.26736450195335, 22.53541755676281], [114.26708221435547, 22.53541755676281], [114.26708221435547, 22.535972595214787], [114.2668075561528, 22.535989761352653], [114.2668075561528, 22.536527633666992], [114.26513671875011, 22.536527633666992], [114.26513671875011, 22.536806106567383], [114.26457977294933, 22.536806106567383], [114.26457977294933, 22.536527633666992], [114.26430511474632, 22.536527633666992], [114.26430511474632, 22.536806106567383], [114.26403045654297, 22.536806106567383], [114.26403045654297, 22.5362491607666], [114.26374816894554, 22.5362491607666], [114.26374816894554, 22.535972595214787], [114.26347351074219, 22.535972595214787], [114.26347351074219, 22.53541755676281], [114.26319122314499, 22.53541755676281], [114.26319122314499, 22.53513908386259], [114.2629165649414, 22.53513908386259], [114.2629165649414, 22.53458404541027], [114.26264190673828, 22.53458404541027], [114.26259613037132, 22.53430557250988], [114.26235961914062, 22.53430557250988], [114.26235961914062, 22.53402709960949], [114.26180267334007, 22.53402709960949], [114.26180267334007, 22.535694122314396], [114.26208496093761, 22.535694122314396], [114.26208496093761, 22.5362491607666], [114.26235961914062, 22.5362491607666], [114.26235961914062, 22.536527633666992], [114.26264190673828, 22.536527633666992], [114.26264190673828, 22.536806106567383], [114.2629165649414, 22.536806106567383], [114.2629165649414, 22.53736114501953], [114.26319122314499, 22.53736114501953], [114.26319122314499, 22.537916183471907], [114.26347351074219, 22.537916183471907], [114.26347351074219, 22.538749694824446], [114.26374816894554, 22.538749694824446], [114.26374816894554, 22.53930473327648], [114.26347351074219, 22.53930473327648], [114.26347351074219, 22.539583206176815], [114.2629165649414, 22.539583206176815], [114.2629165649414, 22.539861679077205], [114.26264190673828, 22.539861679077205], [114.26264190673828, 22.54013824462902], [114.262489318848, 22.54013824462902], [114.26125335693382, 22.54013824462902], [114.26125335693382, 22.54041671752941], [114.26041412353516, 22.54041671752941], [114.26041412353516, 22.539861679077205], [114.26013946533249, 22.539861679077205], [114.26013946533249, 22.539583206176815], [114.2598648071289, 22.539583206176815], [114.2598648071289, 22.539028167724837], [114.25958251953136, 22.539028167724837], [114.25958251953136, 22.538749694824446], [114.25902557373047, 22.538749694824446], [114.25902557373047, 22.53847312927246], [114.2584686279298, 22.53847312927246], [114.2584686279298, 22.538261413574162], [114.25825500488281, 22.53823471069336], [114.25791931152378, 22.538194656372298], [114.25791931152378, 22.537916183471907], [114.25708007812545, 22.537916183471907], [114.25708007812545, 22.538194656372298], [114.25653076171886, 22.538194656372298], [114.25653076171886, 22.53847312927246], [114.2562484741211, 22.53847312927246], [114.2562484741211, 22.539028167724837], [114.25597381591797, 22.539028167724837], [114.25597381591797, 22.53930473327648], [114.25653076171886, 22.53930473327648], [114.25653076171886, 22.539583206176815], [114.25680541992188, 22.539583206176815], [114.25680541992188, 22.54013824462902], [114.25708007812545, 22.54013824462902], [114.25708007812545, 22.54041671752941], [114.25736236572266, 22.54041671752941], [114.25736236572266, 22.5406951904298], [114.25763702392601, 22.5406951904298], [114.25763702392601, 22.54097175598156], [114.25791931152378, 22.54097175598156], [114.25791931152378, 22.54152870178251], [114.25819396972668, 22.54152870178251], [114.25819396972668, 22.541805267333984], [114.2584686279298, 22.541805267333984], [114.2584686279298, 22.54291534423851], [114.25875091552757, 22.54291534423851], [114.25875091552757, 22.54402732849144], [114.25930786132812, 22.54402732849144], [114.25930786132812, 22.54430580139183], [114.26097106933628, 22.54430580139183], [114.26097106933628, 22.54458427429222], [114.26152801513683, 22.54458427429222], [114.26152801513683, 22.544860839843807], [114.26180267334007, 22.544860839843807], [114.26180267334007, 22.545415878296012], [114.26208496093761, 22.545415878296012], [114.26208496093761, 22.545972824096737], [114.26235961914062, 22.545972824096737], [114.26235961914062, 22.546247482299805], [114.26097106933628, 22.546247482299805], [114.26097106933628, 22.545972824096737], [114.26041412353516, 22.545972824096737], [114.26041412353516, 22.545694351196403], [114.2598648071289, 22.545694351196403], [114.2598648071289, 22.545415878296012], [114.25875091552757, 22.545415878296012], [114.25875091552757, 22.54513740539562], [114.25861358642624, 22.54513740539562], [114.2584686279298, 22.54513740539562], [114.2584686279298, 22.544860839843807], [114.25819396972668, 22.544860839843807], [114.25819396972668, 22.54458427429222], [114.25791931152378, 22.544582366943416], [114.25791931152378, 22.54430580139183], [114.25736236572266, 22.54430580139183], [114.25736236572266, 22.544582366943416], [114.25708007812545, 22.54458427429222], [114.25708007812545, 22.54513740539562], [114.25736236572266, 22.54513740539562], [114.25736236572266, 22.545415878296012], [114.25763702392601, 22.545415878296012], [114.25763702392601, 22.545694351196403], [114.25791931152378, 22.545694351196403], [114.25791931152378, 22.545972824096737], [114.2584686279298, 22.545972824096737], [114.2584686279298, 22.546247482299805], [114.25875091552757, 22.546247482299805], [114.25875091552757, 22.546529769897518], [114.25902557373047, 22.546529769897518], [114.25902557373047, 22.546806335449332], [114.25930786132812, 22.546806335449332], [114.25930786132812, 22.54708290100092], [114.25958251953136, 22.54708290100092], [114.25958251953136, 22.54763984680187], [114.2598648071289, 22.547641754150447], [114.2598648071289, 22.547916412353516], [114.26013946533249, 22.547916412353516], [114.26013946533249, 22.548194885253906], [114.26041412353516, 22.548194885253906], [114.26041412353516, 22.54875183105463], [114.25958251953136, 22.54875183105463], [114.25958251953136, 22.54846954345726], [114.25902557373047, 22.54846954345726], [114.25902557373047, 22.548194885253906], [114.2584686279298, 22.548194885253906], [114.2584686279298, 22.54846954345726], [114.25819396972668, 22.54846954345726], [114.25819396972668, 22.54875183105463], [114.25791931152378, 22.54875183105463], [114.25791931152378, 22.549028396606445], [114.25763702392601, 22.549028396606445], [114.25763702392601, 22.54930496215843], [114.25738525390625, 22.54930496215843], [114.25514221191418, 22.54930496215843], [114.25514221191418, 22.549583435058594], [114.25485992431675, 22.549583435058594], [114.25485992431675, 22.546997070312614], [114.25485992431675, 22.546806335449332], [114.25458526611351, 22.546806335449332], [114.25458526611351, 22.546360015869254], [114.25458526611351, 22.546247482299805], [114.25375366210938, 22.546247482299805], [114.25375366210938, 22.546529769897518], [114.25347137451183, 22.546529769897518], [114.25347137451183, 22.546806335449332], [114.2531967163086, 22.546806335449332], [114.2531967163086, 22.54708290100092], [114.25291442871094, 22.54708290100092], [114.25291442871094, 22.547359466552734], [114.25263977050804, 22.547359466552734], [114.25263977050804, 22.547504425048942], [114.25263977050804, 22.54763984680187], [114.25125122070312, 22.54763984680187], [114.25125122070312, 22.547916412353516], [114.25069427490234, 22.547916412353516], [114.25069427490234, 22.54763984680187], [114.25013732910156, 22.54763984680187], [114.25013732910156, 22.54708290100092], [114.25041961669933, 22.54708290100092], [114.25041961669933, 22.545972824096737], [114.25013732910156, 22.545972824096737], [114.25013732910156, 22.545415878296012], [114.24958038330078, 22.545415878296012], [114.24958038330078, 22.545251846313704], [114.24958038330078, 22.54513740539562], [114.24930572509777, 22.54513740539562], [114.24930572509777, 22.544860839843807], [114.24874877929699, 22.544860839843807], [114.24874877929699, 22.54513740539562], [114.24847412109398, 22.54513740539562], [114.24847412109398, 22.545415878296012], [114.24819183349643, 22.545415878296012], [114.24819183349643, 22.545694351196403], [114.2479171752932, 22.545694351196403], [114.2479171752932, 22.545972824096737], [114.24764251708984, 22.545972824096737], [114.24764251708984, 22.546247482299805], [114.24736022949264, 22.546247482299805], [114.24736022949264, 22.54708290100092], [114.24708557128906, 22.54708290100092], [114.24708557128906, 22.54763984680187], [114.24736022949264, 22.547641754150447], [114.24736022949264, 22.549028396606445], [114.24708557128906, 22.549028396606445], [114.24708557128906, 22.54930496215843], [114.24697113037155, 22.54930496215843], [114.24680328369152, 22.54930496215843], [114.24680328369152, 22.549583435058594], [114.24541473388683, 22.549583435058594], [114.24541473388683, 22.549863815307617], [114.24514007568393, 22.549863815307617], [114.24514007568393, 22.549583435058594], [114.24485778808616, 22.549583435058594], [114.24485778808616, 22.54930496215843], [114.24430847168014, 22.54930496215843], [114.24430847168014, 22.549028396606445], [114.24402618408203, 22.549028396606445], [114.24402618408203, 22.54875183105463], [114.24375152587902, 22.54875183105463], [114.24375152587902, 22.54930496215843], [114.24319458007812, 22.54930496215843], [114.24319458007812, 22.549583435058594], [114.24263763427746, 22.549583435058594], [114.24263763427746, 22.54930496215843], [114.2420806884769, 22.54930496215843], [114.2420806884769, 22.549028396606445], [114.24180603027366, 22.549028396606445], [114.24180603027366, 22.54846954345726], [114.24153137207031, 22.54846954345726], [114.24153137207031, 22.548194885253906], [114.24180603027366, 22.548194885253906], [114.24180603027366, 22.54763984680187], [114.24153137207031, 22.54763984680187], [114.24153137207031, 22.546806335449332], [114.24097442626953, 22.546806335449332], [114.24097442626953, 22.546247482299805], [114.24069213867199, 22.546247482299805], [114.24069213867199, 22.545415878296012], [114.24097442626953, 22.545415878296012], [114.24097442626953, 22.544860839843807], [114.24069213867199, 22.544860839843807], [114.24069213867199, 22.543472290039062], [114.2401351928711, 22.543472290039062], [114.2401351928711, 22.54291534423851], [114.2398605346682, 22.54291534423851], [114.2398605346682, 22.542360305786303], [114.23958587646496, 22.542360305786303], [114.23958587646496, 22.542083740234318], [114.2390289306644, 22.542083740234318], [114.2390289306644, 22.541805267333984], [114.23874664306663, 22.541805267333984], [114.23874664306663, 22.54097175598156], [114.23847198486328, 22.54097175598156], [114.23847198486328, 22.539861679077205], [114.23819732666061, 22.539861679077205], [114.23819732666061, 22.537916183471907], [114.2379150390625, 22.537916183471907], [114.2379150390625, 22.536806106567383], [114.23764038085949, 22.536806106567383], [114.23764038085949, 22.535694122314396], [114.2370834350586, 22.535694122314396], [114.2370834350586, 22.53513908386259], [114.2368087768557, 22.53513908386259], [114.2368087768557, 22.534862518310604], [114.2362518310548, 22.534862518310604], [114.2362518310548, 22.53458404541027], [114.23596954345714, 22.53458404541027], [114.23596954345714, 22.533748626709098], [114.23569488525413, 22.533748626709098], [114.23569488525413, 22.533193588256893], [114.23542022705078, 22.533193588256893], [114.23542022705078, 22.53291893005388], [114.23513793945335, 22.53291893005388], [114.23513793945335, 22.53264045715332], [114.2345809936528, 22.53264045715332], [114.2345809936528, 22.532360076904524], [114.23402404785168, 22.532360076904524], [114.23402404785168, 22.532199859619254], [114.23402404785168, 22.53208351135254], [114.23291778564464, 22.53208351135254], [114.23291778564464, 22.532199859619254], [114.23291778564464, 22.532360076904524], [114.23236083984409, 22.532360076904524], [114.23236083984409, 22.53264045715332], [114.23180389404297, 22.53268051147478], [114.23180389404297, 22.53291893005388], [114.2315292358403, 22.532953262329215], [114.2315292358403, 22.533193588256893], [114.23129272460949, 22.533193588256893], [114.23097229003918, 22.533193588256893], [114.23097229003918, 22.533470153808878], [114.2305374145509, 22.533470153808878], [114.23041534423828, 22.533470153808878], [114.23041534423828, 22.533748626709098], [114.22930908203159, 22.533748626709098], [114.22930908203159, 22.533470153808878], [114.22902679443382, 22.533470153808878], [114.22902679443382, 22.531530380249137], [114.22875213623047, 22.531530380249137], [114.22875213623047, 22.531248092651595], [114.22819519042969, 22.531248092651595], [114.22819519042969, 22.53097152709961], [114.22736358642578, 22.53097152709961], [114.22736358642578, 22.53069496154785], [114.22708129882835, 22.53069496154785], [114.22708129882835, 22.53041648864746], [114.22652435302746, 22.53041648864746], [114.22652435302746, 22.530136108398665], [114.22624969482456, 22.530136108398665], [114.22624969482456, 22.529861450195426], [114.22569274902344, 22.529861450195426], [114.22569274902344, 22.529306411743278], [114.2245864868164, 22.529306411743278], [114.2245864868164, 22.529582977294865], [114.22402954101585, 22.529582977294865], [114.22402954101585, 22.529861450195426], [114.22374725341808, 22.529861450195426], [114.22374725341808, 22.530136108398665], [114.22347259521496, 22.530136108398665], [114.22347259521496, 22.53041648864746], [114.22264099121094, 22.53041648864746], [114.22264099121094, 22.53069496154785], [114.22152709960938, 22.53069496154785], [114.22152709960938, 22.53041648864746], [114.22125244140625, 22.53041648864746], [114.22125244140625, 22.530136108398665], [114.2209701538086, 22.530136108398665], [114.2209701538086, 22.529027938842887], [114.22069549560558, 22.529027938842887], [114.22069549560558, 22.528749465942667], [114.22041320800804, 22.528749465942667], [114.22041320800804, 22.528194427490348], [114.2201385498048, 22.528194427490348], [114.2201385498048, 22.527914047241154], [114.21986389160179, 22.527914047241154], [114.21986389160179, 22.527639389038313], [114.21958160400425, 22.527639389038313], [114.21958160400425, 22.52708244323736], [114.21930694580101, 22.52708244323736], [114.21930694580101, 22.5262508392334], [114.21902465820312, 22.5262508392334], [114.21902465820312, 22.525972366333008], [114.21875000000045, 22.525972366333008], [114.21875000000045, 22.52569580078125], [114.21847534179688, 22.52569580078125], [114.21847534179688, 22.525264739990234], [114.21847534179688, 22.52513885498047], [114.21819305419933, 22.52513885498047], [114.21819305419933, 22.52486038208025], [114.2179183959961, 22.52486038208025], [114.2179183959961, 22.52513885498047], [114.21746826171886, 22.52513885498047], [114.21680450439464, 22.52513885498047], [114.21680450439464, 22.52541732788086], [114.21670532226574, 22.52541732788086], [114.21652984619175, 22.52541732788086], [114.21652984619175, 22.525972366333008], [114.21624755859398, 22.525972366333008], [114.21624755859398, 22.52630615234375], [114.21624755859398, 22.526527404785384], [114.21652984619175, 22.526527404785384], [114.21652984619175, 22.527360916137752], [114.21624755859398, 22.527360916137752], [114.21624755859398, 22.527639389038313], [114.21597290039062, 22.527639389038313], [114.21597290039062, 22.52708244323736], [114.21541595458984, 22.52708244323736], [114.21541595458984, 22.526805877685774], [114.21514129638683, 22.526805877685774], [114.21514129638683, 22.526527404785384], [114.21485900878906, 22.526527404785384], [114.21485900878906, 22.5262508392334], [114.21458435058594, 22.5262508392334], [114.21458435058594, 22.525972366333008], [114.21402740478527, 22.525972366333008], [114.21402740478527, 22.52569580078125], [114.21236419677734, 22.52569580078125], [114.21236419677734, 22.525972366333008], [114.21185302734398, 22.525972366333008], [114.21041870117222, 22.525972366333008], [114.21041870117222, 22.52541732788086], [114.21013641357445, 22.52541732788086], [114.21013641357445, 22.52486038208025], [114.20954895019543, 22.52486038208025], [114.2090301513673, 22.52486038208025], [114.2090301513673, 22.52513885498047], [114.20874786376953, 22.52513885498047], [114.20874786376953, 22.525972366333008], [114.2084732055664, 22.525972366333008], [114.2084732055664, 22.528749465942667], [114.20874786376953, 22.528749465942667], [114.20874786376953, 22.529582977294865], [114.2090301513673, 22.529582977294865], [114.2090301513673, 22.530136108398665], [114.20958709716842, 22.530136108398665], [114.20958709716842, 22.530714035034237], [114.20958709716842, 22.53097534179699], [114.20958709716842, 22.531530380249137], [114.2090301513673, 22.531530380249137], [114.2090301513673, 22.53264045715332], [114.20874786376953, 22.53264045715332], [114.20874786376953, 22.533193588256893], [114.2090301513673, 22.533193588256893], [114.2090301513673, 22.533748626709098], [114.20930480957031, 22.533748626709098], [114.20930480957031, 22.53430557250988], [114.20954895019543, 22.53430557250988], [114.21097564697277, 22.53430557250988], [114.21097564697277, 22.53402709960949], [114.2115249633789, 22.53402709960949], [114.2115249633789, 22.533748626709098], [114.21263885498092, 22.533748626709098], [114.21263885498092, 22.53402709960949], [114.2129135131836, 22.53402709960949], [114.2129135131836, 22.53458404541027], [114.21347045898472, 22.53458404541027], [114.21347045898472, 22.53513908386259], [114.21375274658214, 22.53514671325695], [114.21375274658214, 22.535694122314396], [114.21430206298851, 22.535694122314396], [114.21430206298851, 22.5362491607666], [114.21458435058594, 22.5362491607666], [114.21458435058594, 22.536527633666992], [114.21514129638683, 22.536527633666992], [114.21514129638683, 22.537639617920092], [114.21541595458984, 22.537639617920092], [114.21541595458984, 22.539028167724837], [114.21569061279342, 22.539028167724837], [114.21569824218795, 22.539861679077205], [114.21597290039062, 22.539861679077205], [114.21597290039062, 22.5406951904298], [114.21624755859398, 22.5406951904298], [114.21624755859398, 22.54097175598156], [114.21680450439464, 22.54097175598156], [114.21680450439464, 22.54125022888195], [114.21736145019554, 22.54125022888195], [114.21736145019554, 22.541805267333984], [114.21763610839844, 22.541805267333984], [114.21763610839844, 22.542083740234318], [114.2179183959961, 22.542083740234318], [114.2179183959961, 22.542360305786303], [114.21819305419933, 22.542360305786303], [114.21819305419933, 22.54291534423851], [114.21847534179688, 22.54291534423851], [114.21847534179688, 22.543193817138672], [114.21958160400425, 22.543193817138672], [114.21958160400425, 22.543472290039062], [114.21988677978561, 22.543472290039062], [114.2201385498048, 22.543472290039062], [114.2201385498048, 22.543750762939453], [114.2209701538086, 22.543750762939453], [114.2209701538086, 22.543472290039062], [114.22125244140625, 22.543472290039062], [114.22125244140625, 22.543750762939453], [114.22258758544922, 22.543750762939453], [114.22374725341808, 22.543750762939453], [114.22374725341808, 22.543472290039062], [114.22402954101585, 22.543472290039062], [114.22402954101585, 22.543193817138672], [114.22430419921875, 22.543193817138672], [114.22430419921875, 22.542638778686523], [114.2245864868164, 22.542638778686523], [114.2245864868164, 22.542360305786303], [114.22486114501964, 22.542360305786303], [114.22486114501964, 22.54291534423851], [114.22597503662132, 22.54291534423851], [114.22597503662132, 22.543193817138672], [114.22680664062511, 22.543193817138672], [114.22680664062511, 22.543472290039062], [114.22680664062511, 22.545251846313704], [114.22837829589844, 22.547607421874943], [114.22849273681652, 22.547777175903377], [114.22512817382812, 22.55114555358898], [114.2230224609375, 22.551567077636832], [114.2212371826173, 22.552804946899357], [114.22010040283214, 22.55359268188505], [114.21755218505882, 22.555355072021484], [114.21581268310547, 22.555355072021484], [114.21459960937511, 22.555355072021484], [114.21276092529297, 22.555660247802848], [114.20954895019543, 22.55619812011713], [114.20829010009766, 22.556617736816577], [114.2079315185548, 22.556690216064453], [114.20618438720703, 22.557039260864258], [114.20552062988281, 22.556598663330135], [114.20491790771484, 22.55619812011713], [114.20365905761741, 22.556617736816577], [114.2035903930664, 22.556667327880803], [114.2019729614259, 22.557880401611328], [114.2009048461914, 22.557525634765568], [114.2007064819336, 22.557462692260856], [114.19902801513672, 22.557039260864258], [114.19776153564499, 22.557039260864258], [114.19607543945312, 22.55619812011713], [114.19540405273438, 22.55610275268549], [114.19416809082031, 22.555925369262695], [114.19313049316429, 22.555776596069336], [114.19186401367199, 22.554933547973633], [114.1910171508789, 22.55521774292015], [114.19060516357422, 22.555355072021484], [114.18931579589866, 22.555355072021484], [114.18891906738281, 22.555355072021484], [114.18847656250011, 22.55550384521507], [114.18766021728561, 22.555776596069336], [114.18639373779331, 22.55619812011713], [114.18605041503906, 22.55615043640131], [114.18344879150413, 22.555776596069336], [114.18092346191429, 22.555776596069336], [114.17923736572288, 22.556617736816577], [114.1791000366211, 22.557594299316406], [114.17881774902344, 22.55956459045433], [114.17726135253906, 22.56112289428711], [114.17713165283214, 22.561250686645508], [114.17706298828125, 22.561214447021598], [114.17544555664108, 22.560409545898438], [114.17250061035156, 22.560409545898438], [114.17081451416038, 22.560829162597656], [114.16997528076183, 22.561670303344954], [114.16744995117199, 22.561670303344954], [114.16576385498058, 22.55998611450218], [114.16450500488281, 22.55998611450218], [114.16323852539108, 22.561670303344954]]], [[[114.037, 22.325], [114.055, 22.325], [114.06, 22.32], [114.063, 22.312], [114.058, 22.303], [114.048, 22.298], [114.038, 22.3], [114.033, 22.308], [114.033, 22.318], [114.037, 22.325]]]]}, "properties": {"ID_0": 102, "ISO": "HKG", "NAME_ENGLI": "Hong Kong", "NAME_ISO": "HONG KONG", "NAME_FAO": "", "NAME_LOCAL": "Hong Kong", "NAME_OBSOL": "", "NAME_VARIA": "Hongkong", "NAME_NONLA": "", "NAME_FRENC": "Hong-Kong", "NAME_SPANI": "Hong Kong", "NAME_RUSSI": "\u0413\u043e\u043d\u043a\u043e\u043d\u0433", "NAME_ARABI": "\u0647\u0648\u0646\u063a \u0643\u0648\u0646\u063a", "NAME_CHINE": "\u9999\u6e2f", "WASPARTOF": "", "CONTAINS": "", "SOVEREIGN": "China", "ISO2": "HK", "WWW": "", "FIPS": "HK", "ISON": 344, "VALIDFR": "1900", "VALIDTO": "Present", "POP2000": 6859822, "SQKM": 1092, "POPSQKM": 6281.88827839, "UNREGION1": "Eastern Asia", "UNREGION2": "Asia", "DEVELOPING": 1, "CIS": 0, "Transition": 0, "OECD": 0, "WBREGION": "", "WBINCOME": "High income: nonOECD", "WBDEBT": "Debt not classified", "WBOTHER": "", "CEEAC": 0, "CEMAC": 0, "CEPLG": 0, "COMESA": 0, "EAC": 0, "ECOWAS": 0, "IGAD": 0, "IOC": 0, "MRU": 0, "SACU": 0, "UEMOA": 0, "UMA": 0, "PALOP": 0, "PARTA": 0, "CACM": 0, "EurAsEC": 0, "Agadir": 0, "SAARC": 0, "ASEAN": 0, "NAFTA": 0, "GCC": 0, "CSN": 0, "CARICOM": 0, "EU": 0, "CAN": 0, "ACP": 0, "Landlocked": 0, "AOSIS": 0, "SIDS": 0, "Islands": 0, "LDC": 0}}]}